-- Top 200 public vocabulary content v1, part 1.
-- Self-authored learner definitions and examples for words 101-200.
-- Phonetics are manually prepared and marked pending review in pronunciation rows.

INSERT INTO vocabulary_scenarios (id, name_zh, name_en, description, sort_order, publish_status, updated_at) VALUES ('daily', '日常生活', 'Daily life', 'Words useful in ordinary daily situations', 10, 'active', CURRENT_TIMESTAMP) ON CONFLICT(id) DO UPDATE SET name_zh = excluded.name_zh, name_en = excluded.name_en, description = excluded.description, sort_order = excluded.sort_order, publish_status = excluded.publish_status, updated_at = CURRENT_TIMESTAMP;
INSERT INTO vocabulary_scenarios (id, name_zh, name_en, description, sort_order, publish_status, updated_at) VALUES ('study', '学习', 'Study', 'Words useful for learning and school-like contexts', 20, 'active', CURRENT_TIMESTAMP) ON CONFLICT(id) DO UPDATE SET name_zh = excluded.name_zh, name_en = excluded.name_en, description = excluded.description, sort_order = excluded.sort_order, publish_status = excluded.publish_status, updated_at = CURRENT_TIMESTAMP;
INSERT INTO vocabulary_scenarios (id, name_zh, name_en, description, sort_order, publish_status, updated_at) VALUES ('work', '工作', 'Work', 'Words useful in work and professional contexts', 30, 'active', CURRENT_TIMESTAMP) ON CONFLICT(id) DO UPDATE SET name_zh = excluded.name_zh, name_en = excluded.name_en, description = excluded.description, sort_order = excluded.sort_order, publish_status = excluded.publish_status, updated_at = CURRENT_TIMESTAMP;
INSERT INTO vocabulary_scenarios (id, name_zh, name_en, description, sort_order, publish_status, updated_at) VALUES ('communication', '沟通表达', 'Communication', 'Words useful for speaking, asking, explaining, and responding', 40, 'active', CURRENT_TIMESTAMP) ON CONFLICT(id) DO UPDATE SET name_zh = excluded.name_zh, name_en = excluded.name_en, description = excluded.description, sort_order = excluded.sort_order, publish_status = excluded.publish_status, updated_at = CURRENT_TIMESTAMP;
INSERT INTO vocabulary_scenarios (id, name_zh, name_en, description, sort_order, publish_status, updated_at) VALUES ('thinking', '思考判断', 'Thinking', 'Words useful for reasoning, opinions, and understanding', 50, 'active', CURRENT_TIMESTAMP) ON CONFLICT(id) DO UPDATE SET name_zh = excluded.name_zh, name_en = excluded.name_en, description = excluded.description, sort_order = excluded.sort_order, publish_status = excluded.publish_status, updated_at = CURRENT_TIMESTAMP;
INSERT INTO vocabulary_scenarios (id, name_zh, name_en, description, sort_order, publish_status, updated_at) VALUES ('emotion', '情绪态度', 'Emotion', 'Words useful for feelings, preferences, and attitudes', 60, 'active', CURRENT_TIMESTAMP) ON CONFLICT(id) DO UPDATE SET name_zh = excluded.name_zh, name_en = excluded.name_en, description = excluded.description, sort_order = excluded.sort_order, publish_status = excluded.publish_status, updated_at = CURRENT_TIMESTAMP;
INSERT INTO vocabulary_scenarios (id, name_zh, name_en, description, sort_order, publish_status, updated_at) VALUES ('time', '时间顺序', 'Time', 'Words useful for time, order, and sequence', 70, 'active', CURRENT_TIMESTAMP) ON CONFLICT(id) DO UPDATE SET name_zh = excluded.name_zh, name_en = excluded.name_en, description = excluded.description, sort_order = excluded.sort_order, publish_status = excluded.publish_status, updated_at = CURRENT_TIMESTAMP;
INSERT INTO vocabulary_scenarios (id, name_zh, name_en, description, sort_order, publish_status, updated_at) VALUES ('problem-solving', '解决问题', 'Problem solving', 'Words useful for needs, actions, methods, and decisions', 80, 'active', CURRENT_TIMESTAMP) ON CONFLICT(id) DO UPDATE SET name_zh = excluded.name_zh, name_en = excluded.name_en, description = excluded.description, sort_order = excluded.sort_order, publish_status = excluded.publish_status, updated_at = CURRENT_TIMESTAMP;
INSERT INTO vocabulary_scenarios (id, name_zh, name_en, description, sort_order, publish_status, updated_at) VALUES ('family', '家庭关系', 'Family', 'Words useful for family and close relationships', 90, 'active', CURRENT_TIMESTAMP) ON CONFLICT(id) DO UPDATE SET name_zh = excluded.name_zh, name_en = excluded.name_en, description = excluded.description, sort_order = excluded.sort_order, publish_status = excluded.publish_status, updated_at = CURRENT_TIMESTAMP;

UPDATE core_vocabulary SET word = 'last', meaning_zh = '最后的；最近的', definition_en = 'coming after all others, or most recent', primary_part_of_speech = 'adjective', phonetic_us = '/læst/', phonetic_uk = '/lɑːst/', updated_at = CURRENT_TIMESTAMP WHERE id = 'last';
UPDATE vocabulary_pronunciations SET phonetic = CASE accent WHEN 'us' THEN '/læst/' WHEN 'uk' THEN '/lɑːst/' ELSE phonetic END, phonetic_source = 'manual-curation-pending-review', updated_at = CURRENT_TIMESTAMP WHERE vocabulary_id = 'last' AND accent IN ('us', 'uk');
INSERT INTO vocabulary_senses (id, vocabulary_id, word, normalized_word, part_of_speech, meaning_zh, definition_en, usage_note, sense_order, level, publish_status, updated_at) VALUES ('last-sense-1', 'last', 'last', 'last', 'adjective', '最后的；最近的', 'coming after all others, or most recent', 'Self-authored learner sense; pending review.', 1, NULL, 'active', CURRENT_TIMESTAMP) ON CONFLICT(id) DO UPDATE SET word = excluded.word, normalized_word = excluded.normalized_word, part_of_speech = excluded.part_of_speech, meaning_zh = excluded.meaning_zh, definition_en = excluded.definition_en, usage_note = excluded.usage_note, sense_order = excluded.sense_order, publish_status = excluded.publish_status, updated_at = CURRENT_TIMESTAMP;
INSERT INTO vocabulary_examples (id, vocabulary_id, word, normalized_word, sense_id, sentence_en, sentence_zh, source_type, source_ref, difficulty, example_order, publish_status, updated_at) VALUES ('last-example-1', 'last', 'last', 'last', 'last-sense-1', 'This is the last page of the book.', '这是这本书的最后一页。', 'manual', 'top-200-public-content-v1-self-authored', 'easy', 1, 'active', CURRENT_TIMESTAMP) ON CONFLICT(id) DO UPDATE SET word = excluded.word, normalized_word = excluded.normalized_word, sense_id = excluded.sense_id, sentence_en = excluded.sentence_en, sentence_zh = excluded.sentence_zh, source_type = excluded.source_type, source_ref = excluded.source_ref, difficulty = excluded.difficulty, example_order = excluded.example_order, publish_status = excluded.publish_status, updated_at = CURRENT_TIMESTAMP;
INSERT INTO vocabulary_collocations (id, vocabulary_id, word, normalized_word, sense_id, phrase, normalized_phrase, meaning_zh, example_en, example_zh, collocation_type, sort_order, publish_status, updated_at) VALUES ('last-collocation-1', 'last', 'last', 'last', 'last-sense-1', 'last year', 'last year', '', '', '', 'phrase', 1, 'active', CURRENT_TIMESTAMP) ON CONFLICT(id) DO UPDATE SET word = excluded.word, normalized_word = excluded.normalized_word, sense_id = excluded.sense_id, phrase = excluded.phrase, normalized_phrase = excluded.normalized_phrase, collocation_type = excluded.collocation_type, sort_order = excluded.sort_order, publish_status = excluded.publish_status, updated_at = CURRENT_TIMESTAMP;
INSERT INTO vocabulary_collocations (id, vocabulary_id, word, normalized_word, sense_id, phrase, normalized_phrase, meaning_zh, example_en, example_zh, collocation_type, sort_order, publish_status, updated_at) VALUES ('last-collocation-2', 'last', 'last', 'last', 'last-sense-1', 'last week', 'last week', '', '', '', 'phrase', 2, 'active', CURRENT_TIMESTAMP) ON CONFLICT(id) DO UPDATE SET word = excluded.word, normalized_word = excluded.normalized_word, sense_id = excluded.sense_id, phrase = excluded.phrase, normalized_phrase = excluded.normalized_phrase, collocation_type = excluded.collocation_type, sort_order = excluded.sort_order, publish_status = excluded.publish_status, updated_at = CURRENT_TIMESTAMP;
INSERT INTO vocabulary_collocations (id, vocabulary_id, word, normalized_word, sense_id, phrase, normalized_phrase, meaning_zh, example_en, example_zh, collocation_type, sort_order, publish_status, updated_at) VALUES ('last-collocation-3', 'last', 'last', 'last', 'last-sense-1', 'at last', 'at last', '', '', '', 'phrase', 3, 'active', CURRENT_TIMESTAMP) ON CONFLICT(id) DO UPDATE SET word = excluded.word, normalized_word = excluded.normalized_word, sense_id = excluded.sense_id, phrase = excluded.phrase, normalized_phrase = excluded.normalized_phrase, collocation_type = excluded.collocation_type, sort_order = excluded.sort_order, publish_status = excluded.publish_status, updated_at = CURRENT_TIMESTAMP;
INSERT INTO vocabulary_scenario_links (vocabulary_id, word, normalized_word, scenario_id, relevance, created_at) VALUES ('last', 'last', 'last', 'time', 80, CURRENT_TIMESTAMP) ON CONFLICT(vocabulary_id, scenario_id) DO UPDATE SET word = excluded.word, normalized_word = excluded.normalized_word, relevance = excluded.relevance;
INSERT INTO vocabulary_scenario_links (vocabulary_id, word, normalized_word, scenario_id, relevance, created_at) VALUES ('last', 'last', 'last', 'daily', 80, CURRENT_TIMESTAMP) ON CONFLICT(vocabulary_id, scenario_id) DO UPDATE SET word = excluded.word, normalized_word = excluded.normalized_word, relevance = excluded.relevance;

UPDATE core_vocabulary SET word = 'child', meaning_zh = '小孩；儿童', definition_en = 'a young person who is not yet an adult', primary_part_of_speech = 'noun', phonetic_us = '/tʃaɪld/', phonetic_uk = '/tʃaɪld/', updated_at = CURRENT_TIMESTAMP WHERE id = 'child';
UPDATE vocabulary_pronunciations SET phonetic = CASE accent WHEN 'us' THEN '/tʃaɪld/' WHEN 'uk' THEN '/tʃaɪld/' ELSE phonetic END, phonetic_source = 'manual-curation-pending-review', updated_at = CURRENT_TIMESTAMP WHERE vocabulary_id = 'child' AND accent IN ('us', 'uk');
INSERT INTO vocabulary_senses (id, vocabulary_id, word, normalized_word, part_of_speech, meaning_zh, definition_en, usage_note, sense_order, level, publish_status, updated_at) VALUES ('child-sense-1', 'child', 'child', 'child', 'noun', '小孩；儿童', 'a young person who is not yet an adult', 'Self-authored learner sense; pending review.', 1, NULL, 'active', CURRENT_TIMESTAMP) ON CONFLICT(id) DO UPDATE SET word = excluded.word, normalized_word = excluded.normalized_word, part_of_speech = excluded.part_of_speech, meaning_zh = excluded.meaning_zh, definition_en = excluded.definition_en, usage_note = excluded.usage_note, sense_order = excluded.sense_order, publish_status = excluded.publish_status, updated_at = CURRENT_TIMESTAMP;
INSERT INTO vocabulary_examples (id, vocabulary_id, word, normalized_word, sense_id, sentence_en, sentence_zh, source_type, source_ref, difficulty, example_order, publish_status, updated_at) VALUES ('child-example-1', 'child', 'child', 'child', 'child-sense-1', 'The child is playing in the garden.', '那个孩子正在花园里玩。', 'manual', 'top-200-public-content-v1-self-authored', 'easy', 1, 'active', CURRENT_TIMESTAMP) ON CONFLICT(id) DO UPDATE SET word = excluded.word, normalized_word = excluded.normalized_word, sense_id = excluded.sense_id, sentence_en = excluded.sentence_en, sentence_zh = excluded.sentence_zh, source_type = excluded.source_type, source_ref = excluded.source_ref, difficulty = excluded.difficulty, example_order = excluded.example_order, publish_status = excluded.publish_status, updated_at = CURRENT_TIMESTAMP;
INSERT INTO vocabulary_collocations (id, vocabulary_id, word, normalized_word, sense_id, phrase, normalized_phrase, meaning_zh, example_en, example_zh, collocation_type, sort_order, publish_status, updated_at) VALUES ('child-collocation-1', 'child', 'child', 'child', 'child-sense-1', 'young child', 'young child', '', '', '', 'phrase', 1, 'active', CURRENT_TIMESTAMP) ON CONFLICT(id) DO UPDATE SET word = excluded.word, normalized_word = excluded.normalized_word, sense_id = excluded.sense_id, phrase = excluded.phrase, normalized_phrase = excluded.normalized_phrase, collocation_type = excluded.collocation_type, sort_order = excluded.sort_order, publish_status = excluded.publish_status, updated_at = CURRENT_TIMESTAMP;
INSERT INTO vocabulary_collocations (id, vocabulary_id, word, normalized_word, sense_id, phrase, normalized_phrase, meaning_zh, example_en, example_zh, collocation_type, sort_order, publish_status, updated_at) VALUES ('child-collocation-2', 'child', 'child', 'child', 'child-sense-1', 'only child', 'only child', '', '', '', 'phrase', 2, 'active', CURRENT_TIMESTAMP) ON CONFLICT(id) DO UPDATE SET word = excluded.word, normalized_word = excluded.normalized_word, sense_id = excluded.sense_id, phrase = excluded.phrase, normalized_phrase = excluded.normalized_phrase, collocation_type = excluded.collocation_type, sort_order = excluded.sort_order, publish_status = excluded.publish_status, updated_at = CURRENT_TIMESTAMP;
INSERT INTO vocabulary_collocations (id, vocabulary_id, word, normalized_word, sense_id, phrase, normalized_phrase, meaning_zh, example_en, example_zh, collocation_type, sort_order, publish_status, updated_at) VALUES ('child-collocation-3', 'child', 'child', 'child', 'child-sense-1', 'child care', 'child care', '', '', '', 'phrase', 3, 'active', CURRENT_TIMESTAMP) ON CONFLICT(id) DO UPDATE SET word = excluded.word, normalized_word = excluded.normalized_word, sense_id = excluded.sense_id, phrase = excluded.phrase, normalized_phrase = excluded.normalized_phrase, collocation_type = excluded.collocation_type, sort_order = excluded.sort_order, publish_status = excluded.publish_status, updated_at = CURRENT_TIMESTAMP;
INSERT INTO vocabulary_scenario_links (vocabulary_id, word, normalized_word, scenario_id, relevance, created_at) VALUES ('child', 'child', 'child', 'daily', 80, CURRENT_TIMESTAMP) ON CONFLICT(vocabulary_id, scenario_id) DO UPDATE SET word = excluded.word, normalized_word = excluded.normalized_word, relevance = excluded.relevance;
INSERT INTO vocabulary_scenario_links (vocabulary_id, word, normalized_word, scenario_id, relevance, created_at) VALUES ('child', 'child', 'child', 'family', 80, CURRENT_TIMESTAMP) ON CONFLICT(vocabulary_id, scenario_id) DO UPDATE SET word = excluded.word, normalized_word = excluded.normalized_word, relevance = excluded.relevance;

UPDATE core_vocabulary SET word = 'tell', meaning_zh = '告诉；讲述；辨别', definition_en = 'to give information to someone using words', primary_part_of_speech = 'verb', phonetic_us = '/tɛl/', phonetic_uk = '/tel/', updated_at = CURRENT_TIMESTAMP WHERE id = 'tell';
UPDATE vocabulary_pronunciations SET phonetic = CASE accent WHEN 'us' THEN '/tɛl/' WHEN 'uk' THEN '/tel/' ELSE phonetic END, phonetic_source = 'manual-curation-pending-review', updated_at = CURRENT_TIMESTAMP WHERE vocabulary_id = 'tell' AND accent IN ('us', 'uk');
INSERT INTO vocabulary_senses (id, vocabulary_id, word, normalized_word, part_of_speech, meaning_zh, definition_en, usage_note, sense_order, level, publish_status, updated_at) VALUES ('tell-sense-1', 'tell', 'tell', 'tell', 'verb', '告诉；讲述；辨别', 'to give information to someone using words', 'Self-authored learner sense; pending review.', 1, NULL, 'active', CURRENT_TIMESTAMP) ON CONFLICT(id) DO UPDATE SET word = excluded.word, normalized_word = excluded.normalized_word, part_of_speech = excluded.part_of_speech, meaning_zh = excluded.meaning_zh, definition_en = excluded.definition_en, usage_note = excluded.usage_note, sense_order = excluded.sense_order, publish_status = excluded.publish_status, updated_at = CURRENT_TIMESTAMP;
INSERT INTO vocabulary_examples (id, vocabulary_id, word, normalized_word, sense_id, sentence_en, sentence_zh, source_type, source_ref, difficulty, example_order, publish_status, updated_at) VALUES ('tell-example-1', 'tell', 'tell', 'tell', 'tell-sense-1', 'Please tell me your name.', '请告诉我你的名字。', 'manual', 'top-200-public-content-v1-self-authored', 'easy', 1, 'active', CURRENT_TIMESTAMP) ON CONFLICT(id) DO UPDATE SET word = excluded.word, normalized_word = excluded.normalized_word, sense_id = excluded.sense_id, sentence_en = excluded.sentence_en, sentence_zh = excluded.sentence_zh, source_type = excluded.source_type, source_ref = excluded.source_ref, difficulty = excluded.difficulty, example_order = excluded.example_order, publish_status = excluded.publish_status, updated_at = CURRENT_TIMESTAMP;
INSERT INTO vocabulary_collocations (id, vocabulary_id, word, normalized_word, sense_id, phrase, normalized_phrase, meaning_zh, example_en, example_zh, collocation_type, sort_order, publish_status, updated_at) VALUES ('tell-collocation-1', 'tell', 'tell', 'tell', 'tell-sense-1', 'tell someone', 'tell someone', '', '', '', 'phrase', 1, 'active', CURRENT_TIMESTAMP) ON CONFLICT(id) DO UPDATE SET word = excluded.word, normalized_word = excluded.normalized_word, sense_id = excluded.sense_id, phrase = excluded.phrase, normalized_phrase = excluded.normalized_phrase, collocation_type = excluded.collocation_type, sort_order = excluded.sort_order, publish_status = excluded.publish_status, updated_at = CURRENT_TIMESTAMP;
INSERT INTO vocabulary_collocations (id, vocabulary_id, word, normalized_word, sense_id, phrase, normalized_phrase, meaning_zh, example_en, example_zh, collocation_type, sort_order, publish_status, updated_at) VALUES ('tell-collocation-2', 'tell', 'tell', 'tell', 'tell-sense-1', 'tell the truth', 'tell the truth', '', '', '', 'phrase', 2, 'active', CURRENT_TIMESTAMP) ON CONFLICT(id) DO UPDATE SET word = excluded.word, normalized_word = excluded.normalized_word, sense_id = excluded.sense_id, phrase = excluded.phrase, normalized_phrase = excluded.normalized_phrase, collocation_type = excluded.collocation_type, sort_order = excluded.sort_order, publish_status = excluded.publish_status, updated_at = CURRENT_TIMESTAMP;
INSERT INTO vocabulary_collocations (id, vocabulary_id, word, normalized_word, sense_id, phrase, normalized_phrase, meaning_zh, example_en, example_zh, collocation_type, sort_order, publish_status, updated_at) VALUES ('tell-collocation-3', 'tell', 'tell', 'tell', 'tell-sense-1', 'tell a story', 'tell a story', '', '', '', 'phrase', 3, 'active', CURRENT_TIMESTAMP) ON CONFLICT(id) DO UPDATE SET word = excluded.word, normalized_word = excluded.normalized_word, sense_id = excluded.sense_id, phrase = excluded.phrase, normalized_phrase = excluded.normalized_phrase, collocation_type = excluded.collocation_type, sort_order = excluded.sort_order, publish_status = excluded.publish_status, updated_at = CURRENT_TIMESTAMP;
INSERT INTO vocabulary_scenario_links (vocabulary_id, word, normalized_word, scenario_id, relevance, created_at) VALUES ('tell', 'tell', 'tell', 'communication', 80, CURRENT_TIMESTAMP) ON CONFLICT(vocabulary_id, scenario_id) DO UPDATE SET word = excluded.word, normalized_word = excluded.normalized_word, relevance = excluded.relevance;

UPDATE core_vocabulary SET word = 'really', meaning_zh = '真正地；确实；非常', definition_en = 'used to say something is true or to make a statement stronger', primary_part_of_speech = 'adverb', phonetic_us = '/ˈriəli/', phonetic_uk = '/ˈrɪəli/', updated_at = CURRENT_TIMESTAMP WHERE id = 'really';
UPDATE vocabulary_pronunciations SET phonetic = CASE accent WHEN 'us' THEN '/ˈriəli/' WHEN 'uk' THEN '/ˈrɪəli/' ELSE phonetic END, phonetic_source = 'manual-curation-pending-review', updated_at = CURRENT_TIMESTAMP WHERE vocabulary_id = 'really' AND accent IN ('us', 'uk');
INSERT INTO vocabulary_senses (id, vocabulary_id, word, normalized_word, part_of_speech, meaning_zh, definition_en, usage_note, sense_order, level, publish_status, updated_at) VALUES ('really-sense-1', 'really', 'really', 'really', 'adverb', '真正地；确实；非常', 'used to say something is true or to make a statement stronger', 'Self-authored learner sense; pending review.', 1, NULL, 'active', CURRENT_TIMESTAMP) ON CONFLICT(id) DO UPDATE SET word = excluded.word, normalized_word = excluded.normalized_word, part_of_speech = excluded.part_of_speech, meaning_zh = excluded.meaning_zh, definition_en = excluded.definition_en, usage_note = excluded.usage_note, sense_order = excluded.sense_order, publish_status = excluded.publish_status, updated_at = CURRENT_TIMESTAMP;
INSERT INTO vocabulary_examples (id, vocabulary_id, word, normalized_word, sense_id, sentence_en, sentence_zh, source_type, source_ref, difficulty, example_order, publish_status, updated_at) VALUES ('really-example-1', 'really', 'really', 'really', 'really-sense-1', 'I really like this idea.', '我真的喜欢这个想法。', 'manual', 'top-200-public-content-v1-self-authored', 'easy', 1, 'active', CURRENT_TIMESTAMP) ON CONFLICT(id) DO UPDATE SET word = excluded.word, normalized_word = excluded.normalized_word, sense_id = excluded.sense_id, sentence_en = excluded.sentence_en, sentence_zh = excluded.sentence_zh, source_type = excluded.source_type, source_ref = excluded.source_ref, difficulty = excluded.difficulty, example_order = excluded.example_order, publish_status = excluded.publish_status, updated_at = CURRENT_TIMESTAMP;
INSERT INTO vocabulary_collocations (id, vocabulary_id, word, normalized_word, sense_id, phrase, normalized_phrase, meaning_zh, example_en, example_zh, collocation_type, sort_order, publish_status, updated_at) VALUES ('really-collocation-1', 'really', 'really', 'really', 'really-sense-1', 'really good', 'really good', '', '', '', 'phrase', 1, 'active', CURRENT_TIMESTAMP) ON CONFLICT(id) DO UPDATE SET word = excluded.word, normalized_word = excluded.normalized_word, sense_id = excluded.sense_id, phrase = excluded.phrase, normalized_phrase = excluded.normalized_phrase, collocation_type = excluded.collocation_type, sort_order = excluded.sort_order, publish_status = excluded.publish_status, updated_at = CURRENT_TIMESTAMP;
INSERT INTO vocabulary_collocations (id, vocabulary_id, word, normalized_word, sense_id, phrase, normalized_phrase, meaning_zh, example_en, example_zh, collocation_type, sort_order, publish_status, updated_at) VALUES ('really-collocation-2', 'really', 'really', 'really', 'really-sense-1', 'really need', 'really need', '', '', '', 'phrase', 2, 'active', CURRENT_TIMESTAMP) ON CONFLICT(id) DO UPDATE SET word = excluded.word, normalized_word = excluded.normalized_word, sense_id = excluded.sense_id, phrase = excluded.phrase, normalized_phrase = excluded.normalized_phrase, collocation_type = excluded.collocation_type, sort_order = excluded.sort_order, publish_status = excluded.publish_status, updated_at = CURRENT_TIMESTAMP;
INSERT INTO vocabulary_collocations (id, vocabulary_id, word, normalized_word, sense_id, phrase, normalized_phrase, meaning_zh, example_en, example_zh, collocation_type, sort_order, publish_status, updated_at) VALUES ('really-collocation-3', 'really', 'really', 'really', 'really-sense-1', 'not really', 'not really', '', '', '', 'phrase', 3, 'active', CURRENT_TIMESTAMP) ON CONFLICT(id) DO UPDATE SET word = excluded.word, normalized_word = excluded.normalized_word, sense_id = excluded.sense_id, phrase = excluded.phrase, normalized_phrase = excluded.normalized_phrase, collocation_type = excluded.collocation_type, sort_order = excluded.sort_order, publish_status = excluded.publish_status, updated_at = CURRENT_TIMESTAMP;
INSERT INTO vocabulary_scenario_links (vocabulary_id, word, normalized_word, scenario_id, relevance, created_at) VALUES ('really', 'really', 'really', 'communication', 80, CURRENT_TIMESTAMP) ON CONFLICT(vocabulary_id, scenario_id) DO UPDATE SET word = excluded.word, normalized_word = excluded.normalized_word, relevance = excluded.relevance;
INSERT INTO vocabulary_scenario_links (vocabulary_id, word, normalized_word, scenario_id, relevance, created_at) VALUES ('really', 'really', 'really', 'emotion', 80, CURRENT_TIMESTAMP) ON CONFLICT(vocabulary_id, scenario_id) DO UPDATE SET word = excluded.word, normalized_word = excluded.normalized_word, relevance = excluded.relevance;

UPDATE core_vocabulary SET word = 'call', meaning_zh = '打电话；叫；称呼', definition_en = 'to phone someone, shout to someone, or give someone a name', primary_part_of_speech = 'verb', phonetic_us = '/kɔl/', phonetic_uk = '/kɔːl/', updated_at = CURRENT_TIMESTAMP WHERE id = 'call';
UPDATE vocabulary_pronunciations SET phonetic = CASE accent WHEN 'us' THEN '/kɔl/' WHEN 'uk' THEN '/kɔːl/' ELSE phonetic END, phonetic_source = 'manual-curation-pending-review', updated_at = CURRENT_TIMESTAMP WHERE vocabulary_id = 'call' AND accent IN ('us', 'uk');
INSERT INTO vocabulary_senses (id, vocabulary_id, word, normalized_word, part_of_speech, meaning_zh, definition_en, usage_note, sense_order, level, publish_status, updated_at) VALUES ('call-sense-1', 'call', 'call', 'call', 'verb', '打电话；叫；称呼', 'to phone someone, shout to someone, or give someone a name', 'Self-authored learner sense; pending review.', 1, NULL, 'active', CURRENT_TIMESTAMP) ON CONFLICT(id) DO UPDATE SET word = excluded.word, normalized_word = excluded.normalized_word, part_of_speech = excluded.part_of_speech, meaning_zh = excluded.meaning_zh, definition_en = excluded.definition_en, usage_note = excluded.usage_note, sense_order = excluded.sense_order, publish_status = excluded.publish_status, updated_at = CURRENT_TIMESTAMP;
INSERT INTO vocabulary_examples (id, vocabulary_id, word, normalized_word, sense_id, sentence_en, sentence_zh, source_type, source_ref, difficulty, example_order, publish_status, updated_at) VALUES ('call-example-1', 'call', 'call', 'call', 'call-sense-1', 'I will call you tonight.', '我今晚会给你打电话。', 'manual', 'top-200-public-content-v1-self-authored', 'easy', 1, 'active', CURRENT_TIMESTAMP) ON CONFLICT(id) DO UPDATE SET word = excluded.word, normalized_word = excluded.normalized_word, sense_id = excluded.sense_id, sentence_en = excluded.sentence_en, sentence_zh = excluded.sentence_zh, source_type = excluded.source_type, source_ref = excluded.source_ref, difficulty = excluded.difficulty, example_order = excluded.example_order, publish_status = excluded.publish_status, updated_at = CURRENT_TIMESTAMP;
INSERT INTO vocabulary_collocations (id, vocabulary_id, word, normalized_word, sense_id, phrase, normalized_phrase, meaning_zh, example_en, example_zh, collocation_type, sort_order, publish_status, updated_at) VALUES ('call-collocation-1', 'call', 'call', 'call', 'call-sense-1', 'call back', 'call back', '', '', '', 'phrase', 1, 'active', CURRENT_TIMESTAMP) ON CONFLICT(id) DO UPDATE SET word = excluded.word, normalized_word = excluded.normalized_word, sense_id = excluded.sense_id, phrase = excluded.phrase, normalized_phrase = excluded.normalized_phrase, collocation_type = excluded.collocation_type, sort_order = excluded.sort_order, publish_status = excluded.publish_status, updated_at = CURRENT_TIMESTAMP;
INSERT INTO vocabulary_collocations (id, vocabulary_id, word, normalized_word, sense_id, phrase, normalized_phrase, meaning_zh, example_en, example_zh, collocation_type, sort_order, publish_status, updated_at) VALUES ('call-collocation-2', 'call', 'call', 'call', 'call-sense-1', 'call someone', 'call someone', '', '', '', 'phrase', 2, 'active', CURRENT_TIMESTAMP) ON CONFLICT(id) DO UPDATE SET word = excluded.word, normalized_word = excluded.normalized_word, sense_id = excluded.sense_id, phrase = excluded.phrase, normalized_phrase = excluded.normalized_phrase, collocation_type = excluded.collocation_type, sort_order = excluded.sort_order, publish_status = excluded.publish_status, updated_at = CURRENT_TIMESTAMP;
INSERT INTO vocabulary_collocations (id, vocabulary_id, word, normalized_word, sense_id, phrase, normalized_phrase, meaning_zh, example_en, example_zh, collocation_type, sort_order, publish_status, updated_at) VALUES ('call-collocation-3', 'call', 'call', 'call', 'call-sense-1', 'phone call', 'phone call', '', '', '', 'phrase', 3, 'active', CURRENT_TIMESTAMP) ON CONFLICT(id) DO UPDATE SET word = excluded.word, normalized_word = excluded.normalized_word, sense_id = excluded.sense_id, phrase = excluded.phrase, normalized_phrase = excluded.normalized_phrase, collocation_type = excluded.collocation_type, sort_order = excluded.sort_order, publish_status = excluded.publish_status, updated_at = CURRENT_TIMESTAMP;
INSERT INTO vocabulary_scenario_links (vocabulary_id, word, normalized_word, scenario_id, relevance, created_at) VALUES ('call', 'call', 'call', 'communication', 80, CURRENT_TIMESTAMP) ON CONFLICT(vocabulary_id, scenario_id) DO UPDATE SET word = excluded.word, normalized_word = excluded.normalized_word, relevance = excluded.relevance;
INSERT INTO vocabulary_scenario_links (vocabulary_id, word, normalized_word, scenario_id, relevance, created_at) VALUES ('call', 'call', 'call', 'daily', 80, CURRENT_TIMESTAMP) ON CONFLICT(vocabulary_id, scenario_id) DO UPDATE SET word = excluded.word, normalized_word = excluded.normalized_word, relevance = excluded.relevance;

UPDATE core_vocabulary SET word = 'before', meaning_zh = '以前；在……之前', definition_en = 'earlier than a time, event, or person', primary_part_of_speech = 'adverb', phonetic_us = '/bɪˈfɔr/', phonetic_uk = '/bɪˈfɔː/', updated_at = CURRENT_TIMESTAMP WHERE id = 'before';
UPDATE vocabulary_pronunciations SET phonetic = CASE accent WHEN 'us' THEN '/bɪˈfɔr/' WHEN 'uk' THEN '/bɪˈfɔː/' ELSE phonetic END, phonetic_source = 'manual-curation-pending-review', updated_at = CURRENT_TIMESTAMP WHERE vocabulary_id = 'before' AND accent IN ('us', 'uk');
INSERT INTO vocabulary_senses (id, vocabulary_id, word, normalized_word, part_of_speech, meaning_zh, definition_en, usage_note, sense_order, level, publish_status, updated_at) VALUES ('before-sense-1', 'before', 'before', 'before', 'adverb', '以前；在……之前', 'earlier than a time, event, or person', 'Self-authored learner sense; pending review.', 1, NULL, 'active', CURRENT_TIMESTAMP) ON CONFLICT(id) DO UPDATE SET word = excluded.word, normalized_word = excluded.normalized_word, part_of_speech = excluded.part_of_speech, meaning_zh = excluded.meaning_zh, definition_en = excluded.definition_en, usage_note = excluded.usage_note, sense_order = excluded.sense_order, publish_status = excluded.publish_status, updated_at = CURRENT_TIMESTAMP;
INSERT INTO vocabulary_examples (id, vocabulary_id, word, normalized_word, sense_id, sentence_en, sentence_zh, source_type, source_ref, difficulty, example_order, publish_status, updated_at) VALUES ('before-example-1', 'before', 'before', 'before', 'before-sense-1', 'Wash your hands before dinner.', '晚饭前洗手。', 'manual', 'top-200-public-content-v1-self-authored', 'easy', 1, 'active', CURRENT_TIMESTAMP) ON CONFLICT(id) DO UPDATE SET word = excluded.word, normalized_word = excluded.normalized_word, sense_id = excluded.sense_id, sentence_en = excluded.sentence_en, sentence_zh = excluded.sentence_zh, source_type = excluded.source_type, source_ref = excluded.source_ref, difficulty = excluded.difficulty, example_order = excluded.example_order, publish_status = excluded.publish_status, updated_at = CURRENT_TIMESTAMP;
INSERT INTO vocabulary_collocations (id, vocabulary_id, word, normalized_word, sense_id, phrase, normalized_phrase, meaning_zh, example_en, example_zh, collocation_type, sort_order, publish_status, updated_at) VALUES ('before-collocation-1', 'before', 'before', 'before', 'before-sense-1', 'before that', 'before that', '', '', '', 'phrase', 1, 'active', CURRENT_TIMESTAMP) ON CONFLICT(id) DO UPDATE SET word = excluded.word, normalized_word = excluded.normalized_word, sense_id = excluded.sense_id, phrase = excluded.phrase, normalized_phrase = excluded.normalized_phrase, collocation_type = excluded.collocation_type, sort_order = excluded.sort_order, publish_status = excluded.publish_status, updated_at = CURRENT_TIMESTAMP;
INSERT INTO vocabulary_collocations (id, vocabulary_id, word, normalized_word, sense_id, phrase, normalized_phrase, meaning_zh, example_en, example_zh, collocation_type, sort_order, publish_status, updated_at) VALUES ('before-collocation-2', 'before', 'before', 'before', 'before-sense-1', 'before long', 'before long', '', '', '', 'phrase', 2, 'active', CURRENT_TIMESTAMP) ON CONFLICT(id) DO UPDATE SET word = excluded.word, normalized_word = excluded.normalized_word, sense_id = excluded.sense_id, phrase = excluded.phrase, normalized_phrase = excluded.normalized_phrase, collocation_type = excluded.collocation_type, sort_order = excluded.sort_order, publish_status = excluded.publish_status, updated_at = CURRENT_TIMESTAMP;
INSERT INTO vocabulary_collocations (id, vocabulary_id, word, normalized_word, sense_id, phrase, normalized_phrase, meaning_zh, example_en, example_zh, collocation_type, sort_order, publish_status, updated_at) VALUES ('before-collocation-3', 'before', 'before', 'before', 'before-sense-1', 'the day before', 'the day before', '', '', '', 'phrase', 3, 'active', CURRENT_TIMESTAMP) ON CONFLICT(id) DO UPDATE SET word = excluded.word, normalized_word = excluded.normalized_word, sense_id = excluded.sense_id, phrase = excluded.phrase, normalized_phrase = excluded.normalized_phrase, collocation_type = excluded.collocation_type, sort_order = excluded.sort_order, publish_status = excluded.publish_status, updated_at = CURRENT_TIMESTAMP;
INSERT INTO vocabulary_scenario_links (vocabulary_id, word, normalized_word, scenario_id, relevance, created_at) VALUES ('before', 'before', 'before', 'time', 80, CURRENT_TIMESTAMP) ON CONFLICT(vocabulary_id, scenario_id) DO UPDATE SET word = excluded.word, normalized_word = excluded.normalized_word, relevance = excluded.relevance;
INSERT INTO vocabulary_scenario_links (vocabulary_id, word, normalized_word, scenario_id, relevance, created_at) VALUES ('before', 'before', 'before', 'daily', 80, CURRENT_TIMESTAMP) ON CONFLICT(vocabulary_id, scenario_id) DO UPDATE SET word = excluded.word, normalized_word = excluded.normalized_word, relevance = excluded.relevance;

UPDATE core_vocabulary SET word = 'company', meaning_zh = '公司；陪伴', definition_en = 'a business organization, or the state of being with someone', primary_part_of_speech = 'noun', phonetic_us = '/ˈkʌmpəni/', phonetic_uk = '/ˈkʌmpəni/', updated_at = CURRENT_TIMESTAMP WHERE id = 'company';
UPDATE vocabulary_pronunciations SET phonetic = CASE accent WHEN 'us' THEN '/ˈkʌmpəni/' WHEN 'uk' THEN '/ˈkʌmpəni/' ELSE phonetic END, phonetic_source = 'manual-curation-pending-review', updated_at = CURRENT_TIMESTAMP WHERE vocabulary_id = 'company' AND accent IN ('us', 'uk');
INSERT INTO vocabulary_senses (id, vocabulary_id, word, normalized_word, part_of_speech, meaning_zh, definition_en, usage_note, sense_order, level, publish_status, updated_at) VALUES ('company-sense-1', 'company', 'company', 'company', 'noun', '公司；陪伴', 'a business organization, or the state of being with someone', 'Self-authored learner sense; pending review.', 1, NULL, 'active', CURRENT_TIMESTAMP) ON CONFLICT(id) DO UPDATE SET word = excluded.word, normalized_word = excluded.normalized_word, part_of_speech = excluded.part_of_speech, meaning_zh = excluded.meaning_zh, definition_en = excluded.definition_en, usage_note = excluded.usage_note, sense_order = excluded.sense_order, publish_status = excluded.publish_status, updated_at = CURRENT_TIMESTAMP;
INSERT INTO vocabulary_examples (id, vocabulary_id, word, normalized_word, sense_id, sentence_en, sentence_zh, source_type, source_ref, difficulty, example_order, publish_status, updated_at) VALUES ('company-example-1', 'company', 'company', 'company', 'company-sense-1', 'She works for a small company.', '她在一家小公司工作。', 'manual', 'top-200-public-content-v1-self-authored', 'easy', 1, 'active', CURRENT_TIMESTAMP) ON CONFLICT(id) DO UPDATE SET word = excluded.word, normalized_word = excluded.normalized_word, sense_id = excluded.sense_id, sentence_en = excluded.sentence_en, sentence_zh = excluded.sentence_zh, source_type = excluded.source_type, source_ref = excluded.source_ref, difficulty = excluded.difficulty, example_order = excluded.example_order, publish_status = excluded.publish_status, updated_at = CURRENT_TIMESTAMP;
INSERT INTO vocabulary_collocations (id, vocabulary_id, word, normalized_word, sense_id, phrase, normalized_phrase, meaning_zh, example_en, example_zh, collocation_type, sort_order, publish_status, updated_at) VALUES ('company-collocation-1', 'company', 'company', 'company', 'company-sense-1', 'small company', 'small company', '', '', '', 'phrase', 1, 'active', CURRENT_TIMESTAMP) ON CONFLICT(id) DO UPDATE SET word = excluded.word, normalized_word = excluded.normalized_word, sense_id = excluded.sense_id, phrase = excluded.phrase, normalized_phrase = excluded.normalized_phrase, collocation_type = excluded.collocation_type, sort_order = excluded.sort_order, publish_status = excluded.publish_status, updated_at = CURRENT_TIMESTAMP;
INSERT INTO vocabulary_collocations (id, vocabulary_id, word, normalized_word, sense_id, phrase, normalized_phrase, meaning_zh, example_en, example_zh, collocation_type, sort_order, publish_status, updated_at) VALUES ('company-collocation-2', 'company', 'company', 'company', 'company-sense-1', 'company name', 'company name', '', '', '', 'phrase', 2, 'active', CURRENT_TIMESTAMP) ON CONFLICT(id) DO UPDATE SET word = excluded.word, normalized_word = excluded.normalized_word, sense_id = excluded.sense_id, phrase = excluded.phrase, normalized_phrase = excluded.normalized_phrase, collocation_type = excluded.collocation_type, sort_order = excluded.sort_order, publish_status = excluded.publish_status, updated_at = CURRENT_TIMESTAMP;
INSERT INTO vocabulary_collocations (id, vocabulary_id, word, normalized_word, sense_id, phrase, normalized_phrase, meaning_zh, example_en, example_zh, collocation_type, sort_order, publish_status, updated_at) VALUES ('company-collocation-3', 'company', 'company', 'company', 'company-sense-1', 'keep someone company', 'keep someone company', '', '', '', 'phrase', 3, 'active', CURRENT_TIMESTAMP) ON CONFLICT(id) DO UPDATE SET word = excluded.word, normalized_word = excluded.normalized_word, sense_id = excluded.sense_id, phrase = excluded.phrase, normalized_phrase = excluded.normalized_phrase, collocation_type = excluded.collocation_type, sort_order = excluded.sort_order, publish_status = excluded.publish_status, updated_at = CURRENT_TIMESTAMP;
INSERT INTO vocabulary_scenario_links (vocabulary_id, word, normalized_word, scenario_id, relevance, created_at) VALUES ('company', 'company', 'company', 'work', 80, CURRENT_TIMESTAMP) ON CONFLICT(vocabulary_id, scenario_id) DO UPDATE SET word = excluded.word, normalized_word = excluded.normalized_word, relevance = excluded.relevance;

UPDATE core_vocabulary SET word = 'through', meaning_zh = '穿过；通过；从头到尾', definition_en = 'from one side, end, or stage to another', primary_part_of_speech = 'preposition', phonetic_us = '/θru/', phonetic_uk = '/θruː/', updated_at = CURRENT_TIMESTAMP WHERE id = 'through';
UPDATE vocabulary_pronunciations SET phonetic = CASE accent WHEN 'us' THEN '/θru/' WHEN 'uk' THEN '/θruː/' ELSE phonetic END, phonetic_source = 'manual-curation-pending-review', updated_at = CURRENT_TIMESTAMP WHERE vocabulary_id = 'through' AND accent IN ('us', 'uk');
INSERT INTO vocabulary_senses (id, vocabulary_id, word, normalized_word, part_of_speech, meaning_zh, definition_en, usage_note, sense_order, level, publish_status, updated_at) VALUES ('through-sense-1', 'through', 'through', 'through', 'preposition', '穿过；通过；从头到尾', 'from one side, end, or stage to another', 'Self-authored learner sense; pending review.', 1, NULL, 'active', CURRENT_TIMESTAMP) ON CONFLICT(id) DO UPDATE SET word = excluded.word, normalized_word = excluded.normalized_word, part_of_speech = excluded.part_of_speech, meaning_zh = excluded.meaning_zh, definition_en = excluded.definition_en, usage_note = excluded.usage_note, sense_order = excluded.sense_order, publish_status = excluded.publish_status, updated_at = CURRENT_TIMESTAMP;
INSERT INTO vocabulary_examples (id, vocabulary_id, word, normalized_word, sense_id, sentence_en, sentence_zh, source_type, source_ref, difficulty, example_order, publish_status, updated_at) VALUES ('through-example-1', 'through', 'through', 'through', 'through-sense-1', 'We walked through the park.', '我们穿过了公园。', 'manual', 'top-200-public-content-v1-self-authored', 'easy', 1, 'active', CURRENT_TIMESTAMP) ON CONFLICT(id) DO UPDATE SET word = excluded.word, normalized_word = excluded.normalized_word, sense_id = excluded.sense_id, sentence_en = excluded.sentence_en, sentence_zh = excluded.sentence_zh, source_type = excluded.source_type, source_ref = excluded.source_ref, difficulty = excluded.difficulty, example_order = excluded.example_order, publish_status = excluded.publish_status, updated_at = CURRENT_TIMESTAMP;
INSERT INTO vocabulary_collocations (id, vocabulary_id, word, normalized_word, sense_id, phrase, normalized_phrase, meaning_zh, example_en, example_zh, collocation_type, sort_order, publish_status, updated_at) VALUES ('through-collocation-1', 'through', 'through', 'through', 'through-sense-1', 'go through', 'go through', '', '', '', 'phrase', 1, 'active', CURRENT_TIMESTAMP) ON CONFLICT(id) DO UPDATE SET word = excluded.word, normalized_word = excluded.normalized_word, sense_id = excluded.sense_id, phrase = excluded.phrase, normalized_phrase = excluded.normalized_phrase, collocation_type = excluded.collocation_type, sort_order = excluded.sort_order, publish_status = excluded.publish_status, updated_at = CURRENT_TIMESTAMP;
INSERT INTO vocabulary_collocations (id, vocabulary_id, word, normalized_word, sense_id, phrase, normalized_phrase, meaning_zh, example_en, example_zh, collocation_type, sort_order, publish_status, updated_at) VALUES ('through-collocation-2', 'through', 'through', 'through', 'through-sense-1', 'through the door', 'through the door', '', '', '', 'phrase', 2, 'active', CURRENT_TIMESTAMP) ON CONFLICT(id) DO UPDATE SET word = excluded.word, normalized_word = excluded.normalized_word, sense_id = excluded.sense_id, phrase = excluded.phrase, normalized_phrase = excluded.normalized_phrase, collocation_type = excluded.collocation_type, sort_order = excluded.sort_order, publish_status = excluded.publish_status, updated_at = CURRENT_TIMESTAMP;
INSERT INTO vocabulary_collocations (id, vocabulary_id, word, normalized_word, sense_id, phrase, normalized_phrase, meaning_zh, example_en, example_zh, collocation_type, sort_order, publish_status, updated_at) VALUES ('through-collocation-3', 'through', 'through', 'through', 'through-sense-1', 'through the years', 'through the years', '', '', '', 'phrase', 3, 'active', CURRENT_TIMESTAMP) ON CONFLICT(id) DO UPDATE SET word = excluded.word, normalized_word = excluded.normalized_word, sense_id = excluded.sense_id, phrase = excluded.phrase, normalized_phrase = excluded.normalized_phrase, collocation_type = excluded.collocation_type, sort_order = excluded.sort_order, publish_status = excluded.publish_status, updated_at = CURRENT_TIMESTAMP;
INSERT INTO vocabulary_scenario_links (vocabulary_id, word, normalized_word, scenario_id, relevance, created_at) VALUES ('through', 'through', 'through', 'daily', 80, CURRENT_TIMESTAMP) ON CONFLICT(vocabulary_id, scenario_id) DO UPDATE SET word = excluded.word, normalized_word = excluded.normalized_word, relevance = excluded.relevance;
INSERT INTO vocabulary_scenario_links (vocabulary_id, word, normalized_word, scenario_id, relevance, created_at) VALUES ('through', 'through', 'through', 'problem-solving', 80, CURRENT_TIMESTAMP) ON CONFLICT(vocabulary_id, scenario_id) DO UPDATE SET word = excluded.word, normalized_word = excluded.normalized_word, relevance = excluded.relevance;

UPDATE core_vocabulary SET word = 'down', meaning_zh = '向下；在下面；降低', definition_en = 'toward or in a lower place or position', primary_part_of_speech = 'adverb', phonetic_us = '/daʊn/', phonetic_uk = '/daʊn/', updated_at = CURRENT_TIMESTAMP WHERE id = 'down';
UPDATE vocabulary_pronunciations SET phonetic = CASE accent WHEN 'us' THEN '/daʊn/' WHEN 'uk' THEN '/daʊn/' ELSE phonetic END, phonetic_source = 'manual-curation-pending-review', updated_at = CURRENT_TIMESTAMP WHERE vocabulary_id = 'down' AND accent IN ('us', 'uk');
INSERT INTO vocabulary_senses (id, vocabulary_id, word, normalized_word, part_of_speech, meaning_zh, definition_en, usage_note, sense_order, level, publish_status, updated_at) VALUES ('down-sense-1', 'down', 'down', 'down', 'adverb', '向下；在下面；降低', 'toward or in a lower place or position', 'Self-authored learner sense; pending review.', 1, NULL, 'active', CURRENT_TIMESTAMP) ON CONFLICT(id) DO UPDATE SET word = excluded.word, normalized_word = excluded.normalized_word, part_of_speech = excluded.part_of_speech, meaning_zh = excluded.meaning_zh, definition_en = excluded.definition_en, usage_note = excluded.usage_note, sense_order = excluded.sense_order, publish_status = excluded.publish_status, updated_at = CURRENT_TIMESTAMP;
INSERT INTO vocabulary_examples (id, vocabulary_id, word, normalized_word, sense_id, sentence_en, sentence_zh, source_type, source_ref, difficulty, example_order, publish_status, updated_at) VALUES ('down-example-1', 'down', 'down', 'down', 'down-sense-1', 'Please sit down.', '请坐下。', 'manual', 'top-200-public-content-v1-self-authored', 'easy', 1, 'active', CURRENT_TIMESTAMP) ON CONFLICT(id) DO UPDATE SET word = excluded.word, normalized_word = excluded.normalized_word, sense_id = excluded.sense_id, sentence_en = excluded.sentence_en, sentence_zh = excluded.sentence_zh, source_type = excluded.source_type, source_ref = excluded.source_ref, difficulty = excluded.difficulty, example_order = excluded.example_order, publish_status = excluded.publish_status, updated_at = CURRENT_TIMESTAMP;
INSERT INTO vocabulary_collocations (id, vocabulary_id, word, normalized_word, sense_id, phrase, normalized_phrase, meaning_zh, example_en, example_zh, collocation_type, sort_order, publish_status, updated_at) VALUES ('down-collocation-1', 'down', 'down', 'down', 'down-sense-1', 'sit down', 'sit down', '', '', '', 'phrase', 1, 'active', CURRENT_TIMESTAMP) ON CONFLICT(id) DO UPDATE SET word = excluded.word, normalized_word = excluded.normalized_word, sense_id = excluded.sense_id, phrase = excluded.phrase, normalized_phrase = excluded.normalized_phrase, collocation_type = excluded.collocation_type, sort_order = excluded.sort_order, publish_status = excluded.publish_status, updated_at = CURRENT_TIMESTAMP;
INSERT INTO vocabulary_collocations (id, vocabulary_id, word, normalized_word, sense_id, phrase, normalized_phrase, meaning_zh, example_en, example_zh, collocation_type, sort_order, publish_status, updated_at) VALUES ('down-collocation-2', 'down', 'down', 'down', 'down-sense-1', 'go down', 'go down', '', '', '', 'phrase', 2, 'active', CURRENT_TIMESTAMP) ON CONFLICT(id) DO UPDATE SET word = excluded.word, normalized_word = excluded.normalized_word, sense_id = excluded.sense_id, phrase = excluded.phrase, normalized_phrase = excluded.normalized_phrase, collocation_type = excluded.collocation_type, sort_order = excluded.sort_order, publish_status = excluded.publish_status, updated_at = CURRENT_TIMESTAMP;
INSERT INTO vocabulary_collocations (id, vocabulary_id, word, normalized_word, sense_id, phrase, normalized_phrase, meaning_zh, example_en, example_zh, collocation_type, sort_order, publish_status, updated_at) VALUES ('down-collocation-3', 'down', 'down', 'down', 'down-sense-1', 'write down', 'write down', '', '', '', 'phrase', 3, 'active', CURRENT_TIMESTAMP) ON CONFLICT(id) DO UPDATE SET word = excluded.word, normalized_word = excluded.normalized_word, sense_id = excluded.sense_id, phrase = excluded.phrase, normalized_phrase = excluded.normalized_phrase, collocation_type = excluded.collocation_type, sort_order = excluded.sort_order, publish_status = excluded.publish_status, updated_at = CURRENT_TIMESTAMP;
INSERT INTO vocabulary_scenario_links (vocabulary_id, word, normalized_word, scenario_id, relevance, created_at) VALUES ('down', 'down', 'down', 'daily', 80, CURRENT_TIMESTAMP) ON CONFLICT(vocabulary_id, scenario_id) DO UPDATE SET word = excluded.word, normalized_word = excluded.normalized_word, relevance = excluded.relevance;

UPDATE core_vocabulary SET word = 'show', meaning_zh = '展示；表明；给……看', definition_en = 'to let someone see something or to make something clear', primary_part_of_speech = 'verb', phonetic_us = '/ʃoʊ/', phonetic_uk = '/ʃəʊ/', updated_at = CURRENT_TIMESTAMP WHERE id = 'show';
UPDATE vocabulary_pronunciations SET phonetic = CASE accent WHEN 'us' THEN '/ʃoʊ/' WHEN 'uk' THEN '/ʃəʊ/' ELSE phonetic END, phonetic_source = 'manual-curation-pending-review', updated_at = CURRENT_TIMESTAMP WHERE vocabulary_id = 'show' AND accent IN ('us', 'uk');
INSERT INTO vocabulary_senses (id, vocabulary_id, word, normalized_word, part_of_speech, meaning_zh, definition_en, usage_note, sense_order, level, publish_status, updated_at) VALUES ('show-sense-1', 'show', 'show', 'show', 'verb', '展示；表明；给……看', 'to let someone see something or to make something clear', 'Self-authored learner sense; pending review.', 1, NULL, 'active', CURRENT_TIMESTAMP) ON CONFLICT(id) DO UPDATE SET word = excluded.word, normalized_word = excluded.normalized_word, part_of_speech = excluded.part_of_speech, meaning_zh = excluded.meaning_zh, definition_en = excluded.definition_en, usage_note = excluded.usage_note, sense_order = excluded.sense_order, publish_status = excluded.publish_status, updated_at = CURRENT_TIMESTAMP;
INSERT INTO vocabulary_examples (id, vocabulary_id, word, normalized_word, sense_id, sentence_en, sentence_zh, source_type, source_ref, difficulty, example_order, publish_status, updated_at) VALUES ('show-example-1', 'show', 'show', 'show', 'show-sense-1', 'Can you show me the way?', '你能给我指路吗？', 'manual', 'top-200-public-content-v1-self-authored', 'easy', 1, 'active', CURRENT_TIMESTAMP) ON CONFLICT(id) DO UPDATE SET word = excluded.word, normalized_word = excluded.normalized_word, sense_id = excluded.sense_id, sentence_en = excluded.sentence_en, sentence_zh = excluded.sentence_zh, source_type = excluded.source_type, source_ref = excluded.source_ref, difficulty = excluded.difficulty, example_order = excluded.example_order, publish_status = excluded.publish_status, updated_at = CURRENT_TIMESTAMP;
INSERT INTO vocabulary_collocations (id, vocabulary_id, word, normalized_word, sense_id, phrase, normalized_phrase, meaning_zh, example_en, example_zh, collocation_type, sort_order, publish_status, updated_at) VALUES ('show-collocation-1', 'show', 'show', 'show', 'show-sense-1', 'show someone', 'show someone', '', '', '', 'phrase', 1, 'active', CURRENT_TIMESTAMP) ON CONFLICT(id) DO UPDATE SET word = excluded.word, normalized_word = excluded.normalized_word, sense_id = excluded.sense_id, phrase = excluded.phrase, normalized_phrase = excluded.normalized_phrase, collocation_type = excluded.collocation_type, sort_order = excluded.sort_order, publish_status = excluded.publish_status, updated_at = CURRENT_TIMESTAMP;
INSERT INTO vocabulary_collocations (id, vocabulary_id, word, normalized_word, sense_id, phrase, normalized_phrase, meaning_zh, example_en, example_zh, collocation_type, sort_order, publish_status, updated_at) VALUES ('show-collocation-2', 'show', 'show', 'show', 'show-sense-1', 'show up', 'show up', '', '', '', 'phrase', 2, 'active', CURRENT_TIMESTAMP) ON CONFLICT(id) DO UPDATE SET word = excluded.word, normalized_word = excluded.normalized_word, sense_id = excluded.sense_id, phrase = excluded.phrase, normalized_phrase = excluded.normalized_phrase, collocation_type = excluded.collocation_type, sort_order = excluded.sort_order, publish_status = excluded.publish_status, updated_at = CURRENT_TIMESTAMP;
INSERT INTO vocabulary_collocations (id, vocabulary_id, word, normalized_word, sense_id, phrase, normalized_phrase, meaning_zh, example_en, example_zh, collocation_type, sort_order, publish_status, updated_at) VALUES ('show-collocation-3', 'show', 'show', 'show', 'show-sense-1', 'show how', 'show how', '', '', '', 'phrase', 3, 'active', CURRENT_TIMESTAMP) ON CONFLICT(id) DO UPDATE SET word = excluded.word, normalized_word = excluded.normalized_word, sense_id = excluded.sense_id, phrase = excluded.phrase, normalized_phrase = excluded.normalized_phrase, collocation_type = excluded.collocation_type, sort_order = excluded.sort_order, publish_status = excluded.publish_status, updated_at = CURRENT_TIMESTAMP;
INSERT INTO vocabulary_scenario_links (vocabulary_id, word, normalized_word, scenario_id, relevance, created_at) VALUES ('show', 'show', 'show', 'communication', 80, CURRENT_TIMESTAMP) ON CONFLICT(vocabulary_id, scenario_id) DO UPDATE SET word = excluded.word, normalized_word = excluded.normalized_word, relevance = excluded.relevance;
INSERT INTO vocabulary_scenario_links (vocabulary_id, word, normalized_word, scenario_id, relevance, created_at) VALUES ('show', 'show', 'show', 'problem-solving', 80, CURRENT_TIMESTAMP) ON CONFLICT(vocabulary_id, scenario_id) DO UPDATE SET word = excluded.word, normalized_word = excluded.normalized_word, relevance = excluded.relevance;

UPDATE core_vocabulary SET word = 'life', meaning_zh = '生命；生活；人生', definition_en = 'the state of being alive, or the way someone lives', primary_part_of_speech = 'noun', phonetic_us = '/laɪf/', phonetic_uk = '/laɪf/', updated_at = CURRENT_TIMESTAMP WHERE id = 'life';
UPDATE vocabulary_pronunciations SET phonetic = CASE accent WHEN 'us' THEN '/laɪf/' WHEN 'uk' THEN '/laɪf/' ELSE phonetic END, phonetic_source = 'manual-curation-pending-review', updated_at = CURRENT_TIMESTAMP WHERE vocabulary_id = 'life' AND accent IN ('us', 'uk');
INSERT INTO vocabulary_senses (id, vocabulary_id, word, normalized_word, part_of_speech, meaning_zh, definition_en, usage_note, sense_order, level, publish_status, updated_at) VALUES ('life-sense-1', 'life', 'life', 'life', 'noun', '生命；生活；人生', 'the state of being alive, or the way someone lives', 'Self-authored learner sense; pending review.', 1, NULL, 'active', CURRENT_TIMESTAMP) ON CONFLICT(id) DO UPDATE SET word = excluded.word, normalized_word = excluded.normalized_word, part_of_speech = excluded.part_of_speech, meaning_zh = excluded.meaning_zh, definition_en = excluded.definition_en, usage_note = excluded.usage_note, sense_order = excluded.sense_order, publish_status = excluded.publish_status, updated_at = CURRENT_TIMESTAMP;
INSERT INTO vocabulary_examples (id, vocabulary_id, word, normalized_word, sense_id, sentence_en, sentence_zh, source_type, source_ref, difficulty, example_order, publish_status, updated_at) VALUES ('life-example-1', 'life', 'life', 'life', 'life-sense-1', 'Exercise is part of a healthy life.', '锻炼是健康生活的一部分。', 'manual', 'top-200-public-content-v1-self-authored', 'easy', 1, 'active', CURRENT_TIMESTAMP) ON CONFLICT(id) DO UPDATE SET word = excluded.word, normalized_word = excluded.normalized_word, sense_id = excluded.sense_id, sentence_en = excluded.sentence_en, sentence_zh = excluded.sentence_zh, source_type = excluded.source_type, source_ref = excluded.source_ref, difficulty = excluded.difficulty, example_order = excluded.example_order, publish_status = excluded.publish_status, updated_at = CURRENT_TIMESTAMP;
INSERT INTO vocabulary_collocations (id, vocabulary_id, word, normalized_word, sense_id, phrase, normalized_phrase, meaning_zh, example_en, example_zh, collocation_type, sort_order, publish_status, updated_at) VALUES ('life-collocation-1', 'life', 'life', 'life', 'life-sense-1', 'daily life', 'daily life', '', '', '', 'phrase', 1, 'active', CURRENT_TIMESTAMP) ON CONFLICT(id) DO UPDATE SET word = excluded.word, normalized_word = excluded.normalized_word, sense_id = excluded.sense_id, phrase = excluded.phrase, normalized_phrase = excluded.normalized_phrase, collocation_type = excluded.collocation_type, sort_order = excluded.sort_order, publish_status = excluded.publish_status, updated_at = CURRENT_TIMESTAMP;
INSERT INTO vocabulary_collocations (id, vocabulary_id, word, normalized_word, sense_id, phrase, normalized_phrase, meaning_zh, example_en, example_zh, collocation_type, sort_order, publish_status, updated_at) VALUES ('life-collocation-2', 'life', 'life', 'life', 'life-sense-1', 'real life', 'real life', '', '', '', 'phrase', 2, 'active', CURRENT_TIMESTAMP) ON CONFLICT(id) DO UPDATE SET word = excluded.word, normalized_word = excluded.normalized_word, sense_id = excluded.sense_id, phrase = excluded.phrase, normalized_phrase = excluded.normalized_phrase, collocation_type = excluded.collocation_type, sort_order = excluded.sort_order, publish_status = excluded.publish_status, updated_at = CURRENT_TIMESTAMP;
INSERT INTO vocabulary_collocations (id, vocabulary_id, word, normalized_word, sense_id, phrase, normalized_phrase, meaning_zh, example_en, example_zh, collocation_type, sort_order, publish_status, updated_at) VALUES ('life-collocation-3', 'life', 'life', 'life', 'life-sense-1', 'life story', 'life story', '', '', '', 'phrase', 3, 'active', CURRENT_TIMESTAMP) ON CONFLICT(id) DO UPDATE SET word = excluded.word, normalized_word = excluded.normalized_word, sense_id = excluded.sense_id, phrase = excluded.phrase, normalized_phrase = excluded.normalized_phrase, collocation_type = excluded.collocation_type, sort_order = excluded.sort_order, publish_status = excluded.publish_status, updated_at = CURRENT_TIMESTAMP;
INSERT INTO vocabulary_scenario_links (vocabulary_id, word, normalized_word, scenario_id, relevance, created_at) VALUES ('life', 'life', 'life', 'daily', 80, CURRENT_TIMESTAMP) ON CONFLICT(vocabulary_id, scenario_id) DO UPDATE SET word = excluded.word, normalized_word = excluded.normalized_word, relevance = excluded.relevance;

UPDATE core_vocabulary SET word = 'man', meaning_zh = '男人；人', definition_en = 'an adult male person', primary_part_of_speech = 'noun', phonetic_us = '/mæn/', phonetic_uk = '/mæn/', updated_at = CURRENT_TIMESTAMP WHERE id = 'man';
UPDATE vocabulary_pronunciations SET phonetic = CASE accent WHEN 'us' THEN '/mæn/' WHEN 'uk' THEN '/mæn/' ELSE phonetic END, phonetic_source = 'manual-curation-pending-review', updated_at = CURRENT_TIMESTAMP WHERE vocabulary_id = 'man' AND accent IN ('us', 'uk');
INSERT INTO vocabulary_senses (id, vocabulary_id, word, normalized_word, part_of_speech, meaning_zh, definition_en, usage_note, sense_order, level, publish_status, updated_at) VALUES ('man-sense-1', 'man', 'man', 'man', 'noun', '男人；人', 'an adult male person', 'Self-authored learner sense; pending review.', 1, NULL, 'active', CURRENT_TIMESTAMP) ON CONFLICT(id) DO UPDATE SET word = excluded.word, normalized_word = excluded.normalized_word, part_of_speech = excluded.part_of_speech, meaning_zh = excluded.meaning_zh, definition_en = excluded.definition_en, usage_note = excluded.usage_note, sense_order = excluded.sense_order, publish_status = excluded.publish_status, updated_at = CURRENT_TIMESTAMP;
INSERT INTO vocabulary_examples (id, vocabulary_id, word, normalized_word, sense_id, sentence_en, sentence_zh, source_type, source_ref, difficulty, example_order, publish_status, updated_at) VALUES ('man-example-1', 'man', 'man', 'man', 'man-sense-1', 'The man is waiting outside.', '那个男人正在外面等。', 'manual', 'top-200-public-content-v1-self-authored', 'easy', 1, 'active', CURRENT_TIMESTAMP) ON CONFLICT(id) DO UPDATE SET word = excluded.word, normalized_word = excluded.normalized_word, sense_id = excluded.sense_id, sentence_en = excluded.sentence_en, sentence_zh = excluded.sentence_zh, source_type = excluded.source_type, source_ref = excluded.source_ref, difficulty = excluded.difficulty, example_order = excluded.example_order, publish_status = excluded.publish_status, updated_at = CURRENT_TIMESTAMP;
INSERT INTO vocabulary_collocations (id, vocabulary_id, word, normalized_word, sense_id, phrase, normalized_phrase, meaning_zh, example_en, example_zh, collocation_type, sort_order, publish_status, updated_at) VALUES ('man-collocation-1', 'man', 'man', 'man', 'man-sense-1', 'young man', 'young man', '', '', '', 'phrase', 1, 'active', CURRENT_TIMESTAMP) ON CONFLICT(id) DO UPDATE SET word = excluded.word, normalized_word = excluded.normalized_word, sense_id = excluded.sense_id, phrase = excluded.phrase, normalized_phrase = excluded.normalized_phrase, collocation_type = excluded.collocation_type, sort_order = excluded.sort_order, publish_status = excluded.publish_status, updated_at = CURRENT_TIMESTAMP;
INSERT INTO vocabulary_collocations (id, vocabulary_id, word, normalized_word, sense_id, phrase, normalized_phrase, meaning_zh, example_en, example_zh, collocation_type, sort_order, publish_status, updated_at) VALUES ('man-collocation-2', 'man', 'man', 'man', 'man-sense-1', 'old man', 'old man', '', '', '', 'phrase', 2, 'active', CURRENT_TIMESTAMP) ON CONFLICT(id) DO UPDATE SET word = excluded.word, normalized_word = excluded.normalized_word, sense_id = excluded.sense_id, phrase = excluded.phrase, normalized_phrase = excluded.normalized_phrase, collocation_type = excluded.collocation_type, sort_order = excluded.sort_order, publish_status = excluded.publish_status, updated_at = CURRENT_TIMESTAMP;
INSERT INTO vocabulary_collocations (id, vocabulary_id, word, normalized_word, sense_id, phrase, normalized_phrase, meaning_zh, example_en, example_zh, collocation_type, sort_order, publish_status, updated_at) VALUES ('man-collocation-3', 'man', 'man', 'man', 'man-sense-1', 'businessman', 'businessman', '', '', '', 'phrase', 3, 'active', CURRENT_TIMESTAMP) ON CONFLICT(id) DO UPDATE SET word = excluded.word, normalized_word = excluded.normalized_word, sense_id = excluded.sense_id, phrase = excluded.phrase, normalized_phrase = excluded.normalized_phrase, collocation_type = excluded.collocation_type, sort_order = excluded.sort_order, publish_status = excluded.publish_status, updated_at = CURRENT_TIMESTAMP;
INSERT INTO vocabulary_scenario_links (vocabulary_id, word, normalized_word, scenario_id, relevance, created_at) VALUES ('man', 'man', 'man', 'daily', 80, CURRENT_TIMESTAMP) ON CONFLICT(vocabulary_id, scenario_id) DO UPDATE SET word = excluded.word, normalized_word = excluded.normalized_word, relevance = excluded.relevance;

UPDATE core_vocabulary SET word = 'change', meaning_zh = '改变；变化', definition_en = 'a difference from what something was before', primary_part_of_speech = 'noun', phonetic_us = '/tʃeɪndʒ/', phonetic_uk = '/tʃeɪndʒ/', updated_at = CURRENT_TIMESTAMP WHERE id = 'change';
UPDATE vocabulary_pronunciations SET phonetic = CASE accent WHEN 'us' THEN '/tʃeɪndʒ/' WHEN 'uk' THEN '/tʃeɪndʒ/' ELSE phonetic END, phonetic_source = 'manual-curation-pending-review', updated_at = CURRENT_TIMESTAMP WHERE vocabulary_id = 'change' AND accent IN ('us', 'uk');
INSERT INTO vocabulary_senses (id, vocabulary_id, word, normalized_word, part_of_speech, meaning_zh, definition_en, usage_note, sense_order, level, publish_status, updated_at) VALUES ('change-sense-1', 'change', 'change', 'change', 'noun', '改变；变化', 'a difference from what something was before', 'Self-authored learner sense; pending review.', 1, NULL, 'active', CURRENT_TIMESTAMP) ON CONFLICT(id) DO UPDATE SET word = excluded.word, normalized_word = excluded.normalized_word, part_of_speech = excluded.part_of_speech, meaning_zh = excluded.meaning_zh, definition_en = excluded.definition_en, usage_note = excluded.usage_note, sense_order = excluded.sense_order, publish_status = excluded.publish_status, updated_at = CURRENT_TIMESTAMP;
INSERT INTO vocabulary_examples (id, vocabulary_id, word, normalized_word, sense_id, sentence_en, sentence_zh, source_type, source_ref, difficulty, example_order, publish_status, updated_at) VALUES ('change-example-1', 'change', 'change', 'change', 'change-sense-1', 'A small change can make a big difference.', '一个小改变可能带来很大不同。', 'manual', 'top-200-public-content-v1-self-authored', 'easy', 1, 'active', CURRENT_TIMESTAMP) ON CONFLICT(id) DO UPDATE SET word = excluded.word, normalized_word = excluded.normalized_word, sense_id = excluded.sense_id, sentence_en = excluded.sentence_en, sentence_zh = excluded.sentence_zh, source_type = excluded.source_type, source_ref = excluded.source_ref, difficulty = excluded.difficulty, example_order = excluded.example_order, publish_status = excluded.publish_status, updated_at = CURRENT_TIMESTAMP;
INSERT INTO vocabulary_collocations (id, vocabulary_id, word, normalized_word, sense_id, phrase, normalized_phrase, meaning_zh, example_en, example_zh, collocation_type, sort_order, publish_status, updated_at) VALUES ('change-collocation-1', 'change', 'change', 'change', 'change-sense-1', 'make a change', 'make a change', '', '', '', 'phrase', 1, 'active', CURRENT_TIMESTAMP) ON CONFLICT(id) DO UPDATE SET word = excluded.word, normalized_word = excluded.normalized_word, sense_id = excluded.sense_id, phrase = excluded.phrase, normalized_phrase = excluded.normalized_phrase, collocation_type = excluded.collocation_type, sort_order = excluded.sort_order, publish_status = excluded.publish_status, updated_at = CURRENT_TIMESTAMP;
INSERT INTO vocabulary_collocations (id, vocabulary_id, word, normalized_word, sense_id, phrase, normalized_phrase, meaning_zh, example_en, example_zh, collocation_type, sort_order, publish_status, updated_at) VALUES ('change-collocation-2', 'change', 'change', 'change', 'change-sense-1', 'big change', 'big change', '', '', '', 'phrase', 2, 'active', CURRENT_TIMESTAMP) ON CONFLICT(id) DO UPDATE SET word = excluded.word, normalized_word = excluded.normalized_word, sense_id = excluded.sense_id, phrase = excluded.phrase, normalized_phrase = excluded.normalized_phrase, collocation_type = excluded.collocation_type, sort_order = excluded.sort_order, publish_status = excluded.publish_status, updated_at = CURRENT_TIMESTAMP;
INSERT INTO vocabulary_collocations (id, vocabulary_id, word, normalized_word, sense_id, phrase, normalized_phrase, meaning_zh, example_en, example_zh, collocation_type, sort_order, publish_status, updated_at) VALUES ('change-collocation-3', 'change', 'change', 'change', 'change-sense-1', 'change your mind', 'change your mind', '', '', '', 'phrase', 3, 'active', CURRENT_TIMESTAMP) ON CONFLICT(id) DO UPDATE SET word = excluded.word, normalized_word = excluded.normalized_word, sense_id = excluded.sense_id, phrase = excluded.phrase, normalized_phrase = excluded.normalized_phrase, collocation_type = excluded.collocation_type, sort_order = excluded.sort_order, publish_status = excluded.publish_status, updated_at = CURRENT_TIMESTAMP;
INSERT INTO vocabulary_scenario_links (vocabulary_id, word, normalized_word, scenario_id, relevance, created_at) VALUES ('change', 'change', 'change', 'problem-solving', 80, CURRENT_TIMESTAMP) ON CONFLICT(vocabulary_id, scenario_id) DO UPDATE SET word = excluded.word, normalized_word = excluded.normalized_word, relevance = excluded.relevance;
INSERT INTO vocabulary_scenario_links (vocabulary_id, word, normalized_word, scenario_id, relevance, created_at) VALUES ('change', 'change', 'change', 'thinking', 80, CURRENT_TIMESTAMP) ON CONFLICT(vocabulary_id, scenario_id) DO UPDATE SET word = excluded.word, normalized_word = excluded.normalized_word, relevance = excluded.relevance;

UPDATE core_vocabulary SET word = 'place', meaning_zh = '地方；位置；场所', definition_en = 'a particular area, position, or location', primary_part_of_speech = 'noun', phonetic_us = '/pleɪs/', phonetic_uk = '/pleɪs/', updated_at = CURRENT_TIMESTAMP WHERE id = 'place';
UPDATE vocabulary_pronunciations SET phonetic = CASE accent WHEN 'us' THEN '/pleɪs/' WHEN 'uk' THEN '/pleɪs/' ELSE phonetic END, phonetic_source = 'manual-curation-pending-review', updated_at = CURRENT_TIMESTAMP WHERE vocabulary_id = 'place' AND accent IN ('us', 'uk');
INSERT INTO vocabulary_senses (id, vocabulary_id, word, normalized_word, part_of_speech, meaning_zh, definition_en, usage_note, sense_order, level, publish_status, updated_at) VALUES ('place-sense-1', 'place', 'place', 'place', 'noun', '地方；位置；场所', 'a particular area, position, or location', 'Self-authored learner sense; pending review.', 1, NULL, 'active', CURRENT_TIMESTAMP) ON CONFLICT(id) DO UPDATE SET word = excluded.word, normalized_word = excluded.normalized_word, part_of_speech = excluded.part_of_speech, meaning_zh = excluded.meaning_zh, definition_en = excluded.definition_en, usage_note = excluded.usage_note, sense_order = excluded.sense_order, publish_status = excluded.publish_status, updated_at = CURRENT_TIMESTAMP;
INSERT INTO vocabulary_examples (id, vocabulary_id, word, normalized_word, sense_id, sentence_en, sentence_zh, source_type, source_ref, difficulty, example_order, publish_status, updated_at) VALUES ('place-example-1', 'place', 'place', 'place', 'place-sense-1', 'This is a quiet place to read.', '这是一个适合阅读的安静地方。', 'manual', 'top-200-public-content-v1-self-authored', 'easy', 1, 'active', CURRENT_TIMESTAMP) ON CONFLICT(id) DO UPDATE SET word = excluded.word, normalized_word = excluded.normalized_word, sense_id = excluded.sense_id, sentence_en = excluded.sentence_en, sentence_zh = excluded.sentence_zh, source_type = excluded.source_type, source_ref = excluded.source_ref, difficulty = excluded.difficulty, example_order = excluded.example_order, publish_status = excluded.publish_status, updated_at = CURRENT_TIMESTAMP;
INSERT INTO vocabulary_collocations (id, vocabulary_id, word, normalized_word, sense_id, phrase, normalized_phrase, meaning_zh, example_en, example_zh, collocation_type, sort_order, publish_status, updated_at) VALUES ('place-collocation-1', 'place', 'place', 'place', 'place-sense-1', 'take place', 'take place', '', '', '', 'phrase', 1, 'active', CURRENT_TIMESTAMP) ON CONFLICT(id) DO UPDATE SET word = excluded.word, normalized_word = excluded.normalized_word, sense_id = excluded.sense_id, phrase = excluded.phrase, normalized_phrase = excluded.normalized_phrase, collocation_type = excluded.collocation_type, sort_order = excluded.sort_order, publish_status = excluded.publish_status, updated_at = CURRENT_TIMESTAMP;
INSERT INTO vocabulary_collocations (id, vocabulary_id, word, normalized_word, sense_id, phrase, normalized_phrase, meaning_zh, example_en, example_zh, collocation_type, sort_order, publish_status, updated_at) VALUES ('place-collocation-2', 'place', 'place', 'place', 'place-sense-1', 'in place', 'in place', '', '', '', 'phrase', 2, 'active', CURRENT_TIMESTAMP) ON CONFLICT(id) DO UPDATE SET word = excluded.word, normalized_word = excluded.normalized_word, sense_id = excluded.sense_id, phrase = excluded.phrase, normalized_phrase = excluded.normalized_phrase, collocation_type = excluded.collocation_type, sort_order = excluded.sort_order, publish_status = excluded.publish_status, updated_at = CURRENT_TIMESTAMP;
INSERT INTO vocabulary_collocations (id, vocabulary_id, word, normalized_word, sense_id, phrase, normalized_phrase, meaning_zh, example_en, example_zh, collocation_type, sort_order, publish_status, updated_at) VALUES ('place-collocation-3', 'place', 'place', 'place', 'place-sense-1', 'safe place', 'safe place', '', '', '', 'phrase', 3, 'active', CURRENT_TIMESTAMP) ON CONFLICT(id) DO UPDATE SET word = excluded.word, normalized_word = excluded.normalized_word, sense_id = excluded.sense_id, phrase = excluded.phrase, normalized_phrase = excluded.normalized_phrase, collocation_type = excluded.collocation_type, sort_order = excluded.sort_order, publish_status = excluded.publish_status, updated_at = CURRENT_TIMESTAMP;
INSERT INTO vocabulary_scenario_links (vocabulary_id, word, normalized_word, scenario_id, relevance, created_at) VALUES ('place', 'place', 'place', 'daily', 80, CURRENT_TIMESTAMP) ON CONFLICT(vocabulary_id, scenario_id) DO UPDATE SET word = excluded.word, normalized_word = excluded.normalized_word, relevance = excluded.relevance;

UPDATE core_vocabulary SET word = 'long', meaning_zh = '长的；长时间的', definition_en = 'measuring a great distance or lasting a great amount of time', primary_part_of_speech = 'adjective', phonetic_us = '/lɔŋ/', phonetic_uk = '/lɒŋ/', updated_at = CURRENT_TIMESTAMP WHERE id = 'long';
UPDATE vocabulary_pronunciations SET phonetic = CASE accent WHEN 'us' THEN '/lɔŋ/' WHEN 'uk' THEN '/lɒŋ/' ELSE phonetic END, phonetic_source = 'manual-curation-pending-review', updated_at = CURRENT_TIMESTAMP WHERE vocabulary_id = 'long' AND accent IN ('us', 'uk');
INSERT INTO vocabulary_senses (id, vocabulary_id, word, normalized_word, part_of_speech, meaning_zh, definition_en, usage_note, sense_order, level, publish_status, updated_at) VALUES ('long-sense-1', 'long', 'long', 'long', 'adjective', '长的；长时间的', 'measuring a great distance or lasting a great amount of time', 'Self-authored learner sense; pending review.', 1, NULL, 'active', CURRENT_TIMESTAMP) ON CONFLICT(id) DO UPDATE SET word = excluded.word, normalized_word = excluded.normalized_word, part_of_speech = excluded.part_of_speech, meaning_zh = excluded.meaning_zh, definition_en = excluded.definition_en, usage_note = excluded.usage_note, sense_order = excluded.sense_order, publish_status = excluded.publish_status, updated_at = CURRENT_TIMESTAMP;
INSERT INTO vocabulary_examples (id, vocabulary_id, word, normalized_word, sense_id, sentence_en, sentence_zh, source_type, source_ref, difficulty, example_order, publish_status, updated_at) VALUES ('long-example-1', 'long', 'long', 'long', 'long-sense-1', 'It was a long day.', '这是漫长的一天。', 'manual', 'top-200-public-content-v1-self-authored', 'easy', 1, 'active', CURRENT_TIMESTAMP) ON CONFLICT(id) DO UPDATE SET word = excluded.word, normalized_word = excluded.normalized_word, sense_id = excluded.sense_id, sentence_en = excluded.sentence_en, sentence_zh = excluded.sentence_zh, source_type = excluded.source_type, source_ref = excluded.source_ref, difficulty = excluded.difficulty, example_order = excluded.example_order, publish_status = excluded.publish_status, updated_at = CURRENT_TIMESTAMP;
INSERT INTO vocabulary_collocations (id, vocabulary_id, word, normalized_word, sense_id, phrase, normalized_phrase, meaning_zh, example_en, example_zh, collocation_type, sort_order, publish_status, updated_at) VALUES ('long-collocation-1', 'long', 'long', 'long', 'long-sense-1', 'long time', 'long time', '', '', '', 'phrase', 1, 'active', CURRENT_TIMESTAMP) ON CONFLICT(id) DO UPDATE SET word = excluded.word, normalized_word = excluded.normalized_word, sense_id = excluded.sense_id, phrase = excluded.phrase, normalized_phrase = excluded.normalized_phrase, collocation_type = excluded.collocation_type, sort_order = excluded.sort_order, publish_status = excluded.publish_status, updated_at = CURRENT_TIMESTAMP;
INSERT INTO vocabulary_collocations (id, vocabulary_id, word, normalized_word, sense_id, phrase, normalized_phrase, meaning_zh, example_en, example_zh, collocation_type, sort_order, publish_status, updated_at) VALUES ('long-collocation-2', 'long', 'long', 'long', 'long-sense-1', 'long way', 'long way', '', '', '', 'phrase', 2, 'active', CURRENT_TIMESTAMP) ON CONFLICT(id) DO UPDATE SET word = excluded.word, normalized_word = excluded.normalized_word, sense_id = excluded.sense_id, phrase = excluded.phrase, normalized_phrase = excluded.normalized_phrase, collocation_type = excluded.collocation_type, sort_order = excluded.sort_order, publish_status = excluded.publish_status, updated_at = CURRENT_TIMESTAMP;
INSERT INTO vocabulary_collocations (id, vocabulary_id, word, normalized_word, sense_id, phrase, normalized_phrase, meaning_zh, example_en, example_zh, collocation_type, sort_order, publish_status, updated_at) VALUES ('long-collocation-3', 'long', 'long', 'long', 'long-sense-1', 'no longer', 'no longer', '', '', '', 'phrase', 3, 'active', CURRENT_TIMESTAMP) ON CONFLICT(id) DO UPDATE SET word = excluded.word, normalized_word = excluded.normalized_word, sense_id = excluded.sense_id, phrase = excluded.phrase, normalized_phrase = excluded.normalized_phrase, collocation_type = excluded.collocation_type, sort_order = excluded.sort_order, publish_status = excluded.publish_status, updated_at = CURRENT_TIMESTAMP;
INSERT INTO vocabulary_scenario_links (vocabulary_id, word, normalized_word, scenario_id, relevance, created_at) VALUES ('long', 'long', 'long', 'time', 80, CURRENT_TIMESTAMP) ON CONFLICT(vocabulary_id, scenario_id) DO UPDATE SET word = excluded.word, normalized_word = excluded.normalized_word, relevance = excluded.relevance;
INSERT INTO vocabulary_scenario_links (vocabulary_id, word, normalized_word, scenario_id, relevance, created_at) VALUES ('long', 'long', 'long', 'daily', 80, CURRENT_TIMESTAMP) ON CONFLICT(vocabulary_id, scenario_id) DO UPDATE SET word = excluded.word, normalized_word = excluded.normalized_word, relevance = excluded.relevance;

UPDATE core_vocabulary SET word = 'between', meaning_zh = '在两者之间', definition_en = 'in the space, time, or relationship separating two things', primary_part_of_speech = 'preposition', phonetic_us = '/bɪˈtwin/', phonetic_uk = '/bɪˈtwiːn/', updated_at = CURRENT_TIMESTAMP WHERE id = 'between';
UPDATE vocabulary_pronunciations SET phonetic = CASE accent WHEN 'us' THEN '/bɪˈtwin/' WHEN 'uk' THEN '/bɪˈtwiːn/' ELSE phonetic END, phonetic_source = 'manual-curation-pending-review', updated_at = CURRENT_TIMESTAMP WHERE vocabulary_id = 'between' AND accent IN ('us', 'uk');
INSERT INTO vocabulary_senses (id, vocabulary_id, word, normalized_word, part_of_speech, meaning_zh, definition_en, usage_note, sense_order, level, publish_status, updated_at) VALUES ('between-sense-1', 'between', 'between', 'between', 'preposition', '在两者之间', 'in the space, time, or relationship separating two things', 'Self-authored learner sense; pending review.', 1, NULL, 'active', CURRENT_TIMESTAMP) ON CONFLICT(id) DO UPDATE SET word = excluded.word, normalized_word = excluded.normalized_word, part_of_speech = excluded.part_of_speech, meaning_zh = excluded.meaning_zh, definition_en = excluded.definition_en, usage_note = excluded.usage_note, sense_order = excluded.sense_order, publish_status = excluded.publish_status, updated_at = CURRENT_TIMESTAMP;
INSERT INTO vocabulary_examples (id, vocabulary_id, word, normalized_word, sense_id, sentence_en, sentence_zh, source_type, source_ref, difficulty, example_order, publish_status, updated_at) VALUES ('between-example-1', 'between', 'between', 'between', 'between-sense-1', 'The shop is between the bank and the school.', '商店在银行和学校之间。', 'manual', 'top-200-public-content-v1-self-authored', 'easy', 1, 'active', CURRENT_TIMESTAMP) ON CONFLICT(id) DO UPDATE SET word = excluded.word, normalized_word = excluded.normalized_word, sense_id = excluded.sense_id, sentence_en = excluded.sentence_en, sentence_zh = excluded.sentence_zh, source_type = excluded.source_type, source_ref = excluded.source_ref, difficulty = excluded.difficulty, example_order = excluded.example_order, publish_status = excluded.publish_status, updated_at = CURRENT_TIMESTAMP;
INSERT INTO vocabulary_collocations (id, vocabulary_id, word, normalized_word, sense_id, phrase, normalized_phrase, meaning_zh, example_en, example_zh, collocation_type, sort_order, publish_status, updated_at) VALUES ('between-collocation-1', 'between', 'between', 'between', 'between-sense-1', 'between two things', 'between two things', '', '', '', 'phrase', 1, 'active', CURRENT_TIMESTAMP) ON CONFLICT(id) DO UPDATE SET word = excluded.word, normalized_word = excluded.normalized_word, sense_id = excluded.sense_id, phrase = excluded.phrase, normalized_phrase = excluded.normalized_phrase, collocation_type = excluded.collocation_type, sort_order = excluded.sort_order, publish_status = excluded.publish_status, updated_at = CURRENT_TIMESTAMP;
INSERT INTO vocabulary_collocations (id, vocabulary_id, word, normalized_word, sense_id, phrase, normalized_phrase, meaning_zh, example_en, example_zh, collocation_type, sort_order, publish_status, updated_at) VALUES ('between-collocation-2', 'between', 'between', 'between', 'between-sense-1', 'between us', 'between us', '', '', '', 'phrase', 2, 'active', CURRENT_TIMESTAMP) ON CONFLICT(id) DO UPDATE SET word = excluded.word, normalized_word = excluded.normalized_word, sense_id = excluded.sense_id, phrase = excluded.phrase, normalized_phrase = excluded.normalized_phrase, collocation_type = excluded.collocation_type, sort_order = excluded.sort_order, publish_status = excluded.publish_status, updated_at = CURRENT_TIMESTAMP;
INSERT INTO vocabulary_collocations (id, vocabulary_id, word, normalized_word, sense_id, phrase, normalized_phrase, meaning_zh, example_en, example_zh, collocation_type, sort_order, publish_status, updated_at) VALUES ('between-collocation-3', 'between', 'between', 'between', 'between-sense-1', 'between classes', 'between classes', '', '', '', 'phrase', 3, 'active', CURRENT_TIMESTAMP) ON CONFLICT(id) DO UPDATE SET word = excluded.word, normalized_word = excluded.normalized_word, sense_id = excluded.sense_id, phrase = excluded.phrase, normalized_phrase = excluded.normalized_phrase, collocation_type = excluded.collocation_type, sort_order = excluded.sort_order, publish_status = excluded.publish_status, updated_at = CURRENT_TIMESTAMP;
INSERT INTO vocabulary_scenario_links (vocabulary_id, word, normalized_word, scenario_id, relevance, created_at) VALUES ('between', 'between', 'between', 'daily', 80, CURRENT_TIMESTAMP) ON CONFLICT(vocabulary_id, scenario_id) DO UPDATE SET word = excluded.word, normalized_word = excluded.normalized_word, relevance = excluded.relevance;

UPDATE core_vocabulary SET word = 'feel', meaning_zh = '感觉；觉得；触摸', definition_en = 'to experience an emotion, physical state, or opinion', primary_part_of_speech = 'verb', phonetic_us = '/fil/', phonetic_uk = '/fiːl/', updated_at = CURRENT_TIMESTAMP WHERE id = 'feel';
UPDATE vocabulary_pronunciations SET phonetic = CASE accent WHEN 'us' THEN '/fil/' WHEN 'uk' THEN '/fiːl/' ELSE phonetic END, phonetic_source = 'manual-curation-pending-review', updated_at = CURRENT_TIMESTAMP WHERE vocabulary_id = 'feel' AND accent IN ('us', 'uk');
INSERT INTO vocabulary_senses (id, vocabulary_id, word, normalized_word, part_of_speech, meaning_zh, definition_en, usage_note, sense_order, level, publish_status, updated_at) VALUES ('feel-sense-1', 'feel', 'feel', 'feel', 'verb', '感觉；觉得；触摸', 'to experience an emotion, physical state, or opinion', 'Self-authored learner sense; pending review.', 1, NULL, 'active', CURRENT_TIMESTAMP) ON CONFLICT(id) DO UPDATE SET word = excluded.word, normalized_word = excluded.normalized_word, part_of_speech = excluded.part_of_speech, meaning_zh = excluded.meaning_zh, definition_en = excluded.definition_en, usage_note = excluded.usage_note, sense_order = excluded.sense_order, publish_status = excluded.publish_status, updated_at = CURRENT_TIMESTAMP;
INSERT INTO vocabulary_examples (id, vocabulary_id, word, normalized_word, sense_id, sentence_en, sentence_zh, source_type, source_ref, difficulty, example_order, publish_status, updated_at) VALUES ('feel-example-1', 'feel', 'feel', 'feel', 'feel-sense-1', 'I feel tired after work.', '下班后我觉得累。', 'manual', 'top-200-public-content-v1-self-authored', 'easy', 1, 'active', CURRENT_TIMESTAMP) ON CONFLICT(id) DO UPDATE SET word = excluded.word, normalized_word = excluded.normalized_word, sense_id = excluded.sense_id, sentence_en = excluded.sentence_en, sentence_zh = excluded.sentence_zh, source_type = excluded.source_type, source_ref = excluded.source_ref, difficulty = excluded.difficulty, example_order = excluded.example_order, publish_status = excluded.publish_status, updated_at = CURRENT_TIMESTAMP;
INSERT INTO vocabulary_collocations (id, vocabulary_id, word, normalized_word, sense_id, phrase, normalized_phrase, meaning_zh, example_en, example_zh, collocation_type, sort_order, publish_status, updated_at) VALUES ('feel-collocation-1', 'feel', 'feel', 'feel', 'feel-sense-1', 'feel good', 'feel good', '', '', '', 'phrase', 1, 'active', CURRENT_TIMESTAMP) ON CONFLICT(id) DO UPDATE SET word = excluded.word, normalized_word = excluded.normalized_word, sense_id = excluded.sense_id, phrase = excluded.phrase, normalized_phrase = excluded.normalized_phrase, collocation_type = excluded.collocation_type, sort_order = excluded.sort_order, publish_status = excluded.publish_status, updated_at = CURRENT_TIMESTAMP;
INSERT INTO vocabulary_collocations (id, vocabulary_id, word, normalized_word, sense_id, phrase, normalized_phrase, meaning_zh, example_en, example_zh, collocation_type, sort_order, publish_status, updated_at) VALUES ('feel-collocation-2', 'feel', 'feel', 'feel', 'feel-sense-1', 'feel like', 'feel like', '', '', '', 'phrase', 2, 'active', CURRENT_TIMESTAMP) ON CONFLICT(id) DO UPDATE SET word = excluded.word, normalized_word = excluded.normalized_word, sense_id = excluded.sense_id, phrase = excluded.phrase, normalized_phrase = excluded.normalized_phrase, collocation_type = excluded.collocation_type, sort_order = excluded.sort_order, publish_status = excluded.publish_status, updated_at = CURRENT_TIMESTAMP;
INSERT INTO vocabulary_collocations (id, vocabulary_id, word, normalized_word, sense_id, phrase, normalized_phrase, meaning_zh, example_en, example_zh, collocation_type, sort_order, publish_status, updated_at) VALUES ('feel-collocation-3', 'feel', 'feel', 'feel', 'feel-sense-1', 'feel tired', 'feel tired', '', '', '', 'phrase', 3, 'active', CURRENT_TIMESTAMP) ON CONFLICT(id) DO UPDATE SET word = excluded.word, normalized_word = excluded.normalized_word, sense_id = excluded.sense_id, phrase = excluded.phrase, normalized_phrase = excluded.normalized_phrase, collocation_type = excluded.collocation_type, sort_order = excluded.sort_order, publish_status = excluded.publish_status, updated_at = CURRENT_TIMESTAMP;
INSERT INTO vocabulary_scenario_links (vocabulary_id, word, normalized_word, scenario_id, relevance, created_at) VALUES ('feel', 'feel', 'feel', 'emotion', 80, CURRENT_TIMESTAMP) ON CONFLICT(vocabulary_id, scenario_id) DO UPDATE SET word = excluded.word, normalized_word = excluded.normalized_word, relevance = excluded.relevance;
INSERT INTO vocabulary_scenario_links (vocabulary_id, word, normalized_word, scenario_id, relevance, created_at) VALUES ('feel', 'feel', 'feel', 'daily', 80, CURRENT_TIMESTAMP) ON CONFLICT(vocabulary_id, scenario_id) DO UPDATE SET word = excluded.word, normalized_word = excluded.normalized_word, relevance = excluded.relevance;

UPDATE core_vocabulary SET word = 'too', meaning_zh = '也；太', definition_en = 'also, or more than is good or needed', primary_part_of_speech = 'adverb', phonetic_us = '/tu/', phonetic_uk = '/tuː/', updated_at = CURRENT_TIMESTAMP WHERE id = 'too';
UPDATE vocabulary_pronunciations SET phonetic = CASE accent WHEN 'us' THEN '/tu/' WHEN 'uk' THEN '/tuː/' ELSE phonetic END, phonetic_source = 'manual-curation-pending-review', updated_at = CURRENT_TIMESTAMP WHERE vocabulary_id = 'too' AND accent IN ('us', 'uk');
INSERT INTO vocabulary_senses (id, vocabulary_id, word, normalized_word, part_of_speech, meaning_zh, definition_en, usage_note, sense_order, level, publish_status, updated_at) VALUES ('too-sense-1', 'too', 'too', 'too', 'adverb', '也；太', 'also, or more than is good or needed', 'Self-authored learner sense; pending review.', 1, NULL, 'active', CURRENT_TIMESTAMP) ON CONFLICT(id) DO UPDATE SET word = excluded.word, normalized_word = excluded.normalized_word, part_of_speech = excluded.part_of_speech, meaning_zh = excluded.meaning_zh, definition_en = excluded.definition_en, usage_note = excluded.usage_note, sense_order = excluded.sense_order, publish_status = excluded.publish_status, updated_at = CURRENT_TIMESTAMP;
INSERT INTO vocabulary_examples (id, vocabulary_id, word, normalized_word, sense_id, sentence_en, sentence_zh, source_type, source_ref, difficulty, example_order, publish_status, updated_at) VALUES ('too-example-1', 'too', 'too', 'too', 'too-sense-1', 'I want to go too.', '我也想去。', 'manual', 'top-200-public-content-v1-self-authored', 'easy', 1, 'active', CURRENT_TIMESTAMP) ON CONFLICT(id) DO UPDATE SET word = excluded.word, normalized_word = excluded.normalized_word, sense_id = excluded.sense_id, sentence_en = excluded.sentence_en, sentence_zh = excluded.sentence_zh, source_type = excluded.source_type, source_ref = excluded.source_ref, difficulty = excluded.difficulty, example_order = excluded.example_order, publish_status = excluded.publish_status, updated_at = CURRENT_TIMESTAMP;
INSERT INTO vocabulary_collocations (id, vocabulary_id, word, normalized_word, sense_id, phrase, normalized_phrase, meaning_zh, example_en, example_zh, collocation_type, sort_order, publish_status, updated_at) VALUES ('too-collocation-1', 'too', 'too', 'too', 'too-sense-1', 'too much', 'too much', '', '', '', 'phrase', 1, 'active', CURRENT_TIMESTAMP) ON CONFLICT(id) DO UPDATE SET word = excluded.word, normalized_word = excluded.normalized_word, sense_id = excluded.sense_id, phrase = excluded.phrase, normalized_phrase = excluded.normalized_phrase, collocation_type = excluded.collocation_type, sort_order = excluded.sort_order, publish_status = excluded.publish_status, updated_at = CURRENT_TIMESTAMP;
INSERT INTO vocabulary_collocations (id, vocabulary_id, word, normalized_word, sense_id, phrase, normalized_phrase, meaning_zh, example_en, example_zh, collocation_type, sort_order, publish_status, updated_at) VALUES ('too-collocation-2', 'too', 'too', 'too', 'too-sense-1', 'too many', 'too many', '', '', '', 'phrase', 2, 'active', CURRENT_TIMESTAMP) ON CONFLICT(id) DO UPDATE SET word = excluded.word, normalized_word = excluded.normalized_word, sense_id = excluded.sense_id, phrase = excluded.phrase, normalized_phrase = excluded.normalized_phrase, collocation_type = excluded.collocation_type, sort_order = excluded.sort_order, publish_status = excluded.publish_status, updated_at = CURRENT_TIMESTAMP;
INSERT INTO vocabulary_collocations (id, vocabulary_id, word, normalized_word, sense_id, phrase, normalized_phrase, meaning_zh, example_en, example_zh, collocation_type, sort_order, publish_status, updated_at) VALUES ('too-collocation-3', 'too', 'too', 'too', 'too-sense-1', 'me too', 'me too', '', '', '', 'phrase', 3, 'active', CURRENT_TIMESTAMP) ON CONFLICT(id) DO UPDATE SET word = excluded.word, normalized_word = excluded.normalized_word, sense_id = excluded.sense_id, phrase = excluded.phrase, normalized_phrase = excluded.normalized_phrase, collocation_type = excluded.collocation_type, sort_order = excluded.sort_order, publish_status = excluded.publish_status, updated_at = CURRENT_TIMESTAMP;
INSERT INTO vocabulary_scenario_links (vocabulary_id, word, normalized_word, scenario_id, relevance, created_at) VALUES ('too', 'too', 'too', 'communication', 80, CURRENT_TIMESTAMP) ON CONFLICT(vocabulary_id, scenario_id) DO UPDATE SET word = excluded.word, normalized_word = excluded.normalized_word, relevance = excluded.relevance;

UPDATE core_vocabulary SET word = 'still', meaning_zh = '仍然；还；静止地', definition_en = 'continuing until now or until a particular time', primary_part_of_speech = 'adverb', phonetic_us = '/stɪl/', phonetic_uk = '/stɪl/', updated_at = CURRENT_TIMESTAMP WHERE id = 'still';
UPDATE vocabulary_pronunciations SET phonetic = CASE accent WHEN 'us' THEN '/stɪl/' WHEN 'uk' THEN '/stɪl/' ELSE phonetic END, phonetic_source = 'manual-curation-pending-review', updated_at = CURRENT_TIMESTAMP WHERE vocabulary_id = 'still' AND accent IN ('us', 'uk');
INSERT INTO vocabulary_senses (id, vocabulary_id, word, normalized_word, part_of_speech, meaning_zh, definition_en, usage_note, sense_order, level, publish_status, updated_at) VALUES ('still-sense-1', 'still', 'still', 'still', 'adverb', '仍然；还；静止地', 'continuing until now or until a particular time', 'Self-authored learner sense; pending review.', 1, NULL, 'active', CURRENT_TIMESTAMP) ON CONFLICT(id) DO UPDATE SET word = excluded.word, normalized_word = excluded.normalized_word, part_of_speech = excluded.part_of_speech, meaning_zh = excluded.meaning_zh, definition_en = excluded.definition_en, usage_note = excluded.usage_note, sense_order = excluded.sense_order, publish_status = excluded.publish_status, updated_at = CURRENT_TIMESTAMP;
INSERT INTO vocabulary_examples (id, vocabulary_id, word, normalized_word, sense_id, sentence_en, sentence_zh, source_type, source_ref, difficulty, example_order, publish_status, updated_at) VALUES ('still-example-1', 'still', 'still', 'still', 'still-sense-1', 'She still lives in this city.', '她仍然住在这座城市。', 'manual', 'top-200-public-content-v1-self-authored', 'easy', 1, 'active', CURRENT_TIMESTAMP) ON CONFLICT(id) DO UPDATE SET word = excluded.word, normalized_word = excluded.normalized_word, sense_id = excluded.sense_id, sentence_en = excluded.sentence_en, sentence_zh = excluded.sentence_zh, source_type = excluded.source_type, source_ref = excluded.source_ref, difficulty = excluded.difficulty, example_order = excluded.example_order, publish_status = excluded.publish_status, updated_at = CURRENT_TIMESTAMP;
INSERT INTO vocabulary_collocations (id, vocabulary_id, word, normalized_word, sense_id, phrase, normalized_phrase, meaning_zh, example_en, example_zh, collocation_type, sort_order, publish_status, updated_at) VALUES ('still-collocation-1', 'still', 'still', 'still', 'still-sense-1', 'still need', 'still need', '', '', '', 'phrase', 1, 'active', CURRENT_TIMESTAMP) ON CONFLICT(id) DO UPDATE SET word = excluded.word, normalized_word = excluded.normalized_word, sense_id = excluded.sense_id, phrase = excluded.phrase, normalized_phrase = excluded.normalized_phrase, collocation_type = excluded.collocation_type, sort_order = excluded.sort_order, publish_status = excluded.publish_status, updated_at = CURRENT_TIMESTAMP;
INSERT INTO vocabulary_collocations (id, vocabulary_id, word, normalized_word, sense_id, phrase, normalized_phrase, meaning_zh, example_en, example_zh, collocation_type, sort_order, publish_status, updated_at) VALUES ('still-collocation-2', 'still', 'still', 'still', 'still-sense-1', 'still have', 'still have', '', '', '', 'phrase', 2, 'active', CURRENT_TIMESTAMP) ON CONFLICT(id) DO UPDATE SET word = excluded.word, normalized_word = excluded.normalized_word, sense_id = excluded.sense_id, phrase = excluded.phrase, normalized_phrase = excluded.normalized_phrase, collocation_type = excluded.collocation_type, sort_order = excluded.sort_order, publish_status = excluded.publish_status, updated_at = CURRENT_TIMESTAMP;
INSERT INTO vocabulary_collocations (id, vocabulary_id, word, normalized_word, sense_id, phrase, normalized_phrase, meaning_zh, example_en, example_zh, collocation_type, sort_order, publish_status, updated_at) VALUES ('still-collocation-3', 'still', 'still', 'still', 'still-sense-1', 'still working', 'still working', '', '', '', 'phrase', 3, 'active', CURRENT_TIMESTAMP) ON CONFLICT(id) DO UPDATE SET word = excluded.word, normalized_word = excluded.normalized_word, sense_id = excluded.sense_id, phrase = excluded.phrase, normalized_phrase = excluded.normalized_phrase, collocation_type = excluded.collocation_type, sort_order = excluded.sort_order, publish_status = excluded.publish_status, updated_at = CURRENT_TIMESTAMP;
INSERT INTO vocabulary_scenario_links (vocabulary_id, word, normalized_word, scenario_id, relevance, created_at) VALUES ('still', 'still', 'still', 'time', 80, CURRENT_TIMESTAMP) ON CONFLICT(vocabulary_id, scenario_id) DO UPDATE SET word = excluded.word, normalized_word = excluded.normalized_word, relevance = excluded.relevance;
INSERT INTO vocabulary_scenario_links (vocabulary_id, word, normalized_word, scenario_id, relevance, created_at) VALUES ('still', 'still', 'still', 'daily', 80, CURRENT_TIMESTAMP) ON CONFLICT(vocabulary_id, scenario_id) DO UPDATE SET word = excluded.word, normalized_word = excluded.normalized_word, relevance = excluded.relevance;

UPDATE core_vocabulary SET word = 'problem', meaning_zh = '问题；难题', definition_en = 'a situation or question that needs to be solved', primary_part_of_speech = 'noun', phonetic_us = '/ˈprɑbləm/', phonetic_uk = '/ˈprɒbləm/', updated_at = CURRENT_TIMESTAMP WHERE id = 'problem';
UPDATE vocabulary_pronunciations SET phonetic = CASE accent WHEN 'us' THEN '/ˈprɑbləm/' WHEN 'uk' THEN '/ˈprɒbləm/' ELSE phonetic END, phonetic_source = 'manual-curation-pending-review', updated_at = CURRENT_TIMESTAMP WHERE vocabulary_id = 'problem' AND accent IN ('us', 'uk');
INSERT INTO vocabulary_senses (id, vocabulary_id, word, normalized_word, part_of_speech, meaning_zh, definition_en, usage_note, sense_order, level, publish_status, updated_at) VALUES ('problem-sense-1', 'problem', 'problem', 'problem', 'noun', '问题；难题', 'a situation or question that needs to be solved', 'Self-authored learner sense; pending review.', 1, NULL, 'active', CURRENT_TIMESTAMP) ON CONFLICT(id) DO UPDATE SET word = excluded.word, normalized_word = excluded.normalized_word, part_of_speech = excluded.part_of_speech, meaning_zh = excluded.meaning_zh, definition_en = excluded.definition_en, usage_note = excluded.usage_note, sense_order = excluded.sense_order, publish_status = excluded.publish_status, updated_at = CURRENT_TIMESTAMP;
INSERT INTO vocabulary_examples (id, vocabulary_id, word, normalized_word, sense_id, sentence_en, sentence_zh, source_type, source_ref, difficulty, example_order, publish_status, updated_at) VALUES ('problem-example-1', 'problem', 'problem', 'problem', 'problem-sense-1', 'We need to solve this problem.', '我们需要解决这个问题。', 'manual', 'top-200-public-content-v1-self-authored', 'easy', 1, 'active', CURRENT_TIMESTAMP) ON CONFLICT(id) DO UPDATE SET word = excluded.word, normalized_word = excluded.normalized_word, sense_id = excluded.sense_id, sentence_en = excluded.sentence_en, sentence_zh = excluded.sentence_zh, source_type = excluded.source_type, source_ref = excluded.source_ref, difficulty = excluded.difficulty, example_order = excluded.example_order, publish_status = excluded.publish_status, updated_at = CURRENT_TIMESTAMP;
INSERT INTO vocabulary_collocations (id, vocabulary_id, word, normalized_word, sense_id, phrase, normalized_phrase, meaning_zh, example_en, example_zh, collocation_type, sort_order, publish_status, updated_at) VALUES ('problem-collocation-1', 'problem', 'problem', 'problem', 'problem-sense-1', 'solve a problem', 'solve a problem', '', '', '', 'phrase', 1, 'active', CURRENT_TIMESTAMP) ON CONFLICT(id) DO UPDATE SET word = excluded.word, normalized_word = excluded.normalized_word, sense_id = excluded.sense_id, phrase = excluded.phrase, normalized_phrase = excluded.normalized_phrase, collocation_type = excluded.collocation_type, sort_order = excluded.sort_order, publish_status = excluded.publish_status, updated_at = CURRENT_TIMESTAMP;
INSERT INTO vocabulary_collocations (id, vocabulary_id, word, normalized_word, sense_id, phrase, normalized_phrase, meaning_zh, example_en, example_zh, collocation_type, sort_order, publish_status, updated_at) VALUES ('problem-collocation-2', 'problem', 'problem', 'problem', 'problem-sense-1', 'big problem', 'big problem', '', '', '', 'phrase', 2, 'active', CURRENT_TIMESTAMP) ON CONFLICT(id) DO UPDATE SET word = excluded.word, normalized_word = excluded.normalized_word, sense_id = excluded.sense_id, phrase = excluded.phrase, normalized_phrase = excluded.normalized_phrase, collocation_type = excluded.collocation_type, sort_order = excluded.sort_order, publish_status = excluded.publish_status, updated_at = CURRENT_TIMESTAMP;
INSERT INTO vocabulary_collocations (id, vocabulary_id, word, normalized_word, sense_id, phrase, normalized_phrase, meaning_zh, example_en, example_zh, collocation_type, sort_order, publish_status, updated_at) VALUES ('problem-collocation-3', 'problem', 'problem', 'problem', 'problem-sense-1', 'no problem', 'no problem', '', '', '', 'phrase', 3, 'active', CURRENT_TIMESTAMP) ON CONFLICT(id) DO UPDATE SET word = excluded.word, normalized_word = excluded.normalized_word, sense_id = excluded.sense_id, phrase = excluded.phrase, normalized_phrase = excluded.normalized_phrase, collocation_type = excluded.collocation_type, sort_order = excluded.sort_order, publish_status = excluded.publish_status, updated_at = CURRENT_TIMESTAMP;
INSERT INTO vocabulary_scenario_links (vocabulary_id, word, normalized_word, scenario_id, relevance, created_at) VALUES ('problem', 'problem', 'problem', 'problem-solving', 80, CURRENT_TIMESTAMP) ON CONFLICT(vocabulary_id, scenario_id) DO UPDATE SET word = excluded.word, normalized_word = excluded.normalized_word, relevance = excluded.relevance;
INSERT INTO vocabulary_scenario_links (vocabulary_id, word, normalized_word, scenario_id, relevance, created_at) VALUES ('problem', 'problem', 'problem', 'work', 80, CURRENT_TIMESTAMP) ON CONFLICT(vocabulary_id, scenario_id) DO UPDATE SET word = excluded.word, normalized_word = excluded.normalized_word, relevance = excluded.relevance;
