-- Top 500 public vocabulary content v1, part 2.
-- Self-authored learner definitions and examples for words 221-240.
-- Phonetics are bootstrap IPA values and remain tracked for manual review.

UPDATE core_vocabulary SET word = 'build', meaning_zh = '建造；建立', definition_en = 'to make something by putting parts together', primary_part_of_speech = 'verb', phonetic_us = '/bɪld/', phonetic_uk = '/bɪld/', updated_at = CURRENT_TIMESTAMP WHERE id = 'build';
UPDATE vocabulary_pronunciations SET phonetic = CASE accent WHEN 'us' THEN '/bɪld/' WHEN 'uk' THEN '/bɪld/' ELSE phonetic END, phonetic_source = 'manual-curation-pending-review', updated_at = CURRENT_TIMESTAMP WHERE vocabulary_id = 'build' AND accent IN ('us', 'uk');
INSERT INTO vocabulary_senses (id, vocabulary_id, word, normalized_word, part_of_speech, meaning_zh, definition_en, usage_note, sense_order, level, publish_status, updated_at) VALUES ('build-sense-1', 'build', 'build', 'build', 'verb', '建造；建立', 'to make something by putting parts together', 'Self-authored learner sense; pending review.', 1, NULL, 'active', CURRENT_TIMESTAMP) ON CONFLICT(id) DO UPDATE SET word = excluded.word, normalized_word = excluded.normalized_word, part_of_speech = excluded.part_of_speech, meaning_zh = excluded.meaning_zh, definition_en = excluded.definition_en, usage_note = excluded.usage_note, sense_order = excluded.sense_order, publish_status = excluded.publish_status, updated_at = CURRENT_TIMESTAMP;
INSERT INTO vocabulary_examples (id, vocabulary_id, word, normalized_word, sense_id, sentence_en, sentence_zh, source_type, source_ref, difficulty, example_order, publish_status, updated_at) VALUES ('build-example-1', 'build', 'build', 'build', 'build-sense-1', 'They will build a new school here.', '他们将在这里建一所新学校。', 'manual', 'top-500-public-content-v1-self-authored', 'easy', 1, 'active', CURRENT_TIMESTAMP) ON CONFLICT(id) DO UPDATE SET word = excluded.word, normalized_word = excluded.normalized_word, sense_id = excluded.sense_id, sentence_en = excluded.sentence_en, sentence_zh = excluded.sentence_zh, source_type = excluded.source_type, source_ref = excluded.source_ref, difficulty = excluded.difficulty, example_order = excluded.example_order, publish_status = excluded.publish_status, updated_at = CURRENT_TIMESTAMP;
INSERT INTO vocabulary_collocations (id, vocabulary_id, word, normalized_word, sense_id, phrase, normalized_phrase, meaning_zh, example_en, example_zh, collocation_type, sort_order, publish_status, updated_at) VALUES ('build-collocation-1', 'build', 'build', 'build', 'build-sense-1', 'build a house', 'build a house', '', '', '', 'phrase', 1, 'active', CURRENT_TIMESTAMP) ON CONFLICT(id) DO UPDATE SET word = excluded.word, normalized_word = excluded.normalized_word, sense_id = excluded.sense_id, phrase = excluded.phrase, normalized_phrase = excluded.normalized_phrase, meaning_zh = excluded.meaning_zh, example_en = excluded.example_en, example_zh = excluded.example_zh, collocation_type = excluded.collocation_type, sort_order = excluded.sort_order, publish_status = excluded.publish_status, updated_at = CURRENT_TIMESTAMP;
INSERT INTO vocabulary_collocations (id, vocabulary_id, word, normalized_word, sense_id, phrase, normalized_phrase, meaning_zh, example_en, example_zh, collocation_type, sort_order, publish_status, updated_at) VALUES ('build-collocation-2', 'build', 'build', 'build', 'build-sense-1', 'build trust', 'build trust', '', '', '', 'phrase', 2, 'active', CURRENT_TIMESTAMP) ON CONFLICT(id) DO UPDATE SET word = excluded.word, normalized_word = excluded.normalized_word, sense_id = excluded.sense_id, phrase = excluded.phrase, normalized_phrase = excluded.normalized_phrase, meaning_zh = excluded.meaning_zh, example_en = excluded.example_en, example_zh = excluded.example_zh, collocation_type = excluded.collocation_type, sort_order = excluded.sort_order, publish_status = excluded.publish_status, updated_at = CURRENT_TIMESTAMP;
INSERT INTO vocabulary_scenario_links (vocabulary_id, word, normalized_word, scenario_id, relevance, created_at) VALUES ('build', 'build', 'build', 'problem-solving', 80, CURRENT_TIMESTAMP) ON CONFLICT(vocabulary_id, scenario_id) DO UPDATE SET word = excluded.word, normalized_word = excluded.normalized_word, relevance = excluded.relevance;

UPDATE core_vocabulary SET word = 'hold', meaning_zh = '抓住', definition_en = 'to keep something in your hand, arms, or control', primary_part_of_speech = 'verb', phonetic_us = '/hoʊld/', phonetic_uk = '/hoʊld/', updated_at = CURRENT_TIMESTAMP WHERE id = 'hold';
UPDATE vocabulary_pronunciations SET phonetic = CASE accent WHEN 'us' THEN '/hoʊld/' WHEN 'uk' THEN '/hoʊld/' ELSE phonetic END, phonetic_source = 'manual-curation-pending-review', updated_at = CURRENT_TIMESTAMP WHERE vocabulary_id = 'hold' AND accent IN ('us', 'uk');
INSERT INTO vocabulary_senses (id, vocabulary_id, word, normalized_word, part_of_speech, meaning_zh, definition_en, usage_note, sense_order, level, publish_status, updated_at) VALUES ('hold-sense-1', 'hold', 'hold', 'hold', 'verb', '抓住', 'to keep something in your hand, arms, or control', 'Self-authored learner sense; pending review.', 1, NULL, 'active', CURRENT_TIMESTAMP) ON CONFLICT(id) DO UPDATE SET word = excluded.word, normalized_word = excluded.normalized_word, part_of_speech = excluded.part_of_speech, meaning_zh = excluded.meaning_zh, definition_en = excluded.definition_en, usage_note = excluded.usage_note, sense_order = excluded.sense_order, publish_status = excluded.publish_status, updated_at = CURRENT_TIMESTAMP;
INSERT INTO vocabulary_examples (id, vocabulary_id, word, normalized_word, sense_id, sentence_en, sentence_zh, source_type, source_ref, difficulty, example_order, publish_status, updated_at) VALUES ('hold-example-1', 'hold', 'hold', 'hold', 'hold-sense-1', 'Please hold this bag for a minute.', '请帮我拿一下这个包。', 'manual', 'top-500-public-content-v1-self-authored', 'easy', 1, 'active', CURRENT_TIMESTAMP) ON CONFLICT(id) DO UPDATE SET word = excluded.word, normalized_word = excluded.normalized_word, sense_id = excluded.sense_id, sentence_en = excluded.sentence_en, sentence_zh = excluded.sentence_zh, source_type = excluded.source_type, source_ref = excluded.source_ref, difficulty = excluded.difficulty, example_order = excluded.example_order, publish_status = excluded.publish_status, updated_at = CURRENT_TIMESTAMP;
INSERT INTO vocabulary_collocations (id, vocabulary_id, word, normalized_word, sense_id, phrase, normalized_phrase, meaning_zh, example_en, example_zh, collocation_type, sort_order, publish_status, updated_at) VALUES ('hold-collocation-1', 'hold', 'hold', 'hold', 'hold-sense-1', 'hold a meeting', 'hold a meeting', '', '', '', 'phrase', 1, 'active', CURRENT_TIMESTAMP) ON CONFLICT(id) DO UPDATE SET word = excluded.word, normalized_word = excluded.normalized_word, sense_id = excluded.sense_id, phrase = excluded.phrase, normalized_phrase = excluded.normalized_phrase, meaning_zh = excluded.meaning_zh, example_en = excluded.example_en, example_zh = excluded.example_zh, collocation_type = excluded.collocation_type, sort_order = excluded.sort_order, publish_status = excluded.publish_status, updated_at = CURRENT_TIMESTAMP;
INSERT INTO vocabulary_collocations (id, vocabulary_id, word, normalized_word, sense_id, phrase, normalized_phrase, meaning_zh, example_en, example_zh, collocation_type, sort_order, publish_status, updated_at) VALUES ('hold-collocation-2', 'hold', 'hold', 'hold', 'hold-sense-1', 'hold on', 'hold on', '', '', '', 'phrase', 2, 'active', CURRENT_TIMESTAMP) ON CONFLICT(id) DO UPDATE SET word = excluded.word, normalized_word = excluded.normalized_word, sense_id = excluded.sense_id, phrase = excluded.phrase, normalized_phrase = excluded.normalized_phrase, meaning_zh = excluded.meaning_zh, example_en = excluded.example_en, example_zh = excluded.example_zh, collocation_type = excluded.collocation_type, sort_order = excluded.sort_order, publish_status = excluded.publish_status, updated_at = CURRENT_TIMESTAMP;
INSERT INTO vocabulary_scenario_links (vocabulary_id, word, normalized_word, scenario_id, relevance, created_at) VALUES ('hold', 'hold', 'hold', 'problem-solving', 80, CURRENT_TIMESTAMP) ON CONFLICT(vocabulary_id, scenario_id) DO UPDATE SET word = excluded.word, normalized_word = excluded.normalized_word, relevance = excluded.relevance;

UPDATE core_vocabulary SET word = 'service', meaning_zh = '服务', definition_en = 'work done to help someone or repair something', primary_part_of_speech = 'noun', phonetic_us = '/ˈsərvɪs/', phonetic_uk = '/ˈsərvɪs/', updated_at = CURRENT_TIMESTAMP WHERE id = 'service';
UPDATE vocabulary_pronunciations SET phonetic = CASE accent WHEN 'us' THEN '/ˈsərvɪs/' WHEN 'uk' THEN '/ˈsərvɪs/' ELSE phonetic END, phonetic_source = 'manual-curation-pending-review', updated_at = CURRENT_TIMESTAMP WHERE vocabulary_id = 'service' AND accent IN ('us', 'uk');
INSERT INTO vocabulary_senses (id, vocabulary_id, word, normalized_word, part_of_speech, meaning_zh, definition_en, usage_note, sense_order, level, publish_status, updated_at) VALUES ('service-sense-1', 'service', 'service', 'service', 'noun', '服务', 'work done to help someone or repair something', 'Self-authored learner sense; pending review.', 1, NULL, 'active', CURRENT_TIMESTAMP) ON CONFLICT(id) DO UPDATE SET word = excluded.word, normalized_word = excluded.normalized_word, part_of_speech = excluded.part_of_speech, meaning_zh = excluded.meaning_zh, definition_en = excluded.definition_en, usage_note = excluded.usage_note, sense_order = excluded.sense_order, publish_status = excluded.publish_status, updated_at = CURRENT_TIMESTAMP;
INSERT INTO vocabulary_examples (id, vocabulary_id, word, normalized_word, sense_id, sentence_en, sentence_zh, source_type, source_ref, difficulty, example_order, publish_status, updated_at) VALUES ('service-example-1', 'service', 'service', 'service', 'service-sense-1', 'The hotel service was friendly.', '酒店服务很友好。', 'manual', 'top-500-public-content-v1-self-authored', 'easy', 1, 'active', CURRENT_TIMESTAMP) ON CONFLICT(id) DO UPDATE SET word = excluded.word, normalized_word = excluded.normalized_word, sense_id = excluded.sense_id, sentence_en = excluded.sentence_en, sentence_zh = excluded.sentence_zh, source_type = excluded.source_type, source_ref = excluded.source_ref, difficulty = excluded.difficulty, example_order = excluded.example_order, publish_status = excluded.publish_status, updated_at = CURRENT_TIMESTAMP;
INSERT INTO vocabulary_collocations (id, vocabulary_id, word, normalized_word, sense_id, phrase, normalized_phrase, meaning_zh, example_en, example_zh, collocation_type, sort_order, publish_status, updated_at) VALUES ('service-collocation-1', 'service', 'service', 'service', 'service-sense-1', 'customer service', 'customer service', '', '', '', 'phrase', 1, 'active', CURRENT_TIMESTAMP) ON CONFLICT(id) DO UPDATE SET word = excluded.word, normalized_word = excluded.normalized_word, sense_id = excluded.sense_id, phrase = excluded.phrase, normalized_phrase = excluded.normalized_phrase, meaning_zh = excluded.meaning_zh, example_en = excluded.example_en, example_zh = excluded.example_zh, collocation_type = excluded.collocation_type, sort_order = excluded.sort_order, publish_status = excluded.publish_status, updated_at = CURRENT_TIMESTAMP;
INSERT INTO vocabulary_collocations (id, vocabulary_id, word, normalized_word, sense_id, phrase, normalized_phrase, meaning_zh, example_en, example_zh, collocation_type, sort_order, publish_status, updated_at) VALUES ('service-collocation-2', 'service', 'service', 'service', 'service-sense-1', 'public service', 'public service', '', '', '', 'phrase', 2, 'active', CURRENT_TIMESTAMP) ON CONFLICT(id) DO UPDATE SET word = excluded.word, normalized_word = excluded.normalized_word, sense_id = excluded.sense_id, phrase = excluded.phrase, normalized_phrase = excluded.normalized_phrase, meaning_zh = excluded.meaning_zh, example_en = excluded.example_en, example_zh = excluded.example_zh, collocation_type = excluded.collocation_type, sort_order = excluded.sort_order, publish_status = excluded.publish_status, updated_at = CURRENT_TIMESTAMP;
INSERT INTO vocabulary_scenario_links (vocabulary_id, word, normalized_word, scenario_id, relevance, created_at) VALUES ('service', 'service', 'service', 'work', 80, CURRENT_TIMESTAMP) ON CONFLICT(vocabulary_id, scenario_id) DO UPDATE SET word = excluded.word, normalized_word = excluded.normalized_word, relevance = excluded.relevance;

UPDATE core_vocabulary SET word = 'against', meaning_zh = '与...相反；反对', definition_en = 'opposing someone or something, or touching something for support', primary_part_of_speech = 'preposition', phonetic_us = '/əˈgɛnst/', phonetic_uk = '/əˈgɛnst/', updated_at = CURRENT_TIMESTAMP WHERE id = 'against';
UPDATE vocabulary_pronunciations SET phonetic = CASE accent WHEN 'us' THEN '/əˈgɛnst/' WHEN 'uk' THEN '/əˈgɛnst/' ELSE phonetic END, phonetic_source = 'manual-curation-pending-review', updated_at = CURRENT_TIMESTAMP WHERE vocabulary_id = 'against' AND accent IN ('us', 'uk');
INSERT INTO vocabulary_senses (id, vocabulary_id, word, normalized_word, part_of_speech, meaning_zh, definition_en, usage_note, sense_order, level, publish_status, updated_at) VALUES ('against-sense-1', 'against', 'against', 'against', 'preposition', '与...相反；反对', 'opposing someone or something, or touching something for support', 'Self-authored learner sense; pending review.', 1, NULL, 'active', CURRENT_TIMESTAMP) ON CONFLICT(id) DO UPDATE SET word = excluded.word, normalized_word = excluded.normalized_word, part_of_speech = excluded.part_of_speech, meaning_zh = excluded.meaning_zh, definition_en = excluded.definition_en, usage_note = excluded.usage_note, sense_order = excluded.sense_order, publish_status = excluded.publish_status, updated_at = CURRENT_TIMESTAMP;
INSERT INTO vocabulary_examples (id, vocabulary_id, word, normalized_word, sense_id, sentence_en, sentence_zh, source_type, source_ref, difficulty, example_order, publish_status, updated_at) VALUES ('against-example-1', 'against', 'against', 'against', 'against-sense-1', 'She stood against the wall.', '她靠墙站着。', 'manual', 'top-500-public-content-v1-self-authored', 'easy', 1, 'active', CURRENT_TIMESTAMP) ON CONFLICT(id) DO UPDATE SET word = excluded.word, normalized_word = excluded.normalized_word, sense_id = excluded.sense_id, sentence_en = excluded.sentence_en, sentence_zh = excluded.sentence_zh, source_type = excluded.source_type, source_ref = excluded.source_ref, difficulty = excluded.difficulty, example_order = excluded.example_order, publish_status = excluded.publish_status, updated_at = CURRENT_TIMESTAMP;
INSERT INTO vocabulary_collocations (id, vocabulary_id, word, normalized_word, sense_id, phrase, normalized_phrase, meaning_zh, example_en, example_zh, collocation_type, sort_order, publish_status, updated_at) VALUES ('against-collocation-1', 'against', 'against', 'against', 'against-sense-1', 'against the wall', 'against the wall', '', '', '', 'phrase', 1, 'active', CURRENT_TIMESTAMP) ON CONFLICT(id) DO UPDATE SET word = excluded.word, normalized_word = excluded.normalized_word, sense_id = excluded.sense_id, phrase = excluded.phrase, normalized_phrase = excluded.normalized_phrase, meaning_zh = excluded.meaning_zh, example_en = excluded.example_en, example_zh = excluded.example_zh, collocation_type = excluded.collocation_type, sort_order = excluded.sort_order, publish_status = excluded.publish_status, updated_at = CURRENT_TIMESTAMP;
INSERT INTO vocabulary_collocations (id, vocabulary_id, word, normalized_word, sense_id, phrase, normalized_phrase, meaning_zh, example_en, example_zh, collocation_type, sort_order, publish_status, updated_at) VALUES ('against-collocation-2', 'against', 'against', 'against', 'against-sense-1', 'against the rule', 'against the rule', '', '', '', 'phrase', 2, 'active', CURRENT_TIMESTAMP) ON CONFLICT(id) DO UPDATE SET word = excluded.word, normalized_word = excluded.normalized_word, sense_id = excluded.sense_id, phrase = excluded.phrase, normalized_phrase = excluded.normalized_phrase, meaning_zh = excluded.meaning_zh, example_en = excluded.example_en, example_zh = excluded.example_zh, collocation_type = excluded.collocation_type, sort_order = excluded.sort_order, publish_status = excluded.publish_status, updated_at = CURRENT_TIMESTAMP;
INSERT INTO vocabulary_scenario_links (vocabulary_id, word, normalized_word, scenario_id, relevance, created_at) VALUES ('against', 'against', 'against', 'problem-solving', 80, CURRENT_TIMESTAMP) ON CONFLICT(vocabulary_id, scenario_id) DO UPDATE SET word = excluded.word, normalized_word = excluded.normalized_word, relevance = excluded.relevance;

UPDATE core_vocabulary SET word = 'believe', meaning_zh = '相信；认为', definition_en = 'to think that something is true or that someone is honest', primary_part_of_speech = 'verb', phonetic_us = '/bɪˈliv/', phonetic_uk = '/bɪˈliv/', updated_at = CURRENT_TIMESTAMP WHERE id = 'believe';
UPDATE vocabulary_pronunciations SET phonetic = CASE accent WHEN 'us' THEN '/bɪˈliv/' WHEN 'uk' THEN '/bɪˈliv/' ELSE phonetic END, phonetic_source = 'manual-curation-pending-review', updated_at = CURRENT_TIMESTAMP WHERE vocabulary_id = 'believe' AND accent IN ('us', 'uk');
INSERT INTO vocabulary_senses (id, vocabulary_id, word, normalized_word, part_of_speech, meaning_zh, definition_en, usage_note, sense_order, level, publish_status, updated_at) VALUES ('believe-sense-1', 'believe', 'believe', 'believe', 'verb', '相信；认为', 'to think that something is true or that someone is honest', 'Self-authored learner sense; pending review.', 1, NULL, 'active', CURRENT_TIMESTAMP) ON CONFLICT(id) DO UPDATE SET word = excluded.word, normalized_word = excluded.normalized_word, part_of_speech = excluded.part_of_speech, meaning_zh = excluded.meaning_zh, definition_en = excluded.definition_en, usage_note = excluded.usage_note, sense_order = excluded.sense_order, publish_status = excluded.publish_status, updated_at = CURRENT_TIMESTAMP;
INSERT INTO vocabulary_examples (id, vocabulary_id, word, normalized_word, sense_id, sentence_en, sentence_zh, source_type, source_ref, difficulty, example_order, publish_status, updated_at) VALUES ('believe-example-1', 'believe', 'believe', 'believe', 'believe-sense-1', 'I believe your story.', '我相信你的故事。', 'manual', 'top-500-public-content-v1-self-authored', 'easy', 1, 'active', CURRENT_TIMESTAMP) ON CONFLICT(id) DO UPDATE SET word = excluded.word, normalized_word = excluded.normalized_word, sense_id = excluded.sense_id, sentence_en = excluded.sentence_en, sentence_zh = excluded.sentence_zh, source_type = excluded.source_type, source_ref = excluded.source_ref, difficulty = excluded.difficulty, example_order = excluded.example_order, publish_status = excluded.publish_status, updated_at = CURRENT_TIMESTAMP;
INSERT INTO vocabulary_collocations (id, vocabulary_id, word, normalized_word, sense_id, phrase, normalized_phrase, meaning_zh, example_en, example_zh, collocation_type, sort_order, publish_status, updated_at) VALUES ('believe-collocation-1', 'believe', 'believe', 'believe', 'believe-sense-1', 'believe in', 'believe in', '', '', '', 'phrase', 1, 'active', CURRENT_TIMESTAMP) ON CONFLICT(id) DO UPDATE SET word = excluded.word, normalized_word = excluded.normalized_word, sense_id = excluded.sense_id, phrase = excluded.phrase, normalized_phrase = excluded.normalized_phrase, meaning_zh = excluded.meaning_zh, example_en = excluded.example_en, example_zh = excluded.example_zh, collocation_type = excluded.collocation_type, sort_order = excluded.sort_order, publish_status = excluded.publish_status, updated_at = CURRENT_TIMESTAMP;
INSERT INTO vocabulary_collocations (id, vocabulary_id, word, normalized_word, sense_id, phrase, normalized_phrase, meaning_zh, example_en, example_zh, collocation_type, sort_order, publish_status, updated_at) VALUES ('believe-collocation-2', 'believe', 'believe', 'believe', 'believe-sense-1', 'believe that', 'believe that', '', '', '', 'phrase', 2, 'active', CURRENT_TIMESTAMP) ON CONFLICT(id) DO UPDATE SET word = excluded.word, normalized_word = excluded.normalized_word, sense_id = excluded.sense_id, phrase = excluded.phrase, normalized_phrase = excluded.normalized_phrase, meaning_zh = excluded.meaning_zh, example_en = excluded.example_en, example_zh = excluded.example_zh, collocation_type = excluded.collocation_type, sort_order = excluded.sort_order, publish_status = excluded.publish_status, updated_at = CURRENT_TIMESTAMP;
INSERT INTO vocabulary_scenario_links (vocabulary_id, word, normalized_word, scenario_id, relevance, created_at) VALUES ('believe', 'believe', 'believe', 'communication', 80, CURRENT_TIMESTAMP) ON CONFLICT(vocabulary_id, scenario_id) DO UPDATE SET word = excluded.word, normalized_word = excluded.normalized_word, relevance = excluded.relevance;

UPDATE core_vocabulary SET word = 'second', meaning_zh = '第二；秒', definition_en = 'coming after the first in order', primary_part_of_speech = 'adjective', phonetic_us = '/ˈsɛkənd/', phonetic_uk = '/ˈsɛkənd/', updated_at = CURRENT_TIMESTAMP WHERE id = 'second';
UPDATE vocabulary_pronunciations SET phonetic = CASE accent WHEN 'us' THEN '/ˈsɛkənd/' WHEN 'uk' THEN '/ˈsɛkənd/' ELSE phonetic END, phonetic_source = 'manual-curation-pending-review', updated_at = CURRENT_TIMESTAMP WHERE vocabulary_id = 'second' AND accent IN ('us', 'uk');
INSERT INTO vocabulary_senses (id, vocabulary_id, word, normalized_word, part_of_speech, meaning_zh, definition_en, usage_note, sense_order, level, publish_status, updated_at) VALUES ('second-sense-1', 'second', 'second', 'second', 'adjective', '第二；秒', 'coming after the first in order', 'Self-authored learner sense; pending review.', 1, NULL, 'active', CURRENT_TIMESTAMP) ON CONFLICT(id) DO UPDATE SET word = excluded.word, normalized_word = excluded.normalized_word, part_of_speech = excluded.part_of_speech, meaning_zh = excluded.meaning_zh, definition_en = excluded.definition_en, usage_note = excluded.usage_note, sense_order = excluded.sense_order, publish_status = excluded.publish_status, updated_at = CURRENT_TIMESTAMP;
INSERT INTO vocabulary_examples (id, vocabulary_id, word, normalized_word, sense_id, sentence_en, sentence_zh, source_type, source_ref, difficulty, example_order, publish_status, updated_at) VALUES ('second-example-1', 'second', 'second', 'second', 'second-sense-1', 'This is my second cup of tea.', '这是我的第二杯茶。', 'manual', 'top-500-public-content-v1-self-authored', 'easy', 1, 'active', CURRENT_TIMESTAMP) ON CONFLICT(id) DO UPDATE SET word = excluded.word, normalized_word = excluded.normalized_word, sense_id = excluded.sense_id, sentence_en = excluded.sentence_en, sentence_zh = excluded.sentence_zh, source_type = excluded.source_type, source_ref = excluded.source_ref, difficulty = excluded.difficulty, example_order = excluded.example_order, publish_status = excluded.publish_status, updated_at = CURRENT_TIMESTAMP;
INSERT INTO vocabulary_collocations (id, vocabulary_id, word, normalized_word, sense_id, phrase, normalized_phrase, meaning_zh, example_en, example_zh, collocation_type, sort_order, publish_status, updated_at) VALUES ('second-collocation-1', 'second', 'second', 'second', 'second-sense-1', 'second time', 'second time', '', '', '', 'phrase', 1, 'active', CURRENT_TIMESTAMP) ON CONFLICT(id) DO UPDATE SET word = excluded.word, normalized_word = excluded.normalized_word, sense_id = excluded.sense_id, phrase = excluded.phrase, normalized_phrase = excluded.normalized_phrase, meaning_zh = excluded.meaning_zh, example_en = excluded.example_en, example_zh = excluded.example_zh, collocation_type = excluded.collocation_type, sort_order = excluded.sort_order, publish_status = excluded.publish_status, updated_at = CURRENT_TIMESTAMP;
INSERT INTO vocabulary_collocations (id, vocabulary_id, word, normalized_word, sense_id, phrase, normalized_phrase, meaning_zh, example_en, example_zh, collocation_type, sort_order, publish_status, updated_at) VALUES ('second-collocation-2', 'second', 'second', 'second', 'second-sense-1', 'second place', 'second place', '', '', '', 'phrase', 2, 'active', CURRENT_TIMESTAMP) ON CONFLICT(id) DO UPDATE SET word = excluded.word, normalized_word = excluded.normalized_word, sense_id = excluded.sense_id, phrase = excluded.phrase, normalized_phrase = excluded.normalized_phrase, meaning_zh = excluded.meaning_zh, example_en = excluded.example_en, example_zh = excluded.example_zh, collocation_type = excluded.collocation_type, sort_order = excluded.sort_order, publish_status = excluded.publish_status, updated_at = CURRENT_TIMESTAMP;
INSERT INTO vocabulary_scenario_links (vocabulary_id, word, normalized_word, scenario_id, relevance, created_at) VALUES ('second', 'second', 'second', 'time', 80, CURRENT_TIMESTAMP) ON CONFLICT(vocabulary_id, scenario_id) DO UPDATE SET word = excluded.word, normalized_word = excluded.normalized_word, relevance = excluded.relevance;

UPDATE core_vocabulary SET word = 'though', meaning_zh = '不过；然而', definition_en = 'used to show contrast with what has just been said', primary_part_of_speech = 'adverb', phonetic_us = '/ðoʊ/', phonetic_uk = '/ðoʊ/', updated_at = CURRENT_TIMESTAMP WHERE id = 'though';
UPDATE vocabulary_pronunciations SET phonetic = CASE accent WHEN 'us' THEN '/ðoʊ/' WHEN 'uk' THEN '/ðoʊ/' ELSE phonetic END, phonetic_source = 'manual-curation-pending-review', updated_at = CURRENT_TIMESTAMP WHERE vocabulary_id = 'though' AND accent IN ('us', 'uk');
INSERT INTO vocabulary_senses (id, vocabulary_id, word, normalized_word, part_of_speech, meaning_zh, definition_en, usage_note, sense_order, level, publish_status, updated_at) VALUES ('though-sense-1', 'though', 'though', 'though', 'adverb', '不过；然而', 'used to show contrast with what has just been said', 'Self-authored learner sense; pending review.', 1, NULL, 'active', CURRENT_TIMESTAMP) ON CONFLICT(id) DO UPDATE SET word = excluded.word, normalized_word = excluded.normalized_word, part_of_speech = excluded.part_of_speech, meaning_zh = excluded.meaning_zh, definition_en = excluded.definition_en, usage_note = excluded.usage_note, sense_order = excluded.sense_order, publish_status = excluded.publish_status, updated_at = CURRENT_TIMESTAMP;
INSERT INTO vocabulary_examples (id, vocabulary_id, word, normalized_word, sense_id, sentence_en, sentence_zh, source_type, source_ref, difficulty, example_order, publish_status, updated_at) VALUES ('though-example-1', 'though', 'though', 'though', 'though-sense-1', 'It was cold. I went outside, though.', '天气很冷，不过我还是出去了。', 'manual', 'top-500-public-content-v1-self-authored', 'easy', 1, 'active', CURRENT_TIMESTAMP) ON CONFLICT(id) DO UPDATE SET word = excluded.word, normalized_word = excluded.normalized_word, sense_id = excluded.sense_id, sentence_en = excluded.sentence_en, sentence_zh = excluded.sentence_zh, source_type = excluded.source_type, source_ref = excluded.source_ref, difficulty = excluded.difficulty, example_order = excluded.example_order, publish_status = excluded.publish_status, updated_at = CURRENT_TIMESTAMP;
INSERT INTO vocabulary_collocations (id, vocabulary_id, word, normalized_word, sense_id, phrase, normalized_phrase, meaning_zh, example_en, example_zh, collocation_type, sort_order, publish_status, updated_at) VALUES ('though-collocation-1', 'though', 'though', 'though', 'though-sense-1', 'even though', 'even though', '', '', '', 'phrase', 1, 'active', CURRENT_TIMESTAMP) ON CONFLICT(id) DO UPDATE SET word = excluded.word, normalized_word = excluded.normalized_word, sense_id = excluded.sense_id, phrase = excluded.phrase, normalized_phrase = excluded.normalized_phrase, meaning_zh = excluded.meaning_zh, example_en = excluded.example_en, example_zh = excluded.example_zh, collocation_type = excluded.collocation_type, sort_order = excluded.sort_order, publish_status = excluded.publish_status, updated_at = CURRENT_TIMESTAMP;
INSERT INTO vocabulary_scenario_links (vocabulary_id, word, normalized_word, scenario_id, relevance, created_at) VALUES ('though', 'though', 'though', 'problem-solving', 80, CURRENT_TIMESTAMP) ON CONFLICT(vocabulary_id, scenario_id) DO UPDATE SET word = excluded.word, normalized_word = excluded.normalized_word, relevance = excluded.relevance;

UPDATE core_vocabulary SET word = 'yes', meaning_zh = '是的', definition_en = 'used to give a positive answer or agreement', primary_part_of_speech = 'interjection', phonetic_us = '/jɛs/', phonetic_uk = '/jɛs/', updated_at = CURRENT_TIMESTAMP WHERE id = 'yes';
UPDATE vocabulary_pronunciations SET phonetic = CASE accent WHEN 'us' THEN '/jɛs/' WHEN 'uk' THEN '/jɛs/' ELSE phonetic END, phonetic_source = 'manual-curation-pending-review', updated_at = CURRENT_TIMESTAMP WHERE vocabulary_id = 'yes' AND accent IN ('us', 'uk');
INSERT INTO vocabulary_senses (id, vocabulary_id, word, normalized_word, part_of_speech, meaning_zh, definition_en, usage_note, sense_order, level, publish_status, updated_at) VALUES ('yes-sense-1', 'yes', 'yes', 'yes', 'interjection', '是的', 'used to give a positive answer or agreement', 'Self-authored learner sense; pending review.', 1, NULL, 'active', CURRENT_TIMESTAMP) ON CONFLICT(id) DO UPDATE SET word = excluded.word, normalized_word = excluded.normalized_word, part_of_speech = excluded.part_of_speech, meaning_zh = excluded.meaning_zh, definition_en = excluded.definition_en, usage_note = excluded.usage_note, sense_order = excluded.sense_order, publish_status = excluded.publish_status, updated_at = CURRENT_TIMESTAMP;
INSERT INTO vocabulary_examples (id, vocabulary_id, word, normalized_word, sense_id, sentence_en, sentence_zh, source_type, source_ref, difficulty, example_order, publish_status, updated_at) VALUES ('yes-example-1', 'yes', 'yes', 'yes', 'yes-sense-1', 'Yes, I can help you.', '是的，我可以帮你。', 'manual', 'top-500-public-content-v1-self-authored', 'easy', 1, 'active', CURRENT_TIMESTAMP) ON CONFLICT(id) DO UPDATE SET word = excluded.word, normalized_word = excluded.normalized_word, sense_id = excluded.sense_id, sentence_en = excluded.sentence_en, sentence_zh = excluded.sentence_zh, source_type = excluded.source_type, source_ref = excluded.source_ref, difficulty = excluded.difficulty, example_order = excluded.example_order, publish_status = excluded.publish_status, updated_at = CURRENT_TIMESTAMP;
INSERT INTO vocabulary_scenario_links (vocabulary_id, word, normalized_word, scenario_id, relevance, created_at) VALUES ('yes', 'yes', 'yes', 'communication', 80, CURRENT_TIMESTAMP) ON CONFLICT(vocabulary_id, scenario_id) DO UPDATE SET word = excluded.word, normalized_word = excluded.normalized_word, relevance = excluded.relevance;

UPDATE core_vocabulary SET word = 'love', meaning_zh = '喜爱；爱', definition_en = 'to like someone or something very much', primary_part_of_speech = 'verb', phonetic_us = '/ləv/', phonetic_uk = '/ləv/', updated_at = CURRENT_TIMESTAMP WHERE id = 'love';
UPDATE vocabulary_pronunciations SET phonetic = CASE accent WHEN 'us' THEN '/ləv/' WHEN 'uk' THEN '/ləv/' ELSE phonetic END, phonetic_source = 'manual-curation-pending-review', updated_at = CURRENT_TIMESTAMP WHERE vocabulary_id = 'love' AND accent IN ('us', 'uk');
INSERT INTO vocabulary_senses (id, vocabulary_id, word, normalized_word, part_of_speech, meaning_zh, definition_en, usage_note, sense_order, level, publish_status, updated_at) VALUES ('love-sense-1', 'love', 'love', 'love', 'verb', '喜爱；爱', 'to like someone or something very much', 'Self-authored learner sense; pending review.', 1, NULL, 'active', CURRENT_TIMESTAMP) ON CONFLICT(id) DO UPDATE SET word = excluded.word, normalized_word = excluded.normalized_word, part_of_speech = excluded.part_of_speech, meaning_zh = excluded.meaning_zh, definition_en = excluded.definition_en, usage_note = excluded.usage_note, sense_order = excluded.sense_order, publish_status = excluded.publish_status, updated_at = CURRENT_TIMESTAMP;
INSERT INTO vocabulary_examples (id, vocabulary_id, word, normalized_word, sense_id, sentence_en, sentence_zh, source_type, source_ref, difficulty, example_order, publish_status, updated_at) VALUES ('love-example-1', 'love', 'love', 'love', 'love-sense-1', 'I love this song.', '我喜欢这首歌。', 'manual', 'top-500-public-content-v1-self-authored', 'easy', 1, 'active', CURRENT_TIMESTAMP) ON CONFLICT(id) DO UPDATE SET word = excluded.word, normalized_word = excluded.normalized_word, sense_id = excluded.sense_id, sentence_en = excluded.sentence_en, sentence_zh = excluded.sentence_zh, source_type = excluded.source_type, source_ref = excluded.source_ref, difficulty = excluded.difficulty, example_order = excluded.example_order, publish_status = excluded.publish_status, updated_at = CURRENT_TIMESTAMP;
INSERT INTO vocabulary_collocations (id, vocabulary_id, word, normalized_word, sense_id, phrase, normalized_phrase, meaning_zh, example_en, example_zh, collocation_type, sort_order, publish_status, updated_at) VALUES ('love-collocation-1', 'love', 'love', 'love', 'love-sense-1', 'love doing', 'love doing', '', '', '', 'phrase', 1, 'active', CURRENT_TIMESTAMP) ON CONFLICT(id) DO UPDATE SET word = excluded.word, normalized_word = excluded.normalized_word, sense_id = excluded.sense_id, phrase = excluded.phrase, normalized_phrase = excluded.normalized_phrase, meaning_zh = excluded.meaning_zh, example_en = excluded.example_en, example_zh = excluded.example_zh, collocation_type = excluded.collocation_type, sort_order = excluded.sort_order, publish_status = excluded.publish_status, updated_at = CURRENT_TIMESTAMP;
INSERT INTO vocabulary_collocations (id, vocabulary_id, word, normalized_word, sense_id, phrase, normalized_phrase, meaning_zh, example_en, example_zh, collocation_type, sort_order, publish_status, updated_at) VALUES ('love-collocation-2', 'love', 'love', 'love', 'love-sense-1', 'fall in love', 'fall in love', '', '', '', 'phrase', 2, 'active', CURRENT_TIMESTAMP) ON CONFLICT(id) DO UPDATE SET word = excluded.word, normalized_word = excluded.normalized_word, sense_id = excluded.sense_id, phrase = excluded.phrase, normalized_phrase = excluded.normalized_phrase, meaning_zh = excluded.meaning_zh, example_en = excluded.example_en, example_zh = excluded.example_zh, collocation_type = excluded.collocation_type, sort_order = excluded.sort_order, publish_status = excluded.publish_status, updated_at = CURRENT_TIMESTAMP;
INSERT INTO vocabulary_scenario_links (vocabulary_id, word, normalized_word, scenario_id, relevance, created_at) VALUES ('love', 'love', 'love', 'emotion', 80, CURRENT_TIMESTAMP) ON CONFLICT(vocabulary_id, scenario_id) DO UPDATE SET word = excluded.word, normalized_word = excluded.normalized_word, relevance = excluded.relevance;

UPDATE core_vocabulary SET word = 'increase', meaning_zh = '增加；增长', definition_en = 'to become or make something larger in amount or number', primary_part_of_speech = 'verb', phonetic_us = '/ˌɪnˈkris/', phonetic_uk = '/ˌɪnˈkris/', updated_at = CURRENT_TIMESTAMP WHERE id = 'increase';
UPDATE vocabulary_pronunciations SET phonetic = CASE accent WHEN 'us' THEN '/ˌɪnˈkris/' WHEN 'uk' THEN '/ˌɪnˈkris/' ELSE phonetic END, phonetic_source = 'manual-curation-pending-review', updated_at = CURRENT_TIMESTAMP WHERE vocabulary_id = 'increase' AND accent IN ('us', 'uk');
INSERT INTO vocabulary_senses (id, vocabulary_id, word, normalized_word, part_of_speech, meaning_zh, definition_en, usage_note, sense_order, level, publish_status, updated_at) VALUES ('increase-sense-1', 'increase', 'increase', 'increase', 'verb', '增加；增长', 'to become or make something larger in amount or number', 'Self-authored learner sense; pending review.', 1, NULL, 'active', CURRENT_TIMESTAMP) ON CONFLICT(id) DO UPDATE SET word = excluded.word, normalized_word = excluded.normalized_word, part_of_speech = excluded.part_of_speech, meaning_zh = excluded.meaning_zh, definition_en = excluded.definition_en, usage_note = excluded.usage_note, sense_order = excluded.sense_order, publish_status = excluded.publish_status, updated_at = CURRENT_TIMESTAMP;
INSERT INTO vocabulary_examples (id, vocabulary_id, word, normalized_word, sense_id, sentence_en, sentence_zh, source_type, source_ref, difficulty, example_order, publish_status, updated_at) VALUES ('increase-example-1', 'increase', 'increase', 'increase', 'increase-sense-1', 'The price may increase next month.', '价格下个月可能会上涨。', 'manual', 'top-500-public-content-v1-self-authored', 'easy', 1, 'active', CURRENT_TIMESTAMP) ON CONFLICT(id) DO UPDATE SET word = excluded.word, normalized_word = excluded.normalized_word, sense_id = excluded.sense_id, sentence_en = excluded.sentence_en, sentence_zh = excluded.sentence_zh, source_type = excluded.source_type, source_ref = excluded.source_ref, difficulty = excluded.difficulty, example_order = excluded.example_order, publish_status = excluded.publish_status, updated_at = CURRENT_TIMESTAMP;
INSERT INTO vocabulary_collocations (id, vocabulary_id, word, normalized_word, sense_id, phrase, normalized_phrase, meaning_zh, example_en, example_zh, collocation_type, sort_order, publish_status, updated_at) VALUES ('increase-collocation-1', 'increase', 'increase', 'increase', 'increase-sense-1', 'increase by', 'increase by', '', '', '', 'phrase', 1, 'active', CURRENT_TIMESTAMP) ON CONFLICT(id) DO UPDATE SET word = excluded.word, normalized_word = excluded.normalized_word, sense_id = excluded.sense_id, phrase = excluded.phrase, normalized_phrase = excluded.normalized_phrase, meaning_zh = excluded.meaning_zh, example_en = excluded.example_en, example_zh = excluded.example_zh, collocation_type = excluded.collocation_type, sort_order = excluded.sort_order, publish_status = excluded.publish_status, updated_at = CURRENT_TIMESTAMP;
INSERT INTO vocabulary_collocations (id, vocabulary_id, word, normalized_word, sense_id, phrase, normalized_phrase, meaning_zh, example_en, example_zh, collocation_type, sort_order, publish_status, updated_at) VALUES ('increase-collocation-2', 'increase', 'increase', 'increase', 'increase-sense-1', 'increase in', 'increase in', '', '', '', 'phrase', 2, 'active', CURRENT_TIMESTAMP) ON CONFLICT(id) DO UPDATE SET word = excluded.word, normalized_word = excluded.normalized_word, sense_id = excluded.sense_id, phrase = excluded.phrase, normalized_phrase = excluded.normalized_phrase, meaning_zh = excluded.meaning_zh, example_en = excluded.example_en, example_zh = excluded.example_zh, collocation_type = excluded.collocation_type, sort_order = excluded.sort_order, publish_status = excluded.publish_status, updated_at = CURRENT_TIMESTAMP;
INSERT INTO vocabulary_scenario_links (vocabulary_id, word, normalized_word, scenario_id, relevance, created_at) VALUES ('increase', 'increase', 'increase', 'problem-solving', 80, CURRENT_TIMESTAMP) ON CONFLICT(vocabulary_id, scenario_id) DO UPDATE SET word = excluded.word, normalized_word = excluded.normalized_word, relevance = excluded.relevance;

UPDATE core_vocabulary SET word = 'job', meaning_zh = '工作', definition_en = 'work that someone does to earn money', primary_part_of_speech = 'noun', phonetic_us = '/ʤɑb/', phonetic_uk = '/ʤɑb/', updated_at = CURRENT_TIMESTAMP WHERE id = 'job';
UPDATE vocabulary_pronunciations SET phonetic = CASE accent WHEN 'us' THEN '/ʤɑb/' WHEN 'uk' THEN '/ʤɑb/' ELSE phonetic END, phonetic_source = 'manual-curation-pending-review', updated_at = CURRENT_TIMESTAMP WHERE vocabulary_id = 'job' AND accent IN ('us', 'uk');
INSERT INTO vocabulary_senses (id, vocabulary_id, word, normalized_word, part_of_speech, meaning_zh, definition_en, usage_note, sense_order, level, publish_status, updated_at) VALUES ('job-sense-1', 'job', 'job', 'job', 'noun', '工作', 'work that someone does to earn money', 'Self-authored learner sense; pending review.', 1, NULL, 'active', CURRENT_TIMESTAMP) ON CONFLICT(id) DO UPDATE SET word = excluded.word, normalized_word = excluded.normalized_word, part_of_speech = excluded.part_of_speech, meaning_zh = excluded.meaning_zh, definition_en = excluded.definition_en, usage_note = excluded.usage_note, sense_order = excluded.sense_order, publish_status = excluded.publish_status, updated_at = CURRENT_TIMESTAMP;
INSERT INTO vocabulary_examples (id, vocabulary_id, word, normalized_word, sense_id, sentence_en, sentence_zh, source_type, source_ref, difficulty, example_order, publish_status, updated_at) VALUES ('job-example-1', 'job', 'job', 'job', 'job-sense-1', 'He found a new job.', '他找到了一份新工作。', 'manual', 'top-500-public-content-v1-self-authored', 'easy', 1, 'active', CURRENT_TIMESTAMP) ON CONFLICT(id) DO UPDATE SET word = excluded.word, normalized_word = excluded.normalized_word, sense_id = excluded.sense_id, sentence_en = excluded.sentence_en, sentence_zh = excluded.sentence_zh, source_type = excluded.source_type, source_ref = excluded.source_ref, difficulty = excluded.difficulty, example_order = excluded.example_order, publish_status = excluded.publish_status, updated_at = CURRENT_TIMESTAMP;
INSERT INTO vocabulary_collocations (id, vocabulary_id, word, normalized_word, sense_id, phrase, normalized_phrase, meaning_zh, example_en, example_zh, collocation_type, sort_order, publish_status, updated_at) VALUES ('job-collocation-1', 'job', 'job', 'job', 'job-sense-1', 'find a job', 'find a job', '', '', '', 'phrase', 1, 'active', CURRENT_TIMESTAMP) ON CONFLICT(id) DO UPDATE SET word = excluded.word, normalized_word = excluded.normalized_word, sense_id = excluded.sense_id, phrase = excluded.phrase, normalized_phrase = excluded.normalized_phrase, meaning_zh = excluded.meaning_zh, example_en = excluded.example_en, example_zh = excluded.example_zh, collocation_type = excluded.collocation_type, sort_order = excluded.sort_order, publish_status = excluded.publish_status, updated_at = CURRENT_TIMESTAMP;
INSERT INTO vocabulary_collocations (id, vocabulary_id, word, normalized_word, sense_id, phrase, normalized_phrase, meaning_zh, example_en, example_zh, collocation_type, sort_order, publish_status, updated_at) VALUES ('job-collocation-2', 'job', 'job', 'job', 'job-sense-1', 'full-time job', 'full time job', '', '', '', 'phrase', 2, 'active', CURRENT_TIMESTAMP) ON CONFLICT(id) DO UPDATE SET word = excluded.word, normalized_word = excluded.normalized_word, sense_id = excluded.sense_id, phrase = excluded.phrase, normalized_phrase = excluded.normalized_phrase, meaning_zh = excluded.meaning_zh, example_en = excluded.example_en, example_zh = excluded.example_zh, collocation_type = excluded.collocation_type, sort_order = excluded.sort_order, publish_status = excluded.publish_status, updated_at = CURRENT_TIMESTAMP;
INSERT INTO vocabulary_scenario_links (vocabulary_id, word, normalized_word, scenario_id, relevance, created_at) VALUES ('job', 'job', 'job', 'work', 80, CURRENT_TIMESTAMP) ON CONFLICT(vocabulary_id, scenario_id) DO UPDATE SET word = excluded.word, normalized_word = excluded.normalized_word, relevance = excluded.relevance;

UPDATE core_vocabulary SET word = 'plan', meaning_zh = '计划；规划', definition_en = 'to decide what you will do and how you will do it', primary_part_of_speech = 'verb', phonetic_us = '/plæn/', phonetic_uk = '/plæn/', updated_at = CURRENT_TIMESTAMP WHERE id = 'plan';
UPDATE vocabulary_pronunciations SET phonetic = CASE accent WHEN 'us' THEN '/plæn/' WHEN 'uk' THEN '/plæn/' ELSE phonetic END, phonetic_source = 'manual-curation-pending-review', updated_at = CURRENT_TIMESTAMP WHERE vocabulary_id = 'plan' AND accent IN ('us', 'uk');
INSERT INTO vocabulary_senses (id, vocabulary_id, word, normalized_word, part_of_speech, meaning_zh, definition_en, usage_note, sense_order, level, publish_status, updated_at) VALUES ('plan-sense-1', 'plan', 'plan', 'plan', 'verb', '计划；规划', 'to decide what you will do and how you will do it', 'Self-authored learner sense; pending review.', 1, NULL, 'active', CURRENT_TIMESTAMP) ON CONFLICT(id) DO UPDATE SET word = excluded.word, normalized_word = excluded.normalized_word, part_of_speech = excluded.part_of_speech, meaning_zh = excluded.meaning_zh, definition_en = excluded.definition_en, usage_note = excluded.usage_note, sense_order = excluded.sense_order, publish_status = excluded.publish_status, updated_at = CURRENT_TIMESTAMP;
INSERT INTO vocabulary_examples (id, vocabulary_id, word, normalized_word, sense_id, sentence_en, sentence_zh, source_type, source_ref, difficulty, example_order, publish_status, updated_at) VALUES ('plan-example-1', 'plan', 'plan', 'plan', 'plan-sense-1', 'We need to plan the trip carefully.', '我们需要认真计划这次旅行。', 'manual', 'top-500-public-content-v1-self-authored', 'easy', 1, 'active', CURRENT_TIMESTAMP) ON CONFLICT(id) DO UPDATE SET word = excluded.word, normalized_word = excluded.normalized_word, sense_id = excluded.sense_id, sentence_en = excluded.sentence_en, sentence_zh = excluded.sentence_zh, source_type = excluded.source_type, source_ref = excluded.source_ref, difficulty = excluded.difficulty, example_order = excluded.example_order, publish_status = excluded.publish_status, updated_at = CURRENT_TIMESTAMP;
INSERT INTO vocabulary_collocations (id, vocabulary_id, word, normalized_word, sense_id, phrase, normalized_phrase, meaning_zh, example_en, example_zh, collocation_type, sort_order, publish_status, updated_at) VALUES ('plan-collocation-1', 'plan', 'plan', 'plan', 'plan-sense-1', 'make a plan', 'make a plan', '', '', '', 'phrase', 1, 'active', CURRENT_TIMESTAMP) ON CONFLICT(id) DO UPDATE SET word = excluded.word, normalized_word = excluded.normalized_word, sense_id = excluded.sense_id, phrase = excluded.phrase, normalized_phrase = excluded.normalized_phrase, meaning_zh = excluded.meaning_zh, example_en = excluded.example_en, example_zh = excluded.example_zh, collocation_type = excluded.collocation_type, sort_order = excluded.sort_order, publish_status = excluded.publish_status, updated_at = CURRENT_TIMESTAMP;
INSERT INTO vocabulary_collocations (id, vocabulary_id, word, normalized_word, sense_id, phrase, normalized_phrase, meaning_zh, example_en, example_zh, collocation_type, sort_order, publish_status, updated_at) VALUES ('plan-collocation-2', 'plan', 'plan', 'plan', 'plan-sense-1', 'plan ahead', 'plan ahead', '', '', '', 'phrase', 2, 'active', CURRENT_TIMESTAMP) ON CONFLICT(id) DO UPDATE SET word = excluded.word, normalized_word = excluded.normalized_word, sense_id = excluded.sense_id, phrase = excluded.phrase, normalized_phrase = excluded.normalized_phrase, meaning_zh = excluded.meaning_zh, example_en = excluded.example_en, example_zh = excluded.example_zh, collocation_type = excluded.collocation_type, sort_order = excluded.sort_order, publish_status = excluded.publish_status, updated_at = CURRENT_TIMESTAMP;
INSERT INTO vocabulary_scenario_links (vocabulary_id, word, normalized_word, scenario_id, relevance, created_at) VALUES ('plan', 'plan', 'plan', 'problem-solving', 80, CURRENT_TIMESTAMP) ON CONFLICT(vocabulary_id, scenario_id) DO UPDATE SET word = excluded.word, normalized_word = excluded.normalized_word, relevance = excluded.relevance;

UPDATE core_vocabulary SET word = 'result', meaning_zh = '结果；成果', definition_en = 'something that happens because of an action or event', primary_part_of_speech = 'noun', phonetic_us = '/rɪˈzəlt/', phonetic_uk = '/rɪˈzəlt/', updated_at = CURRENT_TIMESTAMP WHERE id = 'result';
UPDATE vocabulary_pronunciations SET phonetic = CASE accent WHEN 'us' THEN '/rɪˈzəlt/' WHEN 'uk' THEN '/rɪˈzəlt/' ELSE phonetic END, phonetic_source = 'manual-curation-pending-review', updated_at = CURRENT_TIMESTAMP WHERE vocabulary_id = 'result' AND accent IN ('us', 'uk');
INSERT INTO vocabulary_senses (id, vocabulary_id, word, normalized_word, part_of_speech, meaning_zh, definition_en, usage_note, sense_order, level, publish_status, updated_at) VALUES ('result-sense-1', 'result', 'result', 'result', 'noun', '结果；成果', 'something that happens because of an action or event', 'Self-authored learner sense; pending review.', 1, NULL, 'active', CURRENT_TIMESTAMP) ON CONFLICT(id) DO UPDATE SET word = excluded.word, normalized_word = excluded.normalized_word, part_of_speech = excluded.part_of_speech, meaning_zh = excluded.meaning_zh, definition_en = excluded.definition_en, usage_note = excluded.usage_note, sense_order = excluded.sense_order, publish_status = excluded.publish_status, updated_at = CURRENT_TIMESTAMP;
INSERT INTO vocabulary_examples (id, vocabulary_id, word, normalized_word, sense_id, sentence_en, sentence_zh, source_type, source_ref, difficulty, example_order, publish_status, updated_at) VALUES ('result-example-1', 'result', 'result', 'result', 'result-sense-1', 'The result was better than expected.', '结果比预期更好。', 'manual', 'top-500-public-content-v1-self-authored', 'easy', 1, 'active', CURRENT_TIMESTAMP) ON CONFLICT(id) DO UPDATE SET word = excluded.word, normalized_word = excluded.normalized_word, sense_id = excluded.sense_id, sentence_en = excluded.sentence_en, sentence_zh = excluded.sentence_zh, source_type = excluded.source_type, source_ref = excluded.source_ref, difficulty = excluded.difficulty, example_order = excluded.example_order, publish_status = excluded.publish_status, updated_at = CURRENT_TIMESTAMP;
INSERT INTO vocabulary_collocations (id, vocabulary_id, word, normalized_word, sense_id, phrase, normalized_phrase, meaning_zh, example_en, example_zh, collocation_type, sort_order, publish_status, updated_at) VALUES ('result-collocation-1', 'result', 'result', 'result', 'result-sense-1', 'test result', 'test result', '', '', '', 'phrase', 1, 'active', CURRENT_TIMESTAMP) ON CONFLICT(id) DO UPDATE SET word = excluded.word, normalized_word = excluded.normalized_word, sense_id = excluded.sense_id, phrase = excluded.phrase, normalized_phrase = excluded.normalized_phrase, meaning_zh = excluded.meaning_zh, example_en = excluded.example_en, example_zh = excluded.example_zh, collocation_type = excluded.collocation_type, sort_order = excluded.sort_order, publish_status = excluded.publish_status, updated_at = CURRENT_TIMESTAMP;
INSERT INTO vocabulary_collocations (id, vocabulary_id, word, normalized_word, sense_id, phrase, normalized_phrase, meaning_zh, example_en, example_zh, collocation_type, sort_order, publish_status, updated_at) VALUES ('result-collocation-2', 'result', 'result', 'result', 'result-sense-1', 'as a result', 'as a result', '', '', '', 'phrase', 2, 'active', CURRENT_TIMESTAMP) ON CONFLICT(id) DO UPDATE SET word = excluded.word, normalized_word = excluded.normalized_word, sense_id = excluded.sense_id, phrase = excluded.phrase, normalized_phrase = excluded.normalized_phrase, meaning_zh = excluded.meaning_zh, example_en = excluded.example_en, example_zh = excluded.example_zh, collocation_type = excluded.collocation_type, sort_order = excluded.sort_order, publish_status = excluded.publish_status, updated_at = CURRENT_TIMESTAMP;
INSERT INTO vocabulary_scenario_links (vocabulary_id, word, normalized_word, scenario_id, relevance, created_at) VALUES ('result', 'result', 'result', 'thinking', 80, CURRENT_TIMESTAMP) ON CONFLICT(vocabulary_id, scenario_id) DO UPDATE SET word = excluded.word, normalized_word = excluded.normalized_word, relevance = excluded.relevance;

UPDATE core_vocabulary SET word = 'away', meaning_zh = '不在；远离；在另一方向', definition_en = 'not in a place, or at a distance from someone or something', primary_part_of_speech = 'adverb', phonetic_us = '/əˈweɪ/', phonetic_uk = '/əˈweɪ/', updated_at = CURRENT_TIMESTAMP WHERE id = 'away';
UPDATE vocabulary_pronunciations SET phonetic = CASE accent WHEN 'us' THEN '/əˈweɪ/' WHEN 'uk' THEN '/əˈweɪ/' ELSE phonetic END, phonetic_source = 'manual-curation-pending-review', updated_at = CURRENT_TIMESTAMP WHERE vocabulary_id = 'away' AND accent IN ('us', 'uk');
INSERT INTO vocabulary_senses (id, vocabulary_id, word, normalized_word, part_of_speech, meaning_zh, definition_en, usage_note, sense_order, level, publish_status, updated_at) VALUES ('away-sense-1', 'away', 'away', 'away', 'adverb', '不在；远离；在另一方向', 'not in a place, or at a distance from someone or something', 'Self-authored learner sense; pending review.', 1, NULL, 'active', CURRENT_TIMESTAMP) ON CONFLICT(id) DO UPDATE SET word = excluded.word, normalized_word = excluded.normalized_word, part_of_speech = excluded.part_of_speech, meaning_zh = excluded.meaning_zh, definition_en = excluded.definition_en, usage_note = excluded.usage_note, sense_order = excluded.sense_order, publish_status = excluded.publish_status, updated_at = CURRENT_TIMESTAMP;
INSERT INTO vocabulary_examples (id, vocabulary_id, word, normalized_word, sense_id, sentence_en, sentence_zh, source_type, source_ref, difficulty, example_order, publish_status, updated_at) VALUES ('away-example-1', 'away', 'away', 'away', 'away-sense-1', 'She is away from home this week.', '她这周不在家。', 'manual', 'top-500-public-content-v1-self-authored', 'easy', 1, 'active', CURRENT_TIMESTAMP) ON CONFLICT(id) DO UPDATE SET word = excluded.word, normalized_word = excluded.normalized_word, sense_id = excluded.sense_id, sentence_en = excluded.sentence_en, sentence_zh = excluded.sentence_zh, source_type = excluded.source_type, source_ref = excluded.source_ref, difficulty = excluded.difficulty, example_order = excluded.example_order, publish_status = excluded.publish_status, updated_at = CURRENT_TIMESTAMP;
INSERT INTO vocabulary_collocations (id, vocabulary_id, word, normalized_word, sense_id, phrase, normalized_phrase, meaning_zh, example_en, example_zh, collocation_type, sort_order, publish_status, updated_at) VALUES ('away-collocation-1', 'away', 'away', 'away', 'away-sense-1', 'far away', 'far away', '', '', '', 'phrase', 1, 'active', CURRENT_TIMESTAMP) ON CONFLICT(id) DO UPDATE SET word = excluded.word, normalized_word = excluded.normalized_word, sense_id = excluded.sense_id, phrase = excluded.phrase, normalized_phrase = excluded.normalized_phrase, meaning_zh = excluded.meaning_zh, example_en = excluded.example_en, example_zh = excluded.example_zh, collocation_type = excluded.collocation_type, sort_order = excluded.sort_order, publish_status = excluded.publish_status, updated_at = CURRENT_TIMESTAMP;
INSERT INTO vocabulary_collocations (id, vocabulary_id, word, normalized_word, sense_id, phrase, normalized_phrase, meaning_zh, example_en, example_zh, collocation_type, sort_order, publish_status, updated_at) VALUES ('away-collocation-2', 'away', 'away', 'away', 'away-sense-1', 'go away', 'go away', '', '', '', 'phrase', 2, 'active', CURRENT_TIMESTAMP) ON CONFLICT(id) DO UPDATE SET word = excluded.word, normalized_word = excluded.normalized_word, sense_id = excluded.sense_id, phrase = excluded.phrase, normalized_phrase = excluded.normalized_phrase, meaning_zh = excluded.meaning_zh, example_en = excluded.example_en, example_zh = excluded.example_zh, collocation_type = excluded.collocation_type, sort_order = excluded.sort_order, publish_status = excluded.publish_status, updated_at = CURRENT_TIMESTAMP;
INSERT INTO vocabulary_scenario_links (vocabulary_id, word, normalized_word, scenario_id, relevance, created_at) VALUES ('away', 'away', 'away', 'problem-solving', 80, CURRENT_TIMESTAMP) ON CONFLICT(vocabulary_id, scenario_id) DO UPDATE SET word = excluded.word, normalized_word = excluded.normalized_word, relevance = excluded.relevance;

UPDATE core_vocabulary SET word = 'example', meaning_zh = '例子；示例', definition_en = 'something that shows or explains a general idea', primary_part_of_speech = 'noun', phonetic_us = '/ɪgˈzæmpəl/', phonetic_uk = '/ɪgˈzæmpəl/', updated_at = CURRENT_TIMESTAMP WHERE id = 'example';
UPDATE vocabulary_pronunciations SET phonetic = CASE accent WHEN 'us' THEN '/ɪgˈzæmpəl/' WHEN 'uk' THEN '/ɪgˈzæmpəl/' ELSE phonetic END, phonetic_source = 'manual-curation-pending-review', updated_at = CURRENT_TIMESTAMP WHERE vocabulary_id = 'example' AND accent IN ('us', 'uk');
INSERT INTO vocabulary_senses (id, vocabulary_id, word, normalized_word, part_of_speech, meaning_zh, definition_en, usage_note, sense_order, level, publish_status, updated_at) VALUES ('example-sense-1', 'example', 'example', 'example', 'noun', '例子；示例', 'something that shows or explains a general idea', 'Self-authored learner sense; pending review.', 1, NULL, 'active', CURRENT_TIMESTAMP) ON CONFLICT(id) DO UPDATE SET word = excluded.word, normalized_word = excluded.normalized_word, part_of_speech = excluded.part_of_speech, meaning_zh = excluded.meaning_zh, definition_en = excluded.definition_en, usage_note = excluded.usage_note, sense_order = excluded.sense_order, publish_status = excluded.publish_status, updated_at = CURRENT_TIMESTAMP;
INSERT INTO vocabulary_examples (id, vocabulary_id, word, normalized_word, sense_id, sentence_en, sentence_zh, source_type, source_ref, difficulty, example_order, publish_status, updated_at) VALUES ('example-example-1', 'example', 'example', 'example', 'example-sense-1', 'Can you give me an example?', '你能给我举个例子吗？', 'manual', 'top-500-public-content-v1-self-authored', 'easy', 1, 'active', CURRENT_TIMESTAMP) ON CONFLICT(id) DO UPDATE SET word = excluded.word, normalized_word = excluded.normalized_word, sense_id = excluded.sense_id, sentence_en = excluded.sentence_en, sentence_zh = excluded.sentence_zh, source_type = excluded.source_type, source_ref = excluded.source_ref, difficulty = excluded.difficulty, example_order = excluded.example_order, publish_status = excluded.publish_status, updated_at = CURRENT_TIMESTAMP;
INSERT INTO vocabulary_collocations (id, vocabulary_id, word, normalized_word, sense_id, phrase, normalized_phrase, meaning_zh, example_en, example_zh, collocation_type, sort_order, publish_status, updated_at) VALUES ('example-collocation-1', 'example', 'example', 'example', 'example-sense-1', 'for example', 'for example', '', '', '', 'phrase', 1, 'active', CURRENT_TIMESTAMP) ON CONFLICT(id) DO UPDATE SET word = excluded.word, normalized_word = excluded.normalized_word, sense_id = excluded.sense_id, phrase = excluded.phrase, normalized_phrase = excluded.normalized_phrase, meaning_zh = excluded.meaning_zh, example_en = excluded.example_en, example_zh = excluded.example_zh, collocation_type = excluded.collocation_type, sort_order = excluded.sort_order, publish_status = excluded.publish_status, updated_at = CURRENT_TIMESTAMP;
INSERT INTO vocabulary_collocations (id, vocabulary_id, word, normalized_word, sense_id, phrase, normalized_phrase, meaning_zh, example_en, example_zh, collocation_type, sort_order, publish_status, updated_at) VALUES ('example-collocation-2', 'example', 'example', 'example', 'example-sense-1', 'good example', 'good example', '', '', '', 'phrase', 2, 'active', CURRENT_TIMESTAMP) ON CONFLICT(id) DO UPDATE SET word = excluded.word, normalized_word = excluded.normalized_word, sense_id = excluded.sense_id, phrase = excluded.phrase, normalized_phrase = excluded.normalized_phrase, meaning_zh = excluded.meaning_zh, example_en = excluded.example_en, example_zh = excluded.example_zh, collocation_type = excluded.collocation_type, sort_order = excluded.sort_order, publish_status = excluded.publish_status, updated_at = CURRENT_TIMESTAMP;
INSERT INTO vocabulary_scenario_links (vocabulary_id, word, normalized_word, scenario_id, relevance, created_at) VALUES ('example', 'example', 'example', 'study', 80, CURRENT_TIMESTAMP) ON CONFLICT(vocabulary_id, scenario_id) DO UPDATE SET word = excluded.word, normalized_word = excluded.normalized_word, relevance = excluded.relevance;

UPDATE core_vocabulary SET word = 'happen', meaning_zh = '发生', definition_en = 'to take place or occur', primary_part_of_speech = 'verb', phonetic_us = '/ˈhæpən/', phonetic_uk = '/ˈhæpən/', updated_at = CURRENT_TIMESTAMP WHERE id = 'happen';
UPDATE vocabulary_pronunciations SET phonetic = CASE accent WHEN 'us' THEN '/ˈhæpən/' WHEN 'uk' THEN '/ˈhæpən/' ELSE phonetic END, phonetic_source = 'manual-curation-pending-review', updated_at = CURRENT_TIMESTAMP WHERE vocabulary_id = 'happen' AND accent IN ('us', 'uk');
INSERT INTO vocabulary_senses (id, vocabulary_id, word, normalized_word, part_of_speech, meaning_zh, definition_en, usage_note, sense_order, level, publish_status, updated_at) VALUES ('happen-sense-1', 'happen', 'happen', 'happen', 'verb', '发生', 'to take place or occur', 'Self-authored learner sense; pending review.', 1, NULL, 'active', CURRENT_TIMESTAMP) ON CONFLICT(id) DO UPDATE SET word = excluded.word, normalized_word = excluded.normalized_word, part_of_speech = excluded.part_of_speech, meaning_zh = excluded.meaning_zh, definition_en = excluded.definition_en, usage_note = excluded.usage_note, sense_order = excluded.sense_order, publish_status = excluded.publish_status, updated_at = CURRENT_TIMESTAMP;
INSERT INTO vocabulary_examples (id, vocabulary_id, word, normalized_word, sense_id, sentence_en, sentence_zh, source_type, source_ref, difficulty, example_order, publish_status, updated_at) VALUES ('happen-example-1', 'happen', 'happen', 'happen', 'happen-sense-1', 'What happened after the meeting?', '会议之后发生了什么？', 'manual', 'top-500-public-content-v1-self-authored', 'easy', 1, 'active', CURRENT_TIMESTAMP) ON CONFLICT(id) DO UPDATE SET word = excluded.word, normalized_word = excluded.normalized_word, sense_id = excluded.sense_id, sentence_en = excluded.sentence_en, sentence_zh = excluded.sentence_zh, source_type = excluded.source_type, source_ref = excluded.source_ref, difficulty = excluded.difficulty, example_order = excluded.example_order, publish_status = excluded.publish_status, updated_at = CURRENT_TIMESTAMP;
INSERT INTO vocabulary_collocations (id, vocabulary_id, word, normalized_word, sense_id, phrase, normalized_phrase, meaning_zh, example_en, example_zh, collocation_type, sort_order, publish_status, updated_at) VALUES ('happen-collocation-1', 'happen', 'happen', 'happen', 'happen-sense-1', 'happen to', 'happen to', '', '', '', 'phrase', 1, 'active', CURRENT_TIMESTAMP) ON CONFLICT(id) DO UPDATE SET word = excluded.word, normalized_word = excluded.normalized_word, sense_id = excluded.sense_id, phrase = excluded.phrase, normalized_phrase = excluded.normalized_phrase, meaning_zh = excluded.meaning_zh, example_en = excluded.example_en, example_zh = excluded.example_zh, collocation_type = excluded.collocation_type, sort_order = excluded.sort_order, publish_status = excluded.publish_status, updated_at = CURRENT_TIMESTAMP;
INSERT INTO vocabulary_collocations (id, vocabulary_id, word, normalized_word, sense_id, phrase, normalized_phrase, meaning_zh, example_en, example_zh, collocation_type, sort_order, publish_status, updated_at) VALUES ('happen-collocation-2', 'happen', 'happen', 'happen', 'happen-sense-1', 'what happened', 'what happened', '', '', '', 'phrase', 2, 'active', CURRENT_TIMESTAMP) ON CONFLICT(id) DO UPDATE SET word = excluded.word, normalized_word = excluded.normalized_word, sense_id = excluded.sense_id, phrase = excluded.phrase, normalized_phrase = excluded.normalized_phrase, meaning_zh = excluded.meaning_zh, example_en = excluded.example_en, example_zh = excluded.example_zh, collocation_type = excluded.collocation_type, sort_order = excluded.sort_order, publish_status = excluded.publish_status, updated_at = CURRENT_TIMESTAMP;
INSERT INTO vocabulary_scenario_links (vocabulary_id, word, normalized_word, scenario_id, relevance, created_at) VALUES ('happen', 'happen', 'happen', 'problem-solving', 80, CURRENT_TIMESTAMP) ON CONFLICT(vocabulary_id, scenario_id) DO UPDATE SET word = excluded.word, normalized_word = excluded.normalized_word, relevance = excluded.relevance;

UPDATE core_vocabulary SET word = 'offer', meaning_zh = '提供；提议；报价', definition_en = 'to say that you are willing to give or do something', primary_part_of_speech = 'verb', phonetic_us = '/ˈɔfər/', phonetic_uk = '/ˈɔfər/', updated_at = CURRENT_TIMESTAMP WHERE id = 'offer';
UPDATE vocabulary_pronunciations SET phonetic = CASE accent WHEN 'us' THEN '/ˈɔfər/' WHEN 'uk' THEN '/ˈɔfər/' ELSE phonetic END, phonetic_source = 'manual-curation-pending-review', updated_at = CURRENT_TIMESTAMP WHERE vocabulary_id = 'offer' AND accent IN ('us', 'uk');
INSERT INTO vocabulary_senses (id, vocabulary_id, word, normalized_word, part_of_speech, meaning_zh, definition_en, usage_note, sense_order, level, publish_status, updated_at) VALUES ('offer-sense-1', 'offer', 'offer', 'offer', 'verb', '提供；提议；报价', 'to say that you are willing to give or do something', 'Self-authored learner sense; pending review.', 1, NULL, 'active', CURRENT_TIMESTAMP) ON CONFLICT(id) DO UPDATE SET word = excluded.word, normalized_word = excluded.normalized_word, part_of_speech = excluded.part_of_speech, meaning_zh = excluded.meaning_zh, definition_en = excluded.definition_en, usage_note = excluded.usage_note, sense_order = excluded.sense_order, publish_status = excluded.publish_status, updated_at = CURRENT_TIMESTAMP;
INSERT INTO vocabulary_examples (id, vocabulary_id, word, normalized_word, sense_id, sentence_en, sentence_zh, source_type, source_ref, difficulty, example_order, publish_status, updated_at) VALUES ('offer-example-1', 'offer', 'offer', 'offer', 'offer-sense-1', 'They offered me a good job.', '他们给了我一份好工作。', 'manual', 'top-500-public-content-v1-self-authored', 'easy', 1, 'active', CURRENT_TIMESTAMP) ON CONFLICT(id) DO UPDATE SET word = excluded.word, normalized_word = excluded.normalized_word, sense_id = excluded.sense_id, sentence_en = excluded.sentence_en, sentence_zh = excluded.sentence_zh, source_type = excluded.source_type, source_ref = excluded.source_ref, difficulty = excluded.difficulty, example_order = excluded.example_order, publish_status = excluded.publish_status, updated_at = CURRENT_TIMESTAMP;
INSERT INTO vocabulary_collocations (id, vocabulary_id, word, normalized_word, sense_id, phrase, normalized_phrase, meaning_zh, example_en, example_zh, collocation_type, sort_order, publish_status, updated_at) VALUES ('offer-collocation-1', 'offer', 'offer', 'offer', 'offer-sense-1', 'offer help', 'offer help', '', '', '', 'phrase', 1, 'active', CURRENT_TIMESTAMP) ON CONFLICT(id) DO UPDATE SET word = excluded.word, normalized_word = excluded.normalized_word, sense_id = excluded.sense_id, phrase = excluded.phrase, normalized_phrase = excluded.normalized_phrase, meaning_zh = excluded.meaning_zh, example_en = excluded.example_en, example_zh = excluded.example_zh, collocation_type = excluded.collocation_type, sort_order = excluded.sort_order, publish_status = excluded.publish_status, updated_at = CURRENT_TIMESTAMP;
INSERT INTO vocabulary_collocations (id, vocabulary_id, word, normalized_word, sense_id, phrase, normalized_phrase, meaning_zh, example_en, example_zh, collocation_type, sort_order, publish_status, updated_at) VALUES ('offer-collocation-2', 'offer', 'offer', 'offer', 'offer-sense-1', 'job offer', 'job offer', '', '', '', 'phrase', 2, 'active', CURRENT_TIMESTAMP) ON CONFLICT(id) DO UPDATE SET word = excluded.word, normalized_word = excluded.normalized_word, sense_id = excluded.sense_id, phrase = excluded.phrase, normalized_phrase = excluded.normalized_phrase, meaning_zh = excluded.meaning_zh, example_en = excluded.example_en, example_zh = excluded.example_zh, collocation_type = excluded.collocation_type, sort_order = excluded.sort_order, publish_status = excluded.publish_status, updated_at = CURRENT_TIMESTAMP;
INSERT INTO vocabulary_scenario_links (vocabulary_id, word, normalized_word, scenario_id, relevance, created_at) VALUES ('offer', 'offer', 'offer', 'work', 80, CURRENT_TIMESTAMP) ON CONFLICT(vocabulary_id, scenario_id) DO UPDATE SET word = excluded.word, normalized_word = excluded.normalized_word, relevance = excluded.relevance;

UPDATE core_vocabulary SET word = 'young', meaning_zh = '幼小的；未成熟的', definition_en = 'not old, or at an early stage of life', primary_part_of_speech = 'adjective', phonetic_us = '/jəŋ/', phonetic_uk = '/jəŋ/', updated_at = CURRENT_TIMESTAMP WHERE id = 'young';
UPDATE vocabulary_pronunciations SET phonetic = CASE accent WHEN 'us' THEN '/jəŋ/' WHEN 'uk' THEN '/jəŋ/' ELSE phonetic END, phonetic_source = 'manual-curation-pending-review', updated_at = CURRENT_TIMESTAMP WHERE vocabulary_id = 'young' AND accent IN ('us', 'uk');
INSERT INTO vocabulary_senses (id, vocabulary_id, word, normalized_word, part_of_speech, meaning_zh, definition_en, usage_note, sense_order, level, publish_status, updated_at) VALUES ('young-sense-1', 'young', 'young', 'young', 'adjective', '幼小的；未成熟的', 'not old, or at an early stage of life', 'Self-authored learner sense; pending review.', 1, NULL, 'active', CURRENT_TIMESTAMP) ON CONFLICT(id) DO UPDATE SET word = excluded.word, normalized_word = excluded.normalized_word, part_of_speech = excluded.part_of_speech, meaning_zh = excluded.meaning_zh, definition_en = excluded.definition_en, usage_note = excluded.usage_note, sense_order = excluded.sense_order, publish_status = excluded.publish_status, updated_at = CURRENT_TIMESTAMP;
INSERT INTO vocabulary_examples (id, vocabulary_id, word, normalized_word, sense_id, sentence_en, sentence_zh, source_type, source_ref, difficulty, example_order, publish_status, updated_at) VALUES ('young-example-1', 'young', 'young', 'young', 'young-sense-1', 'The young child smiled at me.', '那个小孩对我笑了。', 'manual', 'top-500-public-content-v1-self-authored', 'easy', 1, 'active', CURRENT_TIMESTAMP) ON CONFLICT(id) DO UPDATE SET word = excluded.word, normalized_word = excluded.normalized_word, sense_id = excluded.sense_id, sentence_en = excluded.sentence_en, sentence_zh = excluded.sentence_zh, source_type = excluded.source_type, source_ref = excluded.source_ref, difficulty = excluded.difficulty, example_order = excluded.example_order, publish_status = excluded.publish_status, updated_at = CURRENT_TIMESTAMP;
INSERT INTO vocabulary_collocations (id, vocabulary_id, word, normalized_word, sense_id, phrase, normalized_phrase, meaning_zh, example_en, example_zh, collocation_type, sort_order, publish_status, updated_at) VALUES ('young-collocation-1', 'young', 'young', 'young', 'young-sense-1', 'young people', 'young people', '', '', '', 'phrase', 1, 'active', CURRENT_TIMESTAMP) ON CONFLICT(id) DO UPDATE SET word = excluded.word, normalized_word = excluded.normalized_word, sense_id = excluded.sense_id, phrase = excluded.phrase, normalized_phrase = excluded.normalized_phrase, meaning_zh = excluded.meaning_zh, example_en = excluded.example_en, example_zh = excluded.example_zh, collocation_type = excluded.collocation_type, sort_order = excluded.sort_order, publish_status = excluded.publish_status, updated_at = CURRENT_TIMESTAMP;
INSERT INTO vocabulary_collocations (id, vocabulary_id, word, normalized_word, sense_id, phrase, normalized_phrase, meaning_zh, example_en, example_zh, collocation_type, sort_order, publish_status, updated_at) VALUES ('young-collocation-2', 'young', 'young', 'young', 'young-sense-1', 'young child', 'young child', '', '', '', 'phrase', 2, 'active', CURRENT_TIMESTAMP) ON CONFLICT(id) DO UPDATE SET word = excluded.word, normalized_word = excluded.normalized_word, sense_id = excluded.sense_id, phrase = excluded.phrase, normalized_phrase = excluded.normalized_phrase, meaning_zh = excluded.meaning_zh, example_en = excluded.example_en, example_zh = excluded.example_zh, collocation_type = excluded.collocation_type, sort_order = excluded.sort_order, publish_status = excluded.publish_status, updated_at = CURRENT_TIMESTAMP;
INSERT INTO vocabulary_scenario_links (vocabulary_id, word, normalized_word, scenario_id, relevance, created_at) VALUES ('young', 'young', 'young', 'problem-solving', 80, CURRENT_TIMESTAMP) ON CONFLICT(vocabulary_id, scenario_id) DO UPDATE SET word = excluded.word, normalized_word = excluded.normalized_word, relevance = excluded.relevance;

UPDATE core_vocabulary SET word = 'close', meaning_zh = '近的；亲近的', definition_en = 'near in distance, time, or relationship', primary_part_of_speech = 'adjective', phonetic_us = '/kloʊs/', phonetic_uk = '/kləʊs/', updated_at = CURRENT_TIMESTAMP WHERE id = 'close';
UPDATE vocabulary_pronunciations SET phonetic = CASE accent WHEN 'us' THEN '/kloʊs/' WHEN 'uk' THEN '/kləʊs/' ELSE phonetic END, phonetic_source = 'manual-curation-pending-review', updated_at = CURRENT_TIMESTAMP WHERE vocabulary_id = 'close' AND accent IN ('us', 'uk');
INSERT INTO vocabulary_senses (id, vocabulary_id, word, normalized_word, part_of_speech, meaning_zh, definition_en, usage_note, sense_order, level, publish_status, updated_at) VALUES ('close-sense-1', 'close', 'close', 'close', 'adjective', '近的；亲近的', 'near in distance, time, or relationship', 'Self-authored learner sense; pending review.', 1, NULL, 'active', CURRENT_TIMESTAMP) ON CONFLICT(id) DO UPDATE SET word = excluded.word, normalized_word = excluded.normalized_word, part_of_speech = excluded.part_of_speech, meaning_zh = excluded.meaning_zh, definition_en = excluded.definition_en, usage_note = excluded.usage_note, sense_order = excluded.sense_order, publish_status = excluded.publish_status, updated_at = CURRENT_TIMESTAMP;
INSERT INTO vocabulary_examples (id, vocabulary_id, word, normalized_word, sense_id, sentence_en, sentence_zh, source_type, source_ref, difficulty, example_order, publish_status, updated_at) VALUES ('close-example-1', 'close', 'close', 'close', 'close-sense-1', 'The station is close to my office.', '车站离我的办公室很近。', 'manual', 'top-500-public-content-v1-self-authored', 'easy', 1, 'active', CURRENT_TIMESTAMP) ON CONFLICT(id) DO UPDATE SET word = excluded.word, normalized_word = excluded.normalized_word, sense_id = excluded.sense_id, sentence_en = excluded.sentence_en, sentence_zh = excluded.sentence_zh, source_type = excluded.source_type, source_ref = excluded.source_ref, difficulty = excluded.difficulty, example_order = excluded.example_order, publish_status = excluded.publish_status, updated_at = CURRENT_TIMESTAMP;
INSERT INTO vocabulary_collocations (id, vocabulary_id, word, normalized_word, sense_id, phrase, normalized_phrase, meaning_zh, example_en, example_zh, collocation_type, sort_order, publish_status, updated_at) VALUES ('close-collocation-1', 'close', 'close', 'close', 'close-sense-1', 'close to', 'close to', '', '', '', 'phrase', 1, 'active', CURRENT_TIMESTAMP) ON CONFLICT(id) DO UPDATE SET word = excluded.word, normalized_word = excluded.normalized_word, sense_id = excluded.sense_id, phrase = excluded.phrase, normalized_phrase = excluded.normalized_phrase, meaning_zh = excluded.meaning_zh, example_en = excluded.example_en, example_zh = excluded.example_zh, collocation_type = excluded.collocation_type, sort_order = excluded.sort_order, publish_status = excluded.publish_status, updated_at = CURRENT_TIMESTAMP;
INSERT INTO vocabulary_collocations (id, vocabulary_id, word, normalized_word, sense_id, phrase, normalized_phrase, meaning_zh, example_en, example_zh, collocation_type, sort_order, publish_status, updated_at) VALUES ('close-collocation-2', 'close', 'close', 'close', 'close-sense-1', 'close friend', 'close friend', '', '', '', 'phrase', 2, 'active', CURRENT_TIMESTAMP) ON CONFLICT(id) DO UPDATE SET word = excluded.word, normalized_word = excluded.normalized_word, sense_id = excluded.sense_id, phrase = excluded.phrase, normalized_phrase = excluded.normalized_phrase, meaning_zh = excluded.meaning_zh, example_en = excluded.example_en, example_zh = excluded.example_zh, collocation_type = excluded.collocation_type, sort_order = excluded.sort_order, publish_status = excluded.publish_status, updated_at = CURRENT_TIMESTAMP;
INSERT INTO vocabulary_scenario_links (vocabulary_id, word, normalized_word, scenario_id, relevance, created_at) VALUES ('close', 'close', 'close', 'problem-solving', 80, CURRENT_TIMESTAMP) ON CONFLICT(vocabulary_id, scenario_id) DO UPDATE SET word = excluded.word, normalized_word = excluded.normalized_word, relevance = excluded.relevance;

UPDATE core_vocabulary SET word = 'program', meaning_zh = '计划；程序', definition_en = 'a planned set of activities, or instructions for a computer', primary_part_of_speech = 'noun', phonetic_us = '/ˈproʊˌgræm/', phonetic_uk = '/ˈproʊˌgræm/', updated_at = CURRENT_TIMESTAMP WHERE id = 'program';
UPDATE vocabulary_pronunciations SET phonetic = CASE accent WHEN 'us' THEN '/ˈproʊˌgræm/' WHEN 'uk' THEN '/ˈproʊˌgræm/' ELSE phonetic END, phonetic_source = 'manual-curation-pending-review', updated_at = CURRENT_TIMESTAMP WHERE vocabulary_id = 'program' AND accent IN ('us', 'uk');
INSERT INTO vocabulary_senses (id, vocabulary_id, word, normalized_word, part_of_speech, meaning_zh, definition_en, usage_note, sense_order, level, publish_status, updated_at) VALUES ('program-sense-1', 'program', 'program', 'program', 'noun', '计划；程序', 'a planned set of activities, or instructions for a computer', 'Self-authored learner sense; pending review.', 1, NULL, 'active', CURRENT_TIMESTAMP) ON CONFLICT(id) DO UPDATE SET word = excluded.word, normalized_word = excluded.normalized_word, part_of_speech = excluded.part_of_speech, meaning_zh = excluded.meaning_zh, definition_en = excluded.definition_en, usage_note = excluded.usage_note, sense_order = excluded.sense_order, publish_status = excluded.publish_status, updated_at = CURRENT_TIMESTAMP;
INSERT INTO vocabulary_examples (id, vocabulary_id, word, normalized_word, sense_id, sentence_en, sentence_zh, source_type, source_ref, difficulty, example_order, publish_status, updated_at) VALUES ('program-example-1', 'program', 'program', 'program', 'program-sense-1', 'This program helps students learn.', '这个项目帮助学生学习。', 'manual', 'top-500-public-content-v1-self-authored', 'easy', 1, 'active', CURRENT_TIMESTAMP) ON CONFLICT(id) DO UPDATE SET word = excluded.word, normalized_word = excluded.normalized_word, sense_id = excluded.sense_id, sentence_en = excluded.sentence_en, sentence_zh = excluded.sentence_zh, source_type = excluded.source_type, source_ref = excluded.source_ref, difficulty = excluded.difficulty, example_order = excluded.example_order, publish_status = excluded.publish_status, updated_at = CURRENT_TIMESTAMP;
INSERT INTO vocabulary_collocations (id, vocabulary_id, word, normalized_word, sense_id, phrase, normalized_phrase, meaning_zh, example_en, example_zh, collocation_type, sort_order, publish_status, updated_at) VALUES ('program-collocation-1', 'program', 'program', 'program', 'program-sense-1', 'training program', 'training program', '', '', '', 'phrase', 1, 'active', CURRENT_TIMESTAMP) ON CONFLICT(id) DO UPDATE SET word = excluded.word, normalized_word = excluded.normalized_word, sense_id = excluded.sense_id, phrase = excluded.phrase, normalized_phrase = excluded.normalized_phrase, meaning_zh = excluded.meaning_zh, example_en = excluded.example_en, example_zh = excluded.example_zh, collocation_type = excluded.collocation_type, sort_order = excluded.sort_order, publish_status = excluded.publish_status, updated_at = CURRENT_TIMESTAMP;
INSERT INTO vocabulary_collocations (id, vocabulary_id, word, normalized_word, sense_id, phrase, normalized_phrase, meaning_zh, example_en, example_zh, collocation_type, sort_order, publish_status, updated_at) VALUES ('program-collocation-2', 'program', 'program', 'program', 'program-sense-1', 'computer program', 'computer program', '', '', '', 'phrase', 2, 'active', CURRENT_TIMESTAMP) ON CONFLICT(id) DO UPDATE SET word = excluded.word, normalized_word = excluded.normalized_word, sense_id = excluded.sense_id, phrase = excluded.phrase, normalized_phrase = excluded.normalized_phrase, meaning_zh = excluded.meaning_zh, example_en = excluded.example_en, example_zh = excluded.example_zh, collocation_type = excluded.collocation_type, sort_order = excluded.sort_order, publish_status = excluded.publish_status, updated_at = CURRENT_TIMESTAMP;
INSERT INTO vocabulary_scenario_links (vocabulary_id, word, normalized_word, scenario_id, relevance, created_at) VALUES ('program', 'program', 'program', 'study', 80, CURRENT_TIMESTAMP) ON CONFLICT(vocabulary_id, scenario_id) DO UPDATE SET word = excluded.word, normalized_word = excluded.normalized_word, relevance = excluded.relevance;
INSERT INTO vocabulary_scenario_links (vocabulary_id, word, normalized_word, scenario_id, relevance, created_at) VALUES ('program', 'program', 'program', 'work', 80, CURRENT_TIMESTAMP) ON CONFLICT(vocabulary_id, scenario_id) DO UPDATE SET word = excluded.word, normalized_word = excluded.normalized_word, relevance = excluded.relevance;
