-- Top 500 public vocabulary content v1, part 7.
-- Self-authored learner definitions and examples for words 321-340.
-- Phonetics are bootstrap IPA values and remain tracked for manual review.

UPDATE core_vocabulary SET word = 'deal', meaning_zh = '处理；交易', definition_en = 'to handle a situation or make an agreement', primary_part_of_speech = 'verb', phonetic_us = '/dil/', phonetic_uk = '/dil/', updated_at = CURRENT_TIMESTAMP WHERE id = 'deal';
UPDATE vocabulary_pronunciations SET phonetic = CASE accent WHEN 'us' THEN '/dil/' WHEN 'uk' THEN '/dil/' ELSE phonetic END, phonetic_source = 'manual-curation-pending-review', updated_at = CURRENT_TIMESTAMP WHERE vocabulary_id = 'deal' AND accent IN ('us', 'uk');
INSERT INTO vocabulary_senses (id, vocabulary_id, word, normalized_word, part_of_speech, meaning_zh, definition_en, usage_note, sense_order, level, publish_status, updated_at) VALUES ('deal-sense-1', 'deal', 'deal', 'deal', 'verb', '处理；交易', 'to handle a situation or make an agreement', 'Self-authored learner sense; pending review.', 1, NULL, 'active', CURRENT_TIMESTAMP) ON CONFLICT(id) DO UPDATE SET word = excluded.word, normalized_word = excluded.normalized_word, part_of_speech = excluded.part_of_speech, meaning_zh = excluded.meaning_zh, definition_en = excluded.definition_en, usage_note = excluded.usage_note, sense_order = excluded.sense_order, publish_status = excluded.publish_status, updated_at = CURRENT_TIMESTAMP;
INSERT INTO vocabulary_examples (id, vocabulary_id, word, normalized_word, sense_id, sentence_en, sentence_zh, source_type, source_ref, difficulty, example_order, publish_status, updated_at) VALUES ('deal-example-1', 'deal', 'deal', 'deal', 'deal-sense-1', 'We need to deal with this problem.', '我们需要处理这个问题。', 'manual', 'top-500-public-content-v1-self-authored', 'easy', 1, 'active', CURRENT_TIMESTAMP) ON CONFLICT(id) DO UPDATE SET word = excluded.word, normalized_word = excluded.normalized_word, sense_id = excluded.sense_id, sentence_en = excluded.sentence_en, sentence_zh = excluded.sentence_zh, source_type = excluded.source_type, source_ref = excluded.source_ref, difficulty = excluded.difficulty, example_order = excluded.example_order, publish_status = excluded.publish_status, updated_at = CURRENT_TIMESTAMP;
INSERT INTO vocabulary_collocations (id, vocabulary_id, word, normalized_word, sense_id, phrase, normalized_phrase, meaning_zh, example_en, example_zh, collocation_type, sort_order, publish_status, updated_at) VALUES ('deal-collocation-1', 'deal', 'deal', 'deal', 'deal-sense-1', 'deal with', 'deal with', '', '', '', 'phrase', 1, 'active', CURRENT_TIMESTAMP) ON CONFLICT(id) DO UPDATE SET word = excluded.word, normalized_word = excluded.normalized_word, sense_id = excluded.sense_id, phrase = excluded.phrase, normalized_phrase = excluded.normalized_phrase, meaning_zh = excluded.meaning_zh, example_en = excluded.example_en, example_zh = excluded.example_zh, collocation_type = excluded.collocation_type, sort_order = excluded.sort_order, publish_status = excluded.publish_status, updated_at = CURRENT_TIMESTAMP;
INSERT INTO vocabulary_collocations (id, vocabulary_id, word, normalized_word, sense_id, phrase, normalized_phrase, meaning_zh, example_en, example_zh, collocation_type, sort_order, publish_status, updated_at) VALUES ('deal-collocation-2', 'deal', 'deal', 'deal', 'deal-sense-1', 'good deal', 'good deal', '', '', '', 'phrase', 2, 'active', CURRENT_TIMESTAMP) ON CONFLICT(id) DO UPDATE SET word = excluded.word, normalized_word = excluded.normalized_word, sense_id = excluded.sense_id, phrase = excluded.phrase, normalized_phrase = excluded.normalized_phrase, meaning_zh = excluded.meaning_zh, example_en = excluded.example_en, example_zh = excluded.example_zh, collocation_type = excluded.collocation_type, sort_order = excluded.sort_order, publish_status = excluded.publish_status, updated_at = CURRENT_TIMESTAMP;
INSERT INTO vocabulary_scenario_links (vocabulary_id, word, normalized_word, scenario_id, relevance, created_at) VALUES ('deal', 'deal', 'deal', 'problem-solving', 80, CURRENT_TIMESTAMP) ON CONFLICT(vocabulary_id, scenario_id) DO UPDATE SET word = excluded.word, normalized_word = excluded.normalized_word, relevance = excluded.relevance;

UPDATE core_vocabulary SET word = 'water', meaning_zh = '水', definition_en = 'the clear liquid that people, animals, and plants need to live', primary_part_of_speech = 'noun', phonetic_us = '/ˈwɔtər/', phonetic_uk = '/ˈwɔtər/', updated_at = CURRENT_TIMESTAMP WHERE id = 'water';
UPDATE vocabulary_pronunciations SET phonetic = CASE accent WHEN 'us' THEN '/ˈwɔtər/' WHEN 'uk' THEN '/ˈwɔtər/' ELSE phonetic END, phonetic_source = 'manual-curation-pending-review', updated_at = CURRENT_TIMESTAMP WHERE vocabulary_id = 'water' AND accent IN ('us', 'uk');
INSERT INTO vocabulary_senses (id, vocabulary_id, word, normalized_word, part_of_speech, meaning_zh, definition_en, usage_note, sense_order, level, publish_status, updated_at) VALUES ('water-sense-1', 'water', 'water', 'water', 'noun', '水', 'the clear liquid that people, animals, and plants need to live', 'Self-authored learner sense; pending review.', 1, NULL, 'active', CURRENT_TIMESTAMP) ON CONFLICT(id) DO UPDATE SET word = excluded.word, normalized_word = excluded.normalized_word, part_of_speech = excluded.part_of_speech, meaning_zh = excluded.meaning_zh, definition_en = excluded.definition_en, usage_note = excluded.usage_note, sense_order = excluded.sense_order, publish_status = excluded.publish_status, updated_at = CURRENT_TIMESTAMP;
INSERT INTO vocabulary_examples (id, vocabulary_id, word, normalized_word, sense_id, sentence_en, sentence_zh, source_type, source_ref, difficulty, example_order, publish_status, updated_at) VALUES ('water-example-1', 'water', 'water', 'water', 'water-sense-1', 'Please drink more water.', '请多喝水。', 'manual', 'top-500-public-content-v1-self-authored', 'easy', 1, 'active', CURRENT_TIMESTAMP) ON CONFLICT(id) DO UPDATE SET word = excluded.word, normalized_word = excluded.normalized_word, sense_id = excluded.sense_id, sentence_en = excluded.sentence_en, sentence_zh = excluded.sentence_zh, source_type = excluded.source_type, source_ref = excluded.source_ref, difficulty = excluded.difficulty, example_order = excluded.example_order, publish_status = excluded.publish_status, updated_at = CURRENT_TIMESTAMP;
INSERT INTO vocabulary_collocations (id, vocabulary_id, word, normalized_word, sense_id, phrase, normalized_phrase, meaning_zh, example_en, example_zh, collocation_type, sort_order, publish_status, updated_at) VALUES ('water-collocation-1', 'water', 'water', 'water', 'water-sense-1', 'drink water', 'drink water', '', '', '', 'phrase', 1, 'active', CURRENT_TIMESTAMP) ON CONFLICT(id) DO UPDATE SET word = excluded.word, normalized_word = excluded.normalized_word, sense_id = excluded.sense_id, phrase = excluded.phrase, normalized_phrase = excluded.normalized_phrase, meaning_zh = excluded.meaning_zh, example_en = excluded.example_en, example_zh = excluded.example_zh, collocation_type = excluded.collocation_type, sort_order = excluded.sort_order, publish_status = excluded.publish_status, updated_at = CURRENT_TIMESTAMP;
INSERT INTO vocabulary_collocations (id, vocabulary_id, word, normalized_word, sense_id, phrase, normalized_phrase, meaning_zh, example_en, example_zh, collocation_type, sort_order, publish_status, updated_at) VALUES ('water-collocation-2', 'water', 'water', 'water', 'water-sense-1', 'clean water', 'clean water', '', '', '', 'phrase', 2, 'active', CURRENT_TIMESTAMP) ON CONFLICT(id) DO UPDATE SET word = excluded.word, normalized_word = excluded.normalized_word, sense_id = excluded.sense_id, phrase = excluded.phrase, normalized_phrase = excluded.normalized_phrase, meaning_zh = excluded.meaning_zh, example_en = excluded.example_en, example_zh = excluded.example_zh, collocation_type = excluded.collocation_type, sort_order = excluded.sort_order, publish_status = excluded.publish_status, updated_at = CURRENT_TIMESTAMP;
INSERT INTO vocabulary_scenario_links (vocabulary_id, word, normalized_word, scenario_id, relevance, created_at) VALUES ('water', 'water', 'water', 'daily', 80, CURRENT_TIMESTAMP) ON CONFLICT(vocabulary_id, scenario_id) DO UPDATE SET word = excluded.word, normalized_word = excluded.normalized_word, relevance = excluded.relevance;

UPDATE core_vocabulary SET word = 'send', meaning_zh = '发送；寄', definition_en = 'to make something go or be taken to another place', primary_part_of_speech = 'verb', phonetic_us = '/sɛnd/', phonetic_uk = '/sɛnd/', updated_at = CURRENT_TIMESTAMP WHERE id = 'send';
UPDATE vocabulary_pronunciations SET phonetic = CASE accent WHEN 'us' THEN '/sɛnd/' WHEN 'uk' THEN '/sɛnd/' ELSE phonetic END, phonetic_source = 'manual-curation-pending-review', updated_at = CURRENT_TIMESTAMP WHERE vocabulary_id = 'send' AND accent IN ('us', 'uk');
INSERT INTO vocabulary_senses (id, vocabulary_id, word, normalized_word, part_of_speech, meaning_zh, definition_en, usage_note, sense_order, level, publish_status, updated_at) VALUES ('send-sense-1', 'send', 'send', 'send', 'verb', '发送；寄', 'to make something go or be taken to another place', 'Self-authored learner sense; pending review.', 1, NULL, 'active', CURRENT_TIMESTAMP) ON CONFLICT(id) DO UPDATE SET word = excluded.word, normalized_word = excluded.normalized_word, part_of_speech = excluded.part_of_speech, meaning_zh = excluded.meaning_zh, definition_en = excluded.definition_en, usage_note = excluded.usage_note, sense_order = excluded.sense_order, publish_status = excluded.publish_status, updated_at = CURRENT_TIMESTAMP;
INSERT INTO vocabulary_examples (id, vocabulary_id, word, normalized_word, sense_id, sentence_en, sentence_zh, source_type, source_ref, difficulty, example_order, publish_status, updated_at) VALUES ('send-example-1', 'send', 'send', 'send', 'send-sense-1', 'I will send the file today.', '我今天会发送这个文件。', 'manual', 'top-500-public-content-v1-self-authored', 'easy', 1, 'active', CURRENT_TIMESTAMP) ON CONFLICT(id) DO UPDATE SET word = excluded.word, normalized_word = excluded.normalized_word, sense_id = excluded.sense_id, sentence_en = excluded.sentence_en, sentence_zh = excluded.sentence_zh, source_type = excluded.source_type, source_ref = excluded.source_ref, difficulty = excluded.difficulty, example_order = excluded.example_order, publish_status = excluded.publish_status, updated_at = CURRENT_TIMESTAMP;
INSERT INTO vocabulary_collocations (id, vocabulary_id, word, normalized_word, sense_id, phrase, normalized_phrase, meaning_zh, example_en, example_zh, collocation_type, sort_order, publish_status, updated_at) VALUES ('send-collocation-1', 'send', 'send', 'send', 'send-sense-1', 'send a message', 'send a message', '', '', '', 'phrase', 1, 'active', CURRENT_TIMESTAMP) ON CONFLICT(id) DO UPDATE SET word = excluded.word, normalized_word = excluded.normalized_word, sense_id = excluded.sense_id, phrase = excluded.phrase, normalized_phrase = excluded.normalized_phrase, meaning_zh = excluded.meaning_zh, example_en = excluded.example_en, example_zh = excluded.example_zh, collocation_type = excluded.collocation_type, sort_order = excluded.sort_order, publish_status = excluded.publish_status, updated_at = CURRENT_TIMESTAMP;
INSERT INTO vocabulary_collocations (id, vocabulary_id, word, normalized_word, sense_id, phrase, normalized_phrase, meaning_zh, example_en, example_zh, collocation_type, sort_order, publish_status, updated_at) VALUES ('send-collocation-2', 'send', 'send', 'send', 'send-sense-1', 'send to', 'send to', '', '', '', 'phrase', 2, 'active', CURRENT_TIMESTAMP) ON CONFLICT(id) DO UPDATE SET word = excluded.word, normalized_word = excluded.normalized_word, sense_id = excluded.sense_id, phrase = excluded.phrase, normalized_phrase = excluded.normalized_phrase, meaning_zh = excluded.meaning_zh, example_en = excluded.example_en, example_zh = excluded.example_zh, collocation_type = excluded.collocation_type, sort_order = excluded.sort_order, publish_status = excluded.publish_status, updated_at = CURRENT_TIMESTAMP;
INSERT INTO vocabulary_scenario_links (vocabulary_id, word, normalized_word, scenario_id, relevance, created_at) VALUES ('send', 'send', 'send', 'communication', 80, CURRENT_TIMESTAMP) ON CONFLICT(vocabulary_id, scenario_id) DO UPDATE SET word = excluded.word, normalized_word = excluded.normalized_word, relevance = excluded.relevance;

UPDATE core_vocabulary SET word = 'allow', meaning_zh = '允许；使能够', definition_en = 'to let someone do something', primary_part_of_speech = 'verb', phonetic_us = '/əˈlaʊ/', phonetic_uk = '/əˈlaʊ/', updated_at = CURRENT_TIMESTAMP WHERE id = 'allow';
UPDATE vocabulary_pronunciations SET phonetic = CASE accent WHEN 'us' THEN '/əˈlaʊ/' WHEN 'uk' THEN '/əˈlaʊ/' ELSE phonetic END, phonetic_source = 'manual-curation-pending-review', updated_at = CURRENT_TIMESTAMP WHERE vocabulary_id = 'allow' AND accent IN ('us', 'uk');
INSERT INTO vocabulary_senses (id, vocabulary_id, word, normalized_word, part_of_speech, meaning_zh, definition_en, usage_note, sense_order, level, publish_status, updated_at) VALUES ('allow-sense-1', 'allow', 'allow', 'allow', 'verb', '允许；使能够', 'to let someone do something', 'Self-authored learner sense; pending review.', 1, NULL, 'active', CURRENT_TIMESTAMP) ON CONFLICT(id) DO UPDATE SET word = excluded.word, normalized_word = excluded.normalized_word, part_of_speech = excluded.part_of_speech, meaning_zh = excluded.meaning_zh, definition_en = excluded.definition_en, usage_note = excluded.usage_note, sense_order = excluded.sense_order, publish_status = excluded.publish_status, updated_at = CURRENT_TIMESTAMP;
INSERT INTO vocabulary_examples (id, vocabulary_id, word, normalized_word, sense_id, sentence_en, sentence_zh, source_type, source_ref, difficulty, example_order, publish_status, updated_at) VALUES ('allow-example-1', 'allow', 'allow', 'allow', 'allow-sense-1', 'The rules allow students to use dictionaries.', '规则允许学生使用词典。', 'manual', 'top-500-public-content-v1-self-authored', 'easy', 1, 'active', CURRENT_TIMESTAMP) ON CONFLICT(id) DO UPDATE SET word = excluded.word, normalized_word = excluded.normalized_word, sense_id = excluded.sense_id, sentence_en = excluded.sentence_en, sentence_zh = excluded.sentence_zh, source_type = excluded.source_type, source_ref = excluded.source_ref, difficulty = excluded.difficulty, example_order = excluded.example_order, publish_status = excluded.publish_status, updated_at = CURRENT_TIMESTAMP;
INSERT INTO vocabulary_collocations (id, vocabulary_id, word, normalized_word, sense_id, phrase, normalized_phrase, meaning_zh, example_en, example_zh, collocation_type, sort_order, publish_status, updated_at) VALUES ('allow-collocation-1', 'allow', 'allow', 'allow', 'allow-sense-1', 'allow someone to', 'allow someone to', '', '', '', 'phrase', 1, 'active', CURRENT_TIMESTAMP) ON CONFLICT(id) DO UPDATE SET word = excluded.word, normalized_word = excluded.normalized_word, sense_id = excluded.sense_id, phrase = excluded.phrase, normalized_phrase = excluded.normalized_phrase, meaning_zh = excluded.meaning_zh, example_en = excluded.example_en, example_zh = excluded.example_zh, collocation_type = excluded.collocation_type, sort_order = excluded.sort_order, publish_status = excluded.publish_status, updated_at = CURRENT_TIMESTAMP;
INSERT INTO vocabulary_collocations (id, vocabulary_id, word, normalized_word, sense_id, phrase, normalized_phrase, meaning_zh, example_en, example_zh, collocation_type, sort_order, publish_status, updated_at) VALUES ('allow-collocation-2', 'allow', 'allow', 'allow', 'allow-sense-1', 'allow for', 'allow for', '', '', '', 'phrase', 2, 'active', CURRENT_TIMESTAMP) ON CONFLICT(id) DO UPDATE SET word = excluded.word, normalized_word = excluded.normalized_word, sense_id = excluded.sense_id, phrase = excluded.phrase, normalized_phrase = excluded.normalized_phrase, meaning_zh = excluded.meaning_zh, example_en = excluded.example_en, example_zh = excluded.example_zh, collocation_type = excluded.collocation_type, sort_order = excluded.sort_order, publish_status = excluded.publish_status, updated_at = CURRENT_TIMESTAMP;
INSERT INTO vocabulary_scenario_links (vocabulary_id, word, normalized_word, scenario_id, relevance, created_at) VALUES ('allow', 'allow', 'allow', 'problem-solving', 80, CURRENT_TIMESTAMP) ON CONFLICT(vocabulary_id, scenario_id) DO UPDATE SET word = excluded.word, normalized_word = excluded.normalized_word, relevance = excluded.relevance;

UPDATE core_vocabulary SET word = 'soon', meaning_zh = '不久', definition_en = 'in a short time from now', primary_part_of_speech = 'adverb', phonetic_us = '/sun/', phonetic_uk = '/sun/', updated_at = CURRENT_TIMESTAMP WHERE id = 'soon';
UPDATE vocabulary_pronunciations SET phonetic = CASE accent WHEN 'us' THEN '/sun/' WHEN 'uk' THEN '/sun/' ELSE phonetic END, phonetic_source = 'manual-curation-pending-review', updated_at = CURRENT_TIMESTAMP WHERE vocabulary_id = 'soon' AND accent IN ('us', 'uk');
INSERT INTO vocabulary_senses (id, vocabulary_id, word, normalized_word, part_of_speech, meaning_zh, definition_en, usage_note, sense_order, level, publish_status, updated_at) VALUES ('soon-sense-1', 'soon', 'soon', 'soon', 'adverb', '不久', 'in a short time from now', 'Self-authored learner sense; pending review.', 1, NULL, 'active', CURRENT_TIMESTAMP) ON CONFLICT(id) DO UPDATE SET word = excluded.word, normalized_word = excluded.normalized_word, part_of_speech = excluded.part_of_speech, meaning_zh = excluded.meaning_zh, definition_en = excluded.definition_en, usage_note = excluded.usage_note, sense_order = excluded.sense_order, publish_status = excluded.publish_status, updated_at = CURRENT_TIMESTAMP;
INSERT INTO vocabulary_examples (id, vocabulary_id, word, normalized_word, sense_id, sentence_en, sentence_zh, source_type, source_ref, difficulty, example_order, publish_status, updated_at) VALUES ('soon-example-1', 'soon', 'soon', 'soon', 'soon-sense-1', 'The meeting will start soon.', '会议很快就会开始。', 'manual', 'top-500-public-content-v1-self-authored', 'easy', 1, 'active', CURRENT_TIMESTAMP) ON CONFLICT(id) DO UPDATE SET word = excluded.word, normalized_word = excluded.normalized_word, sense_id = excluded.sense_id, sentence_en = excluded.sentence_en, sentence_zh = excluded.sentence_zh, source_type = excluded.source_type, source_ref = excluded.source_ref, difficulty = excluded.difficulty, example_order = excluded.example_order, publish_status = excluded.publish_status, updated_at = CURRENT_TIMESTAMP;
INSERT INTO vocabulary_collocations (id, vocabulary_id, word, normalized_word, sense_id, phrase, normalized_phrase, meaning_zh, example_en, example_zh, collocation_type, sort_order, publish_status, updated_at) VALUES ('soon-collocation-1', 'soon', 'soon', 'soon', 'soon-sense-1', 'coming soon', 'coming soon', '', '', '', 'phrase', 1, 'active', CURRENT_TIMESTAMP) ON CONFLICT(id) DO UPDATE SET word = excluded.word, normalized_word = excluded.normalized_word, sense_id = excluded.sense_id, phrase = excluded.phrase, normalized_phrase = excluded.normalized_phrase, meaning_zh = excluded.meaning_zh, example_en = excluded.example_en, example_zh = excluded.example_zh, collocation_type = excluded.collocation_type, sort_order = excluded.sort_order, publish_status = excluded.publish_status, updated_at = CURRENT_TIMESTAMP;
INSERT INTO vocabulary_collocations (id, vocabulary_id, word, normalized_word, sense_id, phrase, normalized_phrase, meaning_zh, example_en, example_zh, collocation_type, sort_order, publish_status, updated_at) VALUES ('soon-collocation-2', 'soon', 'soon', 'soon', 'soon-sense-1', 'soon after', 'soon after', '', '', '', 'phrase', 2, 'active', CURRENT_TIMESTAMP) ON CONFLICT(id) DO UPDATE SET word = excluded.word, normalized_word = excluded.normalized_word, sense_id = excluded.sense_id, phrase = excluded.phrase, normalized_phrase = excluded.normalized_phrase, meaning_zh = excluded.meaning_zh, example_en = excluded.example_en, example_zh = excluded.example_zh, collocation_type = excluded.collocation_type, sort_order = excluded.sort_order, publish_status = excluded.publish_status, updated_at = CURRENT_TIMESTAMP;
INSERT INTO vocabulary_scenario_links (vocabulary_id, word, normalized_word, scenario_id, relevance, created_at) VALUES ('soon', 'soon', 'soon', 'time', 80, CURRENT_TIMESTAMP) ON CONFLICT(vocabulary_id, scenario_id) DO UPDATE SET word = excluded.word, normalized_word = excluded.normalized_word, relevance = excluded.relevance;

UPDATE core_vocabulary SET word = 'watch', meaning_zh = '观看', definition_en = 'to look at something for a period of time', primary_part_of_speech = 'verb', phonetic_us = '/wɔʧ/', phonetic_uk = '/wɔʧ/', updated_at = CURRENT_TIMESTAMP WHERE id = 'watch';
UPDATE vocabulary_pronunciations SET phonetic = CASE accent WHEN 'us' THEN '/wɔʧ/' WHEN 'uk' THEN '/wɔʧ/' ELSE phonetic END, phonetic_source = 'manual-curation-pending-review', updated_at = CURRENT_TIMESTAMP WHERE vocabulary_id = 'watch' AND accent IN ('us', 'uk');
INSERT INTO vocabulary_senses (id, vocabulary_id, word, normalized_word, part_of_speech, meaning_zh, definition_en, usage_note, sense_order, level, publish_status, updated_at) VALUES ('watch-sense-1', 'watch', 'watch', 'watch', 'verb', '观看', 'to look at something for a period of time', 'Self-authored learner sense; pending review.', 1, NULL, 'active', CURRENT_TIMESTAMP) ON CONFLICT(id) DO UPDATE SET word = excluded.word, normalized_word = excluded.normalized_word, part_of_speech = excluded.part_of_speech, meaning_zh = excluded.meaning_zh, definition_en = excluded.definition_en, usage_note = excluded.usage_note, sense_order = excluded.sense_order, publish_status = excluded.publish_status, updated_at = CURRENT_TIMESTAMP;
INSERT INTO vocabulary_examples (id, vocabulary_id, word, normalized_word, sense_id, sentence_en, sentence_zh, source_type, source_ref, difficulty, example_order, publish_status, updated_at) VALUES ('watch-example-1', 'watch', 'watch', 'watch', 'watch-sense-1', 'We watch a movie every Friday.', '我们每周五看一部电影。', 'manual', 'top-500-public-content-v1-self-authored', 'easy', 1, 'active', CURRENT_TIMESTAMP) ON CONFLICT(id) DO UPDATE SET word = excluded.word, normalized_word = excluded.normalized_word, sense_id = excluded.sense_id, sentence_en = excluded.sentence_en, sentence_zh = excluded.sentence_zh, source_type = excluded.source_type, source_ref = excluded.source_ref, difficulty = excluded.difficulty, example_order = excluded.example_order, publish_status = excluded.publish_status, updated_at = CURRENT_TIMESTAMP;
INSERT INTO vocabulary_collocations (id, vocabulary_id, word, normalized_word, sense_id, phrase, normalized_phrase, meaning_zh, example_en, example_zh, collocation_type, sort_order, publish_status, updated_at) VALUES ('watch-collocation-1', 'watch', 'watch', 'watch', 'watch-sense-1', 'watch a film', 'watch a film', '', '', '', 'phrase', 1, 'active', CURRENT_TIMESTAMP) ON CONFLICT(id) DO UPDATE SET word = excluded.word, normalized_word = excluded.normalized_word, sense_id = excluded.sense_id, phrase = excluded.phrase, normalized_phrase = excluded.normalized_phrase, meaning_zh = excluded.meaning_zh, example_en = excluded.example_en, example_zh = excluded.example_zh, collocation_type = excluded.collocation_type, sort_order = excluded.sort_order, publish_status = excluded.publish_status, updated_at = CURRENT_TIMESTAMP;
INSERT INTO vocabulary_collocations (id, vocabulary_id, word, normalized_word, sense_id, phrase, normalized_phrase, meaning_zh, example_en, example_zh, collocation_type, sort_order, publish_status, updated_at) VALUES ('watch-collocation-2', 'watch', 'watch', 'watch', 'watch-sense-1', 'watch TV', 'watch tv', '', '', '', 'phrase', 2, 'active', CURRENT_TIMESTAMP) ON CONFLICT(id) DO UPDATE SET word = excluded.word, normalized_word = excluded.normalized_word, sense_id = excluded.sense_id, phrase = excluded.phrase, normalized_phrase = excluded.normalized_phrase, meaning_zh = excluded.meaning_zh, example_en = excluded.example_en, example_zh = excluded.example_zh, collocation_type = excluded.collocation_type, sort_order = excluded.sort_order, publish_status = excluded.publish_status, updated_at = CURRENT_TIMESTAMP;
INSERT INTO vocabulary_scenario_links (vocabulary_id, word, normalized_word, scenario_id, relevance, created_at) VALUES ('watch', 'watch', 'watch', 'daily', 80, CURRENT_TIMESTAMP) ON CONFLICT(vocabulary_id, scenario_id) DO UPDATE SET word = excluded.word, normalized_word = excluded.normalized_word, relevance = excluded.relevance;

UPDATE core_vocabulary SET word = 'base', meaning_zh = '基础', definition_en = 'the bottom part, main place, or starting point of something', primary_part_of_speech = 'noun', phonetic_us = '/beɪs/', phonetic_uk = '/beɪs/', updated_at = CURRENT_TIMESTAMP WHERE id = 'base';
UPDATE vocabulary_pronunciations SET phonetic = CASE accent WHEN 'us' THEN '/beɪs/' WHEN 'uk' THEN '/beɪs/' ELSE phonetic END, phonetic_source = 'manual-curation-pending-review', updated_at = CURRENT_TIMESTAMP WHERE vocabulary_id = 'base' AND accent IN ('us', 'uk');
INSERT INTO vocabulary_senses (id, vocabulary_id, word, normalized_word, part_of_speech, meaning_zh, definition_en, usage_note, sense_order, level, publish_status, updated_at) VALUES ('base-sense-1', 'base', 'base', 'base', 'noun', '基础', 'the bottom part, main place, or starting point of something', 'Self-authored learner sense; pending review.', 1, NULL, 'active', CURRENT_TIMESTAMP) ON CONFLICT(id) DO UPDATE SET word = excluded.word, normalized_word = excluded.normalized_word, part_of_speech = excluded.part_of_speech, meaning_zh = excluded.meaning_zh, definition_en = excluded.definition_en, usage_note = excluded.usage_note, sense_order = excluded.sense_order, publish_status = excluded.publish_status, updated_at = CURRENT_TIMESTAMP;
INSERT INTO vocabulary_examples (id, vocabulary_id, word, normalized_word, sense_id, sentence_en, sentence_zh, source_type, source_ref, difficulty, example_order, publish_status, updated_at) VALUES ('base-example-1', 'base', 'base', 'base', 'base-sense-1', 'This idea is the base of our plan.', '这个想法是我们计划的基础。', 'manual', 'top-500-public-content-v1-self-authored', 'easy', 1, 'active', CURRENT_TIMESTAMP) ON CONFLICT(id) DO UPDATE SET word = excluded.word, normalized_word = excluded.normalized_word, sense_id = excluded.sense_id, sentence_en = excluded.sentence_en, sentence_zh = excluded.sentence_zh, source_type = excluded.source_type, source_ref = excluded.source_ref, difficulty = excluded.difficulty, example_order = excluded.example_order, publish_status = excluded.publish_status, updated_at = CURRENT_TIMESTAMP;
INSERT INTO vocabulary_collocations (id, vocabulary_id, word, normalized_word, sense_id, phrase, normalized_phrase, meaning_zh, example_en, example_zh, collocation_type, sort_order, publish_status, updated_at) VALUES ('base-collocation-1', 'base', 'base', 'base', 'base-sense-1', 'customer base', 'customer base', '', '', '', 'phrase', 1, 'active', CURRENT_TIMESTAMP) ON CONFLICT(id) DO UPDATE SET word = excluded.word, normalized_word = excluded.normalized_word, sense_id = excluded.sense_id, phrase = excluded.phrase, normalized_phrase = excluded.normalized_phrase, meaning_zh = excluded.meaning_zh, example_en = excluded.example_en, example_zh = excluded.example_zh, collocation_type = excluded.collocation_type, sort_order = excluded.sort_order, publish_status = excluded.publish_status, updated_at = CURRENT_TIMESTAMP;
INSERT INTO vocabulary_collocations (id, vocabulary_id, word, normalized_word, sense_id, phrase, normalized_phrase, meaning_zh, example_en, example_zh, collocation_type, sort_order, publish_status, updated_at) VALUES ('base-collocation-2', 'base', 'base', 'base', 'base-sense-1', 'based on', 'based on', '', '', '', 'phrase', 2, 'active', CURRENT_TIMESTAMP) ON CONFLICT(id) DO UPDATE SET word = excluded.word, normalized_word = excluded.normalized_word, sense_id = excluded.sense_id, phrase = excluded.phrase, normalized_phrase = excluded.normalized_phrase, meaning_zh = excluded.meaning_zh, example_en = excluded.example_en, example_zh = excluded.example_zh, collocation_type = excluded.collocation_type, sort_order = excluded.sort_order, publish_status = excluded.publish_status, updated_at = CURRENT_TIMESTAMP;
INSERT INTO vocabulary_scenario_links (vocabulary_id, word, normalized_word, scenario_id, relevance, created_at) VALUES ('base', 'base', 'base', 'problem-solving', 80, CURRENT_TIMESTAMP) ON CONFLICT(vocabulary_id, scenario_id) DO UPDATE SET word = excluded.word, normalized_word = excluded.normalized_word, relevance = excluded.relevance;

UPDATE core_vocabulary SET word = 'probably', meaning_zh = '可能地', definition_en = 'very likely', primary_part_of_speech = 'adverb', phonetic_us = '/ˈprɑbəˌbli/', phonetic_uk = '/ˈprɑbəˌbli/', updated_at = CURRENT_TIMESTAMP WHERE id = 'probably';
UPDATE vocabulary_pronunciations SET phonetic = CASE accent WHEN 'us' THEN '/ˈprɑbəˌbli/' WHEN 'uk' THEN '/ˈprɑbəˌbli/' ELSE phonetic END, phonetic_source = 'manual-curation-pending-review', updated_at = CURRENT_TIMESTAMP WHERE vocabulary_id = 'probably' AND accent IN ('us', 'uk');
INSERT INTO vocabulary_senses (id, vocabulary_id, word, normalized_word, part_of_speech, meaning_zh, definition_en, usage_note, sense_order, level, publish_status, updated_at) VALUES ('probably-sense-1', 'probably', 'probably', 'probably', 'adverb', '可能地', 'very likely', 'Self-authored learner sense; pending review.', 1, NULL, 'active', CURRENT_TIMESTAMP) ON CONFLICT(id) DO UPDATE SET word = excluded.word, normalized_word = excluded.normalized_word, part_of_speech = excluded.part_of_speech, meaning_zh = excluded.meaning_zh, definition_en = excluded.definition_en, usage_note = excluded.usage_note, sense_order = excluded.sense_order, publish_status = excluded.publish_status, updated_at = CURRENT_TIMESTAMP;
INSERT INTO vocabulary_examples (id, vocabulary_id, word, normalized_word, sense_id, sentence_en, sentence_zh, source_type, source_ref, difficulty, example_order, publish_status, updated_at) VALUES ('probably-example-1', 'probably', 'probably', 'probably', 'probably-sense-1', 'She will probably arrive late.', '她可能会迟到。', 'manual', 'top-500-public-content-v1-self-authored', 'easy', 1, 'active', CURRENT_TIMESTAMP) ON CONFLICT(id) DO UPDATE SET word = excluded.word, normalized_word = excluded.normalized_word, sense_id = excluded.sense_id, sentence_en = excluded.sentence_en, sentence_zh = excluded.sentence_zh, source_type = excluded.source_type, source_ref = excluded.source_ref, difficulty = excluded.difficulty, example_order = excluded.example_order, publish_status = excluded.publish_status, updated_at = CURRENT_TIMESTAMP;
INSERT INTO vocabulary_collocations (id, vocabulary_id, word, normalized_word, sense_id, phrase, normalized_phrase, meaning_zh, example_en, example_zh, collocation_type, sort_order, publish_status, updated_at) VALUES ('probably-collocation-1', 'probably', 'probably', 'probably', 'probably-sense-1', 'probably right', 'probably right', '', '', '', 'phrase', 1, 'active', CURRENT_TIMESTAMP) ON CONFLICT(id) DO UPDATE SET word = excluded.word, normalized_word = excluded.normalized_word, sense_id = excluded.sense_id, phrase = excluded.phrase, normalized_phrase = excluded.normalized_phrase, meaning_zh = excluded.meaning_zh, example_en = excluded.example_en, example_zh = excluded.example_zh, collocation_type = excluded.collocation_type, sort_order = excluded.sort_order, publish_status = excluded.publish_status, updated_at = CURRENT_TIMESTAMP;
INSERT INTO vocabulary_scenario_links (vocabulary_id, word, normalized_word, scenario_id, relevance, created_at) VALUES ('probably', 'probably', 'probably', 'problem-solving', 80, CURRENT_TIMESTAMP) ON CONFLICT(vocabulary_id, scenario_id) DO UPDATE SET word = excluded.word, normalized_word = excluded.normalized_word, relevance = excluded.relevance;

UPDATE core_vocabulary SET word = 'suggest', meaning_zh = '建议', definition_en = 'to offer an idea or plan for someone to consider', primary_part_of_speech = 'verb', phonetic_us = '/səˈʤɛst/', phonetic_uk = '/səˈʤɛst/', updated_at = CURRENT_TIMESTAMP WHERE id = 'suggest';
UPDATE vocabulary_pronunciations SET phonetic = CASE accent WHEN 'us' THEN '/səˈʤɛst/' WHEN 'uk' THEN '/səˈʤɛst/' ELSE phonetic END, phonetic_source = 'manual-curation-pending-review', updated_at = CURRENT_TIMESTAMP WHERE vocabulary_id = 'suggest' AND accent IN ('us', 'uk');
INSERT INTO vocabulary_senses (id, vocabulary_id, word, normalized_word, part_of_speech, meaning_zh, definition_en, usage_note, sense_order, level, publish_status, updated_at) VALUES ('suggest-sense-1', 'suggest', 'suggest', 'suggest', 'verb', '建议', 'to offer an idea or plan for someone to consider', 'Self-authored learner sense; pending review.', 1, NULL, 'active', CURRENT_TIMESTAMP) ON CONFLICT(id) DO UPDATE SET word = excluded.word, normalized_word = excluded.normalized_word, part_of_speech = excluded.part_of_speech, meaning_zh = excluded.meaning_zh, definition_en = excluded.definition_en, usage_note = excluded.usage_note, sense_order = excluded.sense_order, publish_status = excluded.publish_status, updated_at = CURRENT_TIMESTAMP;
INSERT INTO vocabulary_examples (id, vocabulary_id, word, normalized_word, sense_id, sentence_en, sentence_zh, source_type, source_ref, difficulty, example_order, publish_status, updated_at) VALUES ('suggest-example-1', 'suggest', 'suggest', 'suggest', 'suggest-sense-1', 'I suggest taking a short break.', '我建议短暂休息一下。', 'manual', 'top-500-public-content-v1-self-authored', 'easy', 1, 'active', CURRENT_TIMESTAMP) ON CONFLICT(id) DO UPDATE SET word = excluded.word, normalized_word = excluded.normalized_word, sense_id = excluded.sense_id, sentence_en = excluded.sentence_en, sentence_zh = excluded.sentence_zh, source_type = excluded.source_type, source_ref = excluded.source_ref, difficulty = excluded.difficulty, example_order = excluded.example_order, publish_status = excluded.publish_status, updated_at = CURRENT_TIMESTAMP;
INSERT INTO vocabulary_collocations (id, vocabulary_id, word, normalized_word, sense_id, phrase, normalized_phrase, meaning_zh, example_en, example_zh, collocation_type, sort_order, publish_status, updated_at) VALUES ('suggest-collocation-1', 'suggest', 'suggest', 'suggest', 'suggest-sense-1', 'suggest that', 'suggest that', '', '', '', 'phrase', 1, 'active', CURRENT_TIMESTAMP) ON CONFLICT(id) DO UPDATE SET word = excluded.word, normalized_word = excluded.normalized_word, sense_id = excluded.sense_id, phrase = excluded.phrase, normalized_phrase = excluded.normalized_phrase, meaning_zh = excluded.meaning_zh, example_en = excluded.example_en, example_zh = excluded.example_zh, collocation_type = excluded.collocation_type, sort_order = excluded.sort_order, publish_status = excluded.publish_status, updated_at = CURRENT_TIMESTAMP;
INSERT INTO vocabulary_collocations (id, vocabulary_id, word, normalized_word, sense_id, phrase, normalized_phrase, meaning_zh, example_en, example_zh, collocation_type, sort_order, publish_status, updated_at) VALUES ('suggest-collocation-2', 'suggest', 'suggest', 'suggest', 'suggest-sense-1', 'suggest doing', 'suggest doing', '', '', '', 'phrase', 2, 'active', CURRENT_TIMESTAMP) ON CONFLICT(id) DO UPDATE SET word = excluded.word, normalized_word = excluded.normalized_word, sense_id = excluded.sense_id, phrase = excluded.phrase, normalized_phrase = excluded.normalized_phrase, meaning_zh = excluded.meaning_zh, example_en = excluded.example_en, example_zh = excluded.example_zh, collocation_type = excluded.collocation_type, sort_order = excluded.sort_order, publish_status = excluded.publish_status, updated_at = CURRENT_TIMESTAMP;
INSERT INTO vocabulary_scenario_links (vocabulary_id, word, normalized_word, scenario_id, relevance, created_at) VALUES ('suggest', 'suggest', 'suggest', 'problem-solving', 80, CURRENT_TIMESTAMP) ON CONFLICT(vocabulary_id, scenario_id) DO UPDATE SET word = excluded.word, normalized_word = excluded.normalized_word, relevance = excluded.relevance;

UPDATE core_vocabulary SET word = 'past', meaning_zh = '过去', definition_en = 'the time before now', primary_part_of_speech = 'noun', phonetic_us = '/pæst/', phonetic_uk = '/pæst/', updated_at = CURRENT_TIMESTAMP WHERE id = 'past';
UPDATE vocabulary_pronunciations SET phonetic = CASE accent WHEN 'us' THEN '/pæst/' WHEN 'uk' THEN '/pæst/' ELSE phonetic END, phonetic_source = 'manual-curation-pending-review', updated_at = CURRENT_TIMESTAMP WHERE vocabulary_id = 'past' AND accent IN ('us', 'uk');
INSERT INTO vocabulary_senses (id, vocabulary_id, word, normalized_word, part_of_speech, meaning_zh, definition_en, usage_note, sense_order, level, publish_status, updated_at) VALUES ('past-sense-1', 'past', 'past', 'past', 'noun', '过去', 'the time before now', 'Self-authored learner sense; pending review.', 1, NULL, 'active', CURRENT_TIMESTAMP) ON CONFLICT(id) DO UPDATE SET word = excluded.word, normalized_word = excluded.normalized_word, part_of_speech = excluded.part_of_speech, meaning_zh = excluded.meaning_zh, definition_en = excluded.definition_en, usage_note = excluded.usage_note, sense_order = excluded.sense_order, publish_status = excluded.publish_status, updated_at = CURRENT_TIMESTAMP;
INSERT INTO vocabulary_examples (id, vocabulary_id, word, normalized_word, sense_id, sentence_en, sentence_zh, source_type, source_ref, difficulty, example_order, publish_status, updated_at) VALUES ('past-example-1', 'past', 'past', 'past', 'past-sense-1', 'Do not worry about the past.', '不要担心过去。', 'manual', 'top-500-public-content-v1-self-authored', 'easy', 1, 'active', CURRENT_TIMESTAMP) ON CONFLICT(id) DO UPDATE SET word = excluded.word, normalized_word = excluded.normalized_word, sense_id = excluded.sense_id, sentence_en = excluded.sentence_en, sentence_zh = excluded.sentence_zh, source_type = excluded.source_type, source_ref = excluded.source_ref, difficulty = excluded.difficulty, example_order = excluded.example_order, publish_status = excluded.publish_status, updated_at = CURRENT_TIMESTAMP;
INSERT INTO vocabulary_collocations (id, vocabulary_id, word, normalized_word, sense_id, phrase, normalized_phrase, meaning_zh, example_en, example_zh, collocation_type, sort_order, publish_status, updated_at) VALUES ('past-collocation-1', 'past', 'past', 'past', 'past-sense-1', 'in the past', 'in the past', '', '', '', 'phrase', 1, 'active', CURRENT_TIMESTAMP) ON CONFLICT(id) DO UPDATE SET word = excluded.word, normalized_word = excluded.normalized_word, sense_id = excluded.sense_id, phrase = excluded.phrase, normalized_phrase = excluded.normalized_phrase, meaning_zh = excluded.meaning_zh, example_en = excluded.example_en, example_zh = excluded.example_zh, collocation_type = excluded.collocation_type, sort_order = excluded.sort_order, publish_status = excluded.publish_status, updated_at = CURRENT_TIMESTAMP;
INSERT INTO vocabulary_collocations (id, vocabulary_id, word, normalized_word, sense_id, phrase, normalized_phrase, meaning_zh, example_en, example_zh, collocation_type, sort_order, publish_status, updated_at) VALUES ('past-collocation-2', 'past', 'past', 'past', 'past-sense-1', 'past experience', 'past experience', '', '', '', 'phrase', 2, 'active', CURRENT_TIMESTAMP) ON CONFLICT(id) DO UPDATE SET word = excluded.word, normalized_word = excluded.normalized_word, sense_id = excluded.sense_id, phrase = excluded.phrase, normalized_phrase = excluded.normalized_phrase, meaning_zh = excluded.meaning_zh, example_en = excluded.example_en, example_zh = excluded.example_zh, collocation_type = excluded.collocation_type, sort_order = excluded.sort_order, publish_status = excluded.publish_status, updated_at = CURRENT_TIMESTAMP;
INSERT INTO vocabulary_scenario_links (vocabulary_id, word, normalized_word, scenario_id, relevance, created_at) VALUES ('past', 'past', 'past', 'time', 80, CURRENT_TIMESTAMP) ON CONFLICT(vocabulary_id, scenario_id) DO UPDATE SET word = excluded.word, normalized_word = excluded.normalized_word, relevance = excluded.relevance;

UPDATE core_vocabulary SET word = 'power', meaning_zh = '力量', definition_en = 'the ability, strength, or energy to do something', primary_part_of_speech = 'noun', phonetic_us = '/paʊər/', phonetic_uk = '/paʊər/', updated_at = CURRENT_TIMESTAMP WHERE id = 'power';
UPDATE vocabulary_pronunciations SET phonetic = CASE accent WHEN 'us' THEN '/paʊər/' WHEN 'uk' THEN '/paʊər/' ELSE phonetic END, phonetic_source = 'manual-curation-pending-review', updated_at = CURRENT_TIMESTAMP WHERE vocabulary_id = 'power' AND accent IN ('us', 'uk');
INSERT INTO vocabulary_senses (id, vocabulary_id, word, normalized_word, part_of_speech, meaning_zh, definition_en, usage_note, sense_order, level, publish_status, updated_at) VALUES ('power-sense-1', 'power', 'power', 'power', 'noun', '力量', 'the ability, strength, or energy to do something', 'Self-authored learner sense; pending review.', 1, NULL, 'active', CURRENT_TIMESTAMP) ON CONFLICT(id) DO UPDATE SET word = excluded.word, normalized_word = excluded.normalized_word, part_of_speech = excluded.part_of_speech, meaning_zh = excluded.meaning_zh, definition_en = excluded.definition_en, usage_note = excluded.usage_note, sense_order = excluded.sense_order, publish_status = excluded.publish_status, updated_at = CURRENT_TIMESTAMP;
INSERT INTO vocabulary_examples (id, vocabulary_id, word, normalized_word, sense_id, sentence_en, sentence_zh, source_type, source_ref, difficulty, example_order, publish_status, updated_at) VALUES ('power-example-1', 'power', 'power', 'power', 'power-sense-1', 'Knowledge gives people power.', '知识给人力量。', 'manual', 'top-500-public-content-v1-self-authored', 'easy', 1, 'active', CURRENT_TIMESTAMP) ON CONFLICT(id) DO UPDATE SET word = excluded.word, normalized_word = excluded.normalized_word, sense_id = excluded.sense_id, sentence_en = excluded.sentence_en, sentence_zh = excluded.sentence_zh, source_type = excluded.source_type, source_ref = excluded.source_ref, difficulty = excluded.difficulty, example_order = excluded.example_order, publish_status = excluded.publish_status, updated_at = CURRENT_TIMESTAMP;
INSERT INTO vocabulary_collocations (id, vocabulary_id, word, normalized_word, sense_id, phrase, normalized_phrase, meaning_zh, example_en, example_zh, collocation_type, sort_order, publish_status, updated_at) VALUES ('power-collocation-1', 'power', 'power', 'power', 'power-sense-1', 'electric power', 'electric power', '', '', '', 'phrase', 1, 'active', CURRENT_TIMESTAMP) ON CONFLICT(id) DO UPDATE SET word = excluded.word, normalized_word = excluded.normalized_word, sense_id = excluded.sense_id, phrase = excluded.phrase, normalized_phrase = excluded.normalized_phrase, meaning_zh = excluded.meaning_zh, example_en = excluded.example_en, example_zh = excluded.example_zh, collocation_type = excluded.collocation_type, sort_order = excluded.sort_order, publish_status = excluded.publish_status, updated_at = CURRENT_TIMESTAMP;
INSERT INTO vocabulary_collocations (id, vocabulary_id, word, normalized_word, sense_id, phrase, normalized_phrase, meaning_zh, example_en, example_zh, collocation_type, sort_order, publish_status, updated_at) VALUES ('power-collocation-2', 'power', 'power', 'power', 'power-sense-1', 'power to', 'power to', '', '', '', 'phrase', 2, 'active', CURRENT_TIMESTAMP) ON CONFLICT(id) DO UPDATE SET word = excluded.word, normalized_word = excluded.normalized_word, sense_id = excluded.sense_id, phrase = excluded.phrase, normalized_phrase = excluded.normalized_phrase, meaning_zh = excluded.meaning_zh, example_en = excluded.example_en, example_zh = excluded.example_zh, collocation_type = excluded.collocation_type, sort_order = excluded.sort_order, publish_status = excluded.publish_status, updated_at = CURRENT_TIMESTAMP;
INSERT INTO vocabulary_scenario_links (vocabulary_id, word, normalized_word, scenario_id, relevance, created_at) VALUES ('power', 'power', 'power', 'problem-solving', 80, CURRENT_TIMESTAMP) ON CONFLICT(vocabulary_id, scenario_id) DO UPDATE SET word = excluded.word, normalized_word = excluded.normalized_word, relevance = excluded.relevance;

UPDATE core_vocabulary SET word = 'test', meaning_zh = '测验', definition_en = 'a set of questions or tasks used to measure knowledge or ability', primary_part_of_speech = 'noun', phonetic_us = '/tɛst/', phonetic_uk = '/tɛst/', updated_at = CURRENT_TIMESTAMP WHERE id = 'test';
UPDATE vocabulary_pronunciations SET phonetic = CASE accent WHEN 'us' THEN '/tɛst/' WHEN 'uk' THEN '/tɛst/' ELSE phonetic END, phonetic_source = 'manual-curation-pending-review', updated_at = CURRENT_TIMESTAMP WHERE vocabulary_id = 'test' AND accent IN ('us', 'uk');
INSERT INTO vocabulary_senses (id, vocabulary_id, word, normalized_word, part_of_speech, meaning_zh, definition_en, usage_note, sense_order, level, publish_status, updated_at) VALUES ('test-sense-1', 'test', 'test', 'test', 'noun', '测验', 'a set of questions or tasks used to measure knowledge or ability', 'Self-authored learner sense; pending review.', 1, NULL, 'active', CURRENT_TIMESTAMP) ON CONFLICT(id) DO UPDATE SET word = excluded.word, normalized_word = excluded.normalized_word, part_of_speech = excluded.part_of_speech, meaning_zh = excluded.meaning_zh, definition_en = excluded.definition_en, usage_note = excluded.usage_note, sense_order = excluded.sense_order, publish_status = excluded.publish_status, updated_at = CURRENT_TIMESTAMP;
INSERT INTO vocabulary_examples (id, vocabulary_id, word, normalized_word, sense_id, sentence_en, sentence_zh, source_type, source_ref, difficulty, example_order, publish_status, updated_at) VALUES ('test-example-1', 'test', 'test', 'test', 'test-sense-1', 'We have an English test tomorrow.', '我们明天有英语测试。', 'manual', 'top-500-public-content-v1-self-authored', 'easy', 1, 'active', CURRENT_TIMESTAMP) ON CONFLICT(id) DO UPDATE SET word = excluded.word, normalized_word = excluded.normalized_word, sense_id = excluded.sense_id, sentence_en = excluded.sentence_en, sentence_zh = excluded.sentence_zh, source_type = excluded.source_type, source_ref = excluded.source_ref, difficulty = excluded.difficulty, example_order = excluded.example_order, publish_status = excluded.publish_status, updated_at = CURRENT_TIMESTAMP;
INSERT INTO vocabulary_collocations (id, vocabulary_id, word, normalized_word, sense_id, phrase, normalized_phrase, meaning_zh, example_en, example_zh, collocation_type, sort_order, publish_status, updated_at) VALUES ('test-collocation-1', 'test', 'test', 'test', 'test-sense-1', 'take a test', 'take a test', '', '', '', 'phrase', 1, 'active', CURRENT_TIMESTAMP) ON CONFLICT(id) DO UPDATE SET word = excluded.word, normalized_word = excluded.normalized_word, sense_id = excluded.sense_id, phrase = excluded.phrase, normalized_phrase = excluded.normalized_phrase, meaning_zh = excluded.meaning_zh, example_en = excluded.example_en, example_zh = excluded.example_zh, collocation_type = excluded.collocation_type, sort_order = excluded.sort_order, publish_status = excluded.publish_status, updated_at = CURRENT_TIMESTAMP;
INSERT INTO vocabulary_collocations (id, vocabulary_id, word, normalized_word, sense_id, phrase, normalized_phrase, meaning_zh, example_en, example_zh, collocation_type, sort_order, publish_status, updated_at) VALUES ('test-collocation-2', 'test', 'test', 'test', 'test-sense-1', 'test result', 'test result', '', '', '', 'phrase', 2, 'active', CURRENT_TIMESTAMP) ON CONFLICT(id) DO UPDATE SET word = excluded.word, normalized_word = excluded.normalized_word, sense_id = excluded.sense_id, phrase = excluded.phrase, normalized_phrase = excluded.normalized_phrase, meaning_zh = excluded.meaning_zh, example_en = excluded.example_en, example_zh = excluded.example_zh, collocation_type = excluded.collocation_type, sort_order = excluded.sort_order, publish_status = excluded.publish_status, updated_at = CURRENT_TIMESTAMP;
INSERT INTO vocabulary_scenario_links (vocabulary_id, word, normalized_word, scenario_id, relevance, created_at) VALUES ('test', 'test', 'test', 'study', 80, CURRENT_TIMESTAMP) ON CONFLICT(vocabulary_id, scenario_id) DO UPDATE SET word = excluded.word, normalized_word = excluded.normalized_word, relevance = excluded.relevance;

UPDATE core_vocabulary SET word = 'visit', meaning_zh = '参观', definition_en = 'to go to see a person or place', primary_part_of_speech = 'verb', phonetic_us = '/ˈvɪzɪt/', phonetic_uk = '/ˈvɪzɪt/', updated_at = CURRENT_TIMESTAMP WHERE id = 'visit';
UPDATE vocabulary_pronunciations SET phonetic = CASE accent WHEN 'us' THEN '/ˈvɪzɪt/' WHEN 'uk' THEN '/ˈvɪzɪt/' ELSE phonetic END, phonetic_source = 'manual-curation-pending-review', updated_at = CURRENT_TIMESTAMP WHERE vocabulary_id = 'visit' AND accent IN ('us', 'uk');
INSERT INTO vocabulary_senses (id, vocabulary_id, word, normalized_word, part_of_speech, meaning_zh, definition_en, usage_note, sense_order, level, publish_status, updated_at) VALUES ('visit-sense-1', 'visit', 'visit', 'visit', 'verb', '参观', 'to go to see a person or place', 'Self-authored learner sense; pending review.', 1, NULL, 'active', CURRENT_TIMESTAMP) ON CONFLICT(id) DO UPDATE SET word = excluded.word, normalized_word = excluded.normalized_word, part_of_speech = excluded.part_of_speech, meaning_zh = excluded.meaning_zh, definition_en = excluded.definition_en, usage_note = excluded.usage_note, sense_order = excluded.sense_order, publish_status = excluded.publish_status, updated_at = CURRENT_TIMESTAMP;
INSERT INTO vocabulary_examples (id, vocabulary_id, word, normalized_word, sense_id, sentence_en, sentence_zh, source_type, source_ref, difficulty, example_order, publish_status, updated_at) VALUES ('visit-example-1', 'visit', 'visit', 'visit', 'visit-sense-1', 'I want to visit my friend this weekend.', '我周末想去看朋友。', 'manual', 'top-500-public-content-v1-self-authored', 'easy', 1, 'active', CURRENT_TIMESTAMP) ON CONFLICT(id) DO UPDATE SET word = excluded.word, normalized_word = excluded.normalized_word, sense_id = excluded.sense_id, sentence_en = excluded.sentence_en, sentence_zh = excluded.sentence_zh, source_type = excluded.source_type, source_ref = excluded.source_ref, difficulty = excluded.difficulty, example_order = excluded.example_order, publish_status = excluded.publish_status, updated_at = CURRENT_TIMESTAMP;
INSERT INTO vocabulary_collocations (id, vocabulary_id, word, normalized_word, sense_id, phrase, normalized_phrase, meaning_zh, example_en, example_zh, collocation_type, sort_order, publish_status, updated_at) VALUES ('visit-collocation-1', 'visit', 'visit', 'visit', 'visit-sense-1', 'visit a friend', 'visit a friend', '', '', '', 'phrase', 1, 'active', CURRENT_TIMESTAMP) ON CONFLICT(id) DO UPDATE SET word = excluded.word, normalized_word = excluded.normalized_word, sense_id = excluded.sense_id, phrase = excluded.phrase, normalized_phrase = excluded.normalized_phrase, meaning_zh = excluded.meaning_zh, example_en = excluded.example_en, example_zh = excluded.example_zh, collocation_type = excluded.collocation_type, sort_order = excluded.sort_order, publish_status = excluded.publish_status, updated_at = CURRENT_TIMESTAMP;
INSERT INTO vocabulary_collocations (id, vocabulary_id, word, normalized_word, sense_id, phrase, normalized_phrase, meaning_zh, example_en, example_zh, collocation_type, sort_order, publish_status, updated_at) VALUES ('visit-collocation-2', 'visit', 'visit', 'visit', 'visit-sense-1', 'visit a place', 'visit a place', '', '', '', 'phrase', 2, 'active', CURRENT_TIMESTAMP) ON CONFLICT(id) DO UPDATE SET word = excluded.word, normalized_word = excluded.normalized_word, sense_id = excluded.sense_id, phrase = excluded.phrase, normalized_phrase = excluded.normalized_phrase, meaning_zh = excluded.meaning_zh, example_en = excluded.example_en, example_zh = excluded.example_zh, collocation_type = excluded.collocation_type, sort_order = excluded.sort_order, publish_status = excluded.publish_status, updated_at = CURRENT_TIMESTAMP;
INSERT INTO vocabulary_scenario_links (vocabulary_id, word, normalized_word, scenario_id, relevance, created_at) VALUES ('visit', 'visit', 'visit', 'daily', 80, CURRENT_TIMESTAMP) ON CONFLICT(vocabulary_id, scenario_id) DO UPDATE SET word = excluded.word, normalized_word = excluded.normalized_word, relevance = excluded.relevance;

UPDATE core_vocabulary SET word = 'center', meaning_zh = '中心', definition_en = 'the middle point or main place of activity', primary_part_of_speech = 'noun', phonetic_us = '/ˈsɛnər/', phonetic_uk = '/ˈsɛnər/', updated_at = CURRENT_TIMESTAMP WHERE id = 'center';
UPDATE vocabulary_pronunciations SET phonetic = CASE accent WHEN 'us' THEN '/ˈsɛnər/' WHEN 'uk' THEN '/ˈsɛnər/' ELSE phonetic END, phonetic_source = 'manual-curation-pending-review', updated_at = CURRENT_TIMESTAMP WHERE vocabulary_id = 'center' AND accent IN ('us', 'uk');
INSERT INTO vocabulary_senses (id, vocabulary_id, word, normalized_word, part_of_speech, meaning_zh, definition_en, usage_note, sense_order, level, publish_status, updated_at) VALUES ('center-sense-1', 'center', 'center', 'center', 'noun', '中心', 'the middle point or main place of activity', 'Self-authored learner sense; pending review.', 1, NULL, 'active', CURRENT_TIMESTAMP) ON CONFLICT(id) DO UPDATE SET word = excluded.word, normalized_word = excluded.normalized_word, part_of_speech = excluded.part_of_speech, meaning_zh = excluded.meaning_zh, definition_en = excluded.definition_en, usage_note = excluded.usage_note, sense_order = excluded.sense_order, publish_status = excluded.publish_status, updated_at = CURRENT_TIMESTAMP;
INSERT INTO vocabulary_examples (id, vocabulary_id, word, normalized_word, sense_id, sentence_en, sentence_zh, source_type, source_ref, difficulty, example_order, publish_status, updated_at) VALUES ('center-example-1', 'center', 'center', 'center', 'center-sense-1', 'The hotel is in the city center.', '酒店在市中心。', 'manual', 'top-500-public-content-v1-self-authored', 'easy', 1, 'active', CURRENT_TIMESTAMP) ON CONFLICT(id) DO UPDATE SET word = excluded.word, normalized_word = excluded.normalized_word, sense_id = excluded.sense_id, sentence_en = excluded.sentence_en, sentence_zh = excluded.sentence_zh, source_type = excluded.source_type, source_ref = excluded.source_ref, difficulty = excluded.difficulty, example_order = excluded.example_order, publish_status = excluded.publish_status, updated_at = CURRENT_TIMESTAMP;
INSERT INTO vocabulary_collocations (id, vocabulary_id, word, normalized_word, sense_id, phrase, normalized_phrase, meaning_zh, example_en, example_zh, collocation_type, sort_order, publish_status, updated_at) VALUES ('center-collocation-1', 'center', 'center', 'center', 'center-sense-1', 'city center', 'city center', '', '', '', 'phrase', 1, 'active', CURRENT_TIMESTAMP) ON CONFLICT(id) DO UPDATE SET word = excluded.word, normalized_word = excluded.normalized_word, sense_id = excluded.sense_id, phrase = excluded.phrase, normalized_phrase = excluded.normalized_phrase, meaning_zh = excluded.meaning_zh, example_en = excluded.example_en, example_zh = excluded.example_zh, collocation_type = excluded.collocation_type, sort_order = excluded.sort_order, publish_status = excluded.publish_status, updated_at = CURRENT_TIMESTAMP;
INSERT INTO vocabulary_collocations (id, vocabulary_id, word, normalized_word, sense_id, phrase, normalized_phrase, meaning_zh, example_en, example_zh, collocation_type, sort_order, publish_status, updated_at) VALUES ('center-collocation-2', 'center', 'center', 'center', 'center-sense-1', 'center of', 'center of', '', '', '', 'phrase', 2, 'active', CURRENT_TIMESTAMP) ON CONFLICT(id) DO UPDATE SET word = excluded.word, normalized_word = excluded.normalized_word, sense_id = excluded.sense_id, phrase = excluded.phrase, normalized_phrase = excluded.normalized_phrase, meaning_zh = excluded.meaning_zh, example_en = excluded.example_en, example_zh = excluded.example_zh, collocation_type = excluded.collocation_type, sort_order = excluded.sort_order, publish_status = excluded.publish_status, updated_at = CURRENT_TIMESTAMP;
INSERT INTO vocabulary_scenario_links (vocabulary_id, word, normalized_word, scenario_id, relevance, created_at) VALUES ('center', 'center', 'center', 'problem-solving', 80, CURRENT_TIMESTAMP) ON CONFLICT(vocabulary_id, scenario_id) DO UPDATE SET word = excluded.word, normalized_word = excluded.normalized_word, relevance = excluded.relevance;

UPDATE core_vocabulary SET word = 'grow', meaning_zh = '发展；生长', definition_en = 'to become larger, older, or more developed', primary_part_of_speech = 'verb', phonetic_us = '/groʊ/', phonetic_uk = '/groʊ/', updated_at = CURRENT_TIMESTAMP WHERE id = 'grow';
UPDATE vocabulary_pronunciations SET phonetic = CASE accent WHEN 'us' THEN '/groʊ/' WHEN 'uk' THEN '/groʊ/' ELSE phonetic END, phonetic_source = 'manual-curation-pending-review', updated_at = CURRENT_TIMESTAMP WHERE vocabulary_id = 'grow' AND accent IN ('us', 'uk');
INSERT INTO vocabulary_senses (id, vocabulary_id, word, normalized_word, part_of_speech, meaning_zh, definition_en, usage_note, sense_order, level, publish_status, updated_at) VALUES ('grow-sense-1', 'grow', 'grow', 'grow', 'verb', '发展；生长', 'to become larger, older, or more developed', 'Self-authored learner sense; pending review.', 1, NULL, 'active', CURRENT_TIMESTAMP) ON CONFLICT(id) DO UPDATE SET word = excluded.word, normalized_word = excluded.normalized_word, part_of_speech = excluded.part_of_speech, meaning_zh = excluded.meaning_zh, definition_en = excluded.definition_en, usage_note = excluded.usage_note, sense_order = excluded.sense_order, publish_status = excluded.publish_status, updated_at = CURRENT_TIMESTAMP;
INSERT INTO vocabulary_examples (id, vocabulary_id, word, normalized_word, sense_id, sentence_en, sentence_zh, source_type, source_ref, difficulty, example_order, publish_status, updated_at) VALUES ('grow-example-1', 'grow', 'grow', 'grow', 'grow-sense-1', 'Plants grow faster in warm weather.', '植物在温暖天气中长得更快。', 'manual', 'top-500-public-content-v1-self-authored', 'easy', 1, 'active', CURRENT_TIMESTAMP) ON CONFLICT(id) DO UPDATE SET word = excluded.word, normalized_word = excluded.normalized_word, sense_id = excluded.sense_id, sentence_en = excluded.sentence_en, sentence_zh = excluded.sentence_zh, source_type = excluded.source_type, source_ref = excluded.source_ref, difficulty = excluded.difficulty, example_order = excluded.example_order, publish_status = excluded.publish_status, updated_at = CURRENT_TIMESTAMP;
INSERT INTO vocabulary_collocations (id, vocabulary_id, word, normalized_word, sense_id, phrase, normalized_phrase, meaning_zh, example_en, example_zh, collocation_type, sort_order, publish_status, updated_at) VALUES ('grow-collocation-1', 'grow', 'grow', 'grow', 'grow-sense-1', 'grow up', 'grow up', '', '', '', 'phrase', 1, 'active', CURRENT_TIMESTAMP) ON CONFLICT(id) DO UPDATE SET word = excluded.word, normalized_word = excluded.normalized_word, sense_id = excluded.sense_id, phrase = excluded.phrase, normalized_phrase = excluded.normalized_phrase, meaning_zh = excluded.meaning_zh, example_en = excluded.example_en, example_zh = excluded.example_zh, collocation_type = excluded.collocation_type, sort_order = excluded.sort_order, publish_status = excluded.publish_status, updated_at = CURRENT_TIMESTAMP;
INSERT INTO vocabulary_collocations (id, vocabulary_id, word, normalized_word, sense_id, phrase, normalized_phrase, meaning_zh, example_en, example_zh, collocation_type, sort_order, publish_status, updated_at) VALUES ('grow-collocation-2', 'grow', 'grow', 'grow', 'grow-sense-1', 'grow quickly', 'grow quickly', '', '', '', 'phrase', 2, 'active', CURRENT_TIMESTAMP) ON CONFLICT(id) DO UPDATE SET word = excluded.word, normalized_word = excluded.normalized_word, sense_id = excluded.sense_id, phrase = excluded.phrase, normalized_phrase = excluded.normalized_phrase, meaning_zh = excluded.meaning_zh, example_en = excluded.example_en, example_zh = excluded.example_zh, collocation_type = excluded.collocation_type, sort_order = excluded.sort_order, publish_status = excluded.publish_status, updated_at = CURRENT_TIMESTAMP;
INSERT INTO vocabulary_scenario_links (vocabulary_id, word, normalized_word, scenario_id, relevance, created_at) VALUES ('grow', 'grow', 'grow', 'problem-solving', 80, CURRENT_TIMESTAMP) ON CONFLICT(vocabulary_id, scenario_id) DO UPDATE SET word = excluded.word, normalized_word = excluded.normalized_word, relevance = excluded.relevance;

UPDATE core_vocabulary SET word = 'nothing', meaning_zh = '没有什么', definition_en = 'not anything', primary_part_of_speech = 'pronoun', phonetic_us = '/ˈnəθɪŋ/', phonetic_uk = '/ˈnəθɪŋ/', updated_at = CURRENT_TIMESTAMP WHERE id = 'nothing';
UPDATE vocabulary_pronunciations SET phonetic = CASE accent WHEN 'us' THEN '/ˈnəθɪŋ/' WHEN 'uk' THEN '/ˈnəθɪŋ/' ELSE phonetic END, phonetic_source = 'manual-curation-pending-review', updated_at = CURRENT_TIMESTAMP WHERE vocabulary_id = 'nothing' AND accent IN ('us', 'uk');
INSERT INTO vocabulary_senses (id, vocabulary_id, word, normalized_word, part_of_speech, meaning_zh, definition_en, usage_note, sense_order, level, publish_status, updated_at) VALUES ('nothing-sense-1', 'nothing', 'nothing', 'nothing', 'pronoun', '没有什么', 'not anything', 'Self-authored learner sense; pending review.', 1, NULL, 'active', CURRENT_TIMESTAMP) ON CONFLICT(id) DO UPDATE SET word = excluded.word, normalized_word = excluded.normalized_word, part_of_speech = excluded.part_of_speech, meaning_zh = excluded.meaning_zh, definition_en = excluded.definition_en, usage_note = excluded.usage_note, sense_order = excluded.sense_order, publish_status = excluded.publish_status, updated_at = CURRENT_TIMESTAMP;
INSERT INTO vocabulary_examples (id, vocabulary_id, word, normalized_word, sense_id, sentence_en, sentence_zh, source_type, source_ref, difficulty, example_order, publish_status, updated_at) VALUES ('nothing-example-1', 'nothing', 'nothing', 'nothing', 'nothing-sense-1', 'There is nothing in the box.', '盒子里什么也没有。', 'manual', 'top-500-public-content-v1-self-authored', 'easy', 1, 'active', CURRENT_TIMESTAMP) ON CONFLICT(id) DO UPDATE SET word = excluded.word, normalized_word = excluded.normalized_word, sense_id = excluded.sense_id, sentence_en = excluded.sentence_en, sentence_zh = excluded.sentence_zh, source_type = excluded.source_type, source_ref = excluded.source_ref, difficulty = excluded.difficulty, example_order = excluded.example_order, publish_status = excluded.publish_status, updated_at = CURRENT_TIMESTAMP;
INSERT INTO vocabulary_scenario_links (vocabulary_id, word, normalized_word, scenario_id, relevance, created_at) VALUES ('nothing', 'nothing', 'nothing', 'problem-solving', 80, CURRENT_TIMESTAMP) ON CONFLICT(vocabulary_id, scenario_id) DO UPDATE SET word = excluded.word, normalized_word = excluded.normalized_word, relevance = excluded.relevance;

UPDATE core_vocabulary SET word = 'return', meaning_zh = '返回', definition_en = 'to go or come back to a place or state', primary_part_of_speech = 'verb', phonetic_us = '/rɪˈtərn/', phonetic_uk = '/rɪˈtərn/', updated_at = CURRENT_TIMESTAMP WHERE id = 'return';
UPDATE vocabulary_pronunciations SET phonetic = CASE accent WHEN 'us' THEN '/rɪˈtərn/' WHEN 'uk' THEN '/rɪˈtərn/' ELSE phonetic END, phonetic_source = 'manual-curation-pending-review', updated_at = CURRENT_TIMESTAMP WHERE vocabulary_id = 'return' AND accent IN ('us', 'uk');
INSERT INTO vocabulary_senses (id, vocabulary_id, word, normalized_word, part_of_speech, meaning_zh, definition_en, usage_note, sense_order, level, publish_status, updated_at) VALUES ('return-sense-1', 'return', 'return', 'return', 'verb', '返回', 'to go or come back to a place or state', 'Self-authored learner sense; pending review.', 1, NULL, 'active', CURRENT_TIMESTAMP) ON CONFLICT(id) DO UPDATE SET word = excluded.word, normalized_word = excluded.normalized_word, part_of_speech = excluded.part_of_speech, meaning_zh = excluded.meaning_zh, definition_en = excluded.definition_en, usage_note = excluded.usage_note, sense_order = excluded.sense_order, publish_status = excluded.publish_status, updated_at = CURRENT_TIMESTAMP;
INSERT INTO vocabulary_examples (id, vocabulary_id, word, normalized_word, sense_id, sentence_en, sentence_zh, source_type, source_ref, difficulty, example_order, publish_status, updated_at) VALUES ('return-example-1', 'return', 'return', 'return', 'return-sense-1', 'Please return the book tomorrow.', '请明天归还这本书。', 'manual', 'top-500-public-content-v1-self-authored', 'easy', 1, 'active', CURRENT_TIMESTAMP) ON CONFLICT(id) DO UPDATE SET word = excluded.word, normalized_word = excluded.normalized_word, sense_id = excluded.sense_id, sentence_en = excluded.sentence_en, sentence_zh = excluded.sentence_zh, source_type = excluded.source_type, source_ref = excluded.source_ref, difficulty = excluded.difficulty, example_order = excluded.example_order, publish_status = excluded.publish_status, updated_at = CURRENT_TIMESTAMP;
INSERT INTO vocabulary_collocations (id, vocabulary_id, word, normalized_word, sense_id, phrase, normalized_phrase, meaning_zh, example_en, example_zh, collocation_type, sort_order, publish_status, updated_at) VALUES ('return-collocation-1', 'return', 'return', 'return', 'return-sense-1', 'return home', 'return home', '', '', '', 'phrase', 1, 'active', CURRENT_TIMESTAMP) ON CONFLICT(id) DO UPDATE SET word = excluded.word, normalized_word = excluded.normalized_word, sense_id = excluded.sense_id, phrase = excluded.phrase, normalized_phrase = excluded.normalized_phrase, meaning_zh = excluded.meaning_zh, example_en = excluded.example_en, example_zh = excluded.example_zh, collocation_type = excluded.collocation_type, sort_order = excluded.sort_order, publish_status = excluded.publish_status, updated_at = CURRENT_TIMESTAMP;
INSERT INTO vocabulary_collocations (id, vocabulary_id, word, normalized_word, sense_id, phrase, normalized_phrase, meaning_zh, example_en, example_zh, collocation_type, sort_order, publish_status, updated_at) VALUES ('return-collocation-2', 'return', 'return', 'return', 'return-sense-1', 'return to', 'return to', '', '', '', 'phrase', 2, 'active', CURRENT_TIMESTAMP) ON CONFLICT(id) DO UPDATE SET word = excluded.word, normalized_word = excluded.normalized_word, sense_id = excluded.sense_id, phrase = excluded.phrase, normalized_phrase = excluded.normalized_phrase, meaning_zh = excluded.meaning_zh, example_en = excluded.example_en, example_zh = excluded.example_zh, collocation_type = excluded.collocation_type, sort_order = excluded.sort_order, publish_status = excluded.publish_status, updated_at = CURRENT_TIMESTAMP;
INSERT INTO vocabulary_scenario_links (vocabulary_id, word, normalized_word, scenario_id, relevance, created_at) VALUES ('return', 'return', 'return', 'problem-solving', 80, CURRENT_TIMESTAMP) ON CONFLICT(vocabulary_id, scenario_id) DO UPDATE SET word = excluded.word, normalized_word = excluded.normalized_word, relevance = excluded.relevance;

UPDATE core_vocabulary SET word = 'mother', meaning_zh = '母亲', definition_en = 'a female parent', primary_part_of_speech = 'noun', phonetic_us = '/ˈməðər/', phonetic_uk = '/ˈməðər/', updated_at = CURRENT_TIMESTAMP WHERE id = 'mother';
UPDATE vocabulary_pronunciations SET phonetic = CASE accent WHEN 'us' THEN '/ˈməðər/' WHEN 'uk' THEN '/ˈməðər/' ELSE phonetic END, phonetic_source = 'manual-curation-pending-review', updated_at = CURRENT_TIMESTAMP WHERE vocabulary_id = 'mother' AND accent IN ('us', 'uk');
INSERT INTO vocabulary_senses (id, vocabulary_id, word, normalized_word, part_of_speech, meaning_zh, definition_en, usage_note, sense_order, level, publish_status, updated_at) VALUES ('mother-sense-1', 'mother', 'mother', 'mother', 'noun', '母亲', 'a female parent', 'Self-authored learner sense; pending review.', 1, NULL, 'active', CURRENT_TIMESTAMP) ON CONFLICT(id) DO UPDATE SET word = excluded.word, normalized_word = excluded.normalized_word, part_of_speech = excluded.part_of_speech, meaning_zh = excluded.meaning_zh, definition_en = excluded.definition_en, usage_note = excluded.usage_note, sense_order = excluded.sense_order, publish_status = excluded.publish_status, updated_at = CURRENT_TIMESTAMP;
INSERT INTO vocabulary_examples (id, vocabulary_id, word, normalized_word, sense_id, sentence_en, sentence_zh, source_type, source_ref, difficulty, example_order, publish_status, updated_at) VALUES ('mother-example-1', 'mother', 'mother', 'mother', 'mother-sense-1', 'My mother cooks dinner on Sundays.', '我妈妈星期天做晚饭。', 'manual', 'top-500-public-content-v1-self-authored', 'easy', 1, 'active', CURRENT_TIMESTAMP) ON CONFLICT(id) DO UPDATE SET word = excluded.word, normalized_word = excluded.normalized_word, sense_id = excluded.sense_id, sentence_en = excluded.sentence_en, sentence_zh = excluded.sentence_zh, source_type = excluded.source_type, source_ref = excluded.source_ref, difficulty = excluded.difficulty, example_order = excluded.example_order, publish_status = excluded.publish_status, updated_at = CURRENT_TIMESTAMP;
INSERT INTO vocabulary_collocations (id, vocabulary_id, word, normalized_word, sense_id, phrase, normalized_phrase, meaning_zh, example_en, example_zh, collocation_type, sort_order, publish_status, updated_at) VALUES ('mother-collocation-1', 'mother', 'mother', 'mother', 'mother-sense-1', 'my mother', 'my mother', '', '', '', 'phrase', 1, 'active', CURRENT_TIMESTAMP) ON CONFLICT(id) DO UPDATE SET word = excluded.word, normalized_word = excluded.normalized_word, sense_id = excluded.sense_id, phrase = excluded.phrase, normalized_phrase = excluded.normalized_phrase, meaning_zh = excluded.meaning_zh, example_en = excluded.example_en, example_zh = excluded.example_zh, collocation_type = excluded.collocation_type, sort_order = excluded.sort_order, publish_status = excluded.publish_status, updated_at = CURRENT_TIMESTAMP;
INSERT INTO vocabulary_collocations (id, vocabulary_id, word, normalized_word, sense_id, phrase, normalized_phrase, meaning_zh, example_en, example_zh, collocation_type, sort_order, publish_status, updated_at) VALUES ('mother-collocation-2', 'mother', 'mother', 'mother', 'mother-sense-1', 'mother tongue', 'mother tongue', '', '', '', 'phrase', 2, 'active', CURRENT_TIMESTAMP) ON CONFLICT(id) DO UPDATE SET word = excluded.word, normalized_word = excluded.normalized_word, sense_id = excluded.sense_id, phrase = excluded.phrase, normalized_phrase = excluded.normalized_phrase, meaning_zh = excluded.meaning_zh, example_en = excluded.example_en, example_zh = excluded.example_zh, collocation_type = excluded.collocation_type, sort_order = excluded.sort_order, publish_status = excluded.publish_status, updated_at = CURRENT_TIMESTAMP;
INSERT INTO vocabulary_scenario_links (vocabulary_id, word, normalized_word, scenario_id, relevance, created_at) VALUES ('mother', 'mother', 'mother', 'family', 80, CURRENT_TIMESTAMP) ON CONFLICT(vocabulary_id, scenario_id) DO UPDATE SET word = excluded.word, normalized_word = excluded.normalized_word, relevance = excluded.relevance;

UPDATE core_vocabulary SET word = 'walk', meaning_zh = '走路', definition_en = 'to move on foot at a regular speed', primary_part_of_speech = 'verb', phonetic_us = '/wɔk/', phonetic_uk = '/wɔk/', updated_at = CURRENT_TIMESTAMP WHERE id = 'walk';
UPDATE vocabulary_pronunciations SET phonetic = CASE accent WHEN 'us' THEN '/wɔk/' WHEN 'uk' THEN '/wɔk/' ELSE phonetic END, phonetic_source = 'manual-curation-pending-review', updated_at = CURRENT_TIMESTAMP WHERE vocabulary_id = 'walk' AND accent IN ('us', 'uk');
INSERT INTO vocabulary_senses (id, vocabulary_id, word, normalized_word, part_of_speech, meaning_zh, definition_en, usage_note, sense_order, level, publish_status, updated_at) VALUES ('walk-sense-1', 'walk', 'walk', 'walk', 'verb', '走路', 'to move on foot at a regular speed', 'Self-authored learner sense; pending review.', 1, NULL, 'active', CURRENT_TIMESTAMP) ON CONFLICT(id) DO UPDATE SET word = excluded.word, normalized_word = excluded.normalized_word, part_of_speech = excluded.part_of_speech, meaning_zh = excluded.meaning_zh, definition_en = excluded.definition_en, usage_note = excluded.usage_note, sense_order = excluded.sense_order, publish_status = excluded.publish_status, updated_at = CURRENT_TIMESTAMP;
INSERT INTO vocabulary_examples (id, vocabulary_id, word, normalized_word, sense_id, sentence_en, sentence_zh, source_type, source_ref, difficulty, example_order, publish_status, updated_at) VALUES ('walk-example-1', 'walk', 'walk', 'walk', 'walk-sense-1', 'I walk to school every day.', '我每天走路去学校。', 'manual', 'top-500-public-content-v1-self-authored', 'easy', 1, 'active', CURRENT_TIMESTAMP) ON CONFLICT(id) DO UPDATE SET word = excluded.word, normalized_word = excluded.normalized_word, sense_id = excluded.sense_id, sentence_en = excluded.sentence_en, sentence_zh = excluded.sentence_zh, source_type = excluded.source_type, source_ref = excluded.source_ref, difficulty = excluded.difficulty, example_order = excluded.example_order, publish_status = excluded.publish_status, updated_at = CURRENT_TIMESTAMP;
INSERT INTO vocabulary_collocations (id, vocabulary_id, word, normalized_word, sense_id, phrase, normalized_phrase, meaning_zh, example_en, example_zh, collocation_type, sort_order, publish_status, updated_at) VALUES ('walk-collocation-1', 'walk', 'walk', 'walk', 'walk-sense-1', 'take a walk', 'take a walk', '', '', '', 'phrase', 1, 'active', CURRENT_TIMESTAMP) ON CONFLICT(id) DO UPDATE SET word = excluded.word, normalized_word = excluded.normalized_word, sense_id = excluded.sense_id, phrase = excluded.phrase, normalized_phrase = excluded.normalized_phrase, meaning_zh = excluded.meaning_zh, example_en = excluded.example_en, example_zh = excluded.example_zh, collocation_type = excluded.collocation_type, sort_order = excluded.sort_order, publish_status = excluded.publish_status, updated_at = CURRENT_TIMESTAMP;
INSERT INTO vocabulary_collocations (id, vocabulary_id, word, normalized_word, sense_id, phrase, normalized_phrase, meaning_zh, example_en, example_zh, collocation_type, sort_order, publish_status, updated_at) VALUES ('walk-collocation-2', 'walk', 'walk', 'walk', 'walk-sense-1', 'walk to', 'walk to', '', '', '', 'phrase', 2, 'active', CURRENT_TIMESTAMP) ON CONFLICT(id) DO UPDATE SET word = excluded.word, normalized_word = excluded.normalized_word, sense_id = excluded.sense_id, phrase = excluded.phrase, normalized_phrase = excluded.normalized_phrase, meaning_zh = excluded.meaning_zh, example_en = excluded.example_en, example_zh = excluded.example_zh, collocation_type = excluded.collocation_type, sort_order = excluded.sort_order, publish_status = excluded.publish_status, updated_at = CURRENT_TIMESTAMP;
INSERT INTO vocabulary_scenario_links (vocabulary_id, word, normalized_word, scenario_id, relevance, created_at) VALUES ('walk', 'walk', 'walk', 'daily', 80, CURRENT_TIMESTAMP) ON CONFLICT(vocabulary_id, scenario_id) DO UPDATE SET word = excluded.word, normalized_word = excluded.normalized_word, relevance = excluded.relevance;

UPDATE core_vocabulary SET word = 'matter', meaning_zh = '事情；要紧；有关系', definition_en = 'a subject, situation, or thing that is important', primary_part_of_speech = 'noun', phonetic_us = '/ˈmætər/', phonetic_uk = '/ˈmætər/', updated_at = CURRENT_TIMESTAMP WHERE id = 'matter';
UPDATE vocabulary_pronunciations SET phonetic = CASE accent WHEN 'us' THEN '/ˈmætər/' WHEN 'uk' THEN '/ˈmætər/' ELSE phonetic END, phonetic_source = 'manual-curation-pending-review', updated_at = CURRENT_TIMESTAMP WHERE vocabulary_id = 'matter' AND accent IN ('us', 'uk');
INSERT INTO vocabulary_senses (id, vocabulary_id, word, normalized_word, part_of_speech, meaning_zh, definition_en, usage_note, sense_order, level, publish_status, updated_at) VALUES ('matter-sense-1', 'matter', 'matter', 'matter', 'noun', '事情；要紧；有关系', 'a subject, situation, or thing that is important', 'Self-authored learner sense; pending review.', 1, NULL, 'active', CURRENT_TIMESTAMP) ON CONFLICT(id) DO UPDATE SET word = excluded.word, normalized_word = excluded.normalized_word, part_of_speech = excluded.part_of_speech, meaning_zh = excluded.meaning_zh, definition_en = excluded.definition_en, usage_note = excluded.usage_note, sense_order = excluded.sense_order, publish_status = excluded.publish_status, updated_at = CURRENT_TIMESTAMP;
INSERT INTO vocabulary_examples (id, vocabulary_id, word, normalized_word, sense_id, sentence_en, sentence_zh, source_type, source_ref, difficulty, example_order, publish_status, updated_at) VALUES ('matter-example-1', 'matter', 'matter', 'matter', 'matter-sense-1', 'This matter needs attention.', '这件事需要关注。', 'manual', 'top-500-public-content-v1-self-authored', 'easy', 1, 'active', CURRENT_TIMESTAMP) ON CONFLICT(id) DO UPDATE SET word = excluded.word, normalized_word = excluded.normalized_word, sense_id = excluded.sense_id, sentence_en = excluded.sentence_en, sentence_zh = excluded.sentence_zh, source_type = excluded.source_type, source_ref = excluded.source_ref, difficulty = excluded.difficulty, example_order = excluded.example_order, publish_status = excluded.publish_status, updated_at = CURRENT_TIMESTAMP;
INSERT INTO vocabulary_collocations (id, vocabulary_id, word, normalized_word, sense_id, phrase, normalized_phrase, meaning_zh, example_en, example_zh, collocation_type, sort_order, publish_status, updated_at) VALUES ('matter-collocation-1', 'matter', 'matter', 'matter', 'matter-sense-1', 'personal matter', 'personal matter', '', '', '', 'phrase', 1, 'active', CURRENT_TIMESTAMP) ON CONFLICT(id) DO UPDATE SET word = excluded.word, normalized_word = excluded.normalized_word, sense_id = excluded.sense_id, phrase = excluded.phrase, normalized_phrase = excluded.normalized_phrase, meaning_zh = excluded.meaning_zh, example_en = excluded.example_en, example_zh = excluded.example_zh, collocation_type = excluded.collocation_type, sort_order = excluded.sort_order, publish_status = excluded.publish_status, updated_at = CURRENT_TIMESTAMP;
INSERT INTO vocabulary_collocations (id, vocabulary_id, word, normalized_word, sense_id, phrase, normalized_phrase, meaning_zh, example_en, example_zh, collocation_type, sort_order, publish_status, updated_at) VALUES ('matter-collocation-2', 'matter', 'matter', 'matter', 'matter-sense-1', 'matter of', 'matter of', '', '', '', 'phrase', 2, 'active', CURRENT_TIMESTAMP) ON CONFLICT(id) DO UPDATE SET word = excluded.word, normalized_word = excluded.normalized_word, sense_id = excluded.sense_id, phrase = excluded.phrase, normalized_phrase = excluded.normalized_phrase, meaning_zh = excluded.meaning_zh, example_en = excluded.example_en, example_zh = excluded.example_zh, collocation_type = excluded.collocation_type, sort_order = excluded.sort_order, publish_status = excluded.publish_status, updated_at = CURRENT_TIMESTAMP;
INSERT INTO vocabulary_scenario_links (vocabulary_id, word, normalized_word, scenario_id, relevance, created_at) VALUES ('matter', 'matter', 'matter', 'thinking', 80, CURRENT_TIMESTAMP) ON CONFLICT(vocabulary_id, scenario_id) DO UPDATE SET word = excluded.word, normalized_word = excluded.normalized_word, relevance = excluded.relevance;
