-- Top 500 public vocabulary content v1, part 10.
-- Self-authored learner definitions and examples for words 381-400.
-- Phonetics are bootstrap IPA values and remain tracked for manual review.

UPDATE core_vocabulary SET word = 'social', meaning_zh = '社会的', definition_en = 'connected with people, groups, or society', primary_part_of_speech = 'adjective', phonetic_us = '/ˈsoʊʃəl/', phonetic_uk = '/ˈsoʊʃəl/', updated_at = CURRENT_TIMESTAMP WHERE id = 'social';
UPDATE vocabulary_pronunciations SET phonetic = CASE accent WHEN 'us' THEN '/ˈsoʊʃəl/' WHEN 'uk' THEN '/ˈsoʊʃəl/' ELSE phonetic END, phonetic_source = 'manual-curation-pending-review', updated_at = CURRENT_TIMESTAMP WHERE vocabulary_id = 'social' AND accent IN ('us', 'uk');
INSERT INTO vocabulary_senses (id, vocabulary_id, word, normalized_word, part_of_speech, meaning_zh, definition_en, usage_note, sense_order, level, publish_status, updated_at) VALUES ('social-sense-1', 'social', 'social', 'social', 'adjective', '社会的', 'connected with people, groups, or society', 'Self-authored learner sense; pending review.', 1, NULL, 'active', CURRENT_TIMESTAMP) ON CONFLICT(id) DO UPDATE SET word = excluded.word, normalized_word = excluded.normalized_word, part_of_speech = excluded.part_of_speech, meaning_zh = excluded.meaning_zh, definition_en = excluded.definition_en, usage_note = excluded.usage_note, sense_order = excluded.sense_order, publish_status = excluded.publish_status, updated_at = CURRENT_TIMESTAMP;
INSERT INTO vocabulary_examples (id, vocabulary_id, word, normalized_word, sense_id, sentence_en, sentence_zh, source_type, source_ref, difficulty, example_order, publish_status, updated_at) VALUES ('social-example-1', 'social', 'social', 'social', 'social-sense-1', 'Social skills are important at work.', '社交技能在工作中很重要。', 'manual', 'top-500-public-content-v1-self-authored', 'easy', 1, 'active', CURRENT_TIMESTAMP) ON CONFLICT(id) DO UPDATE SET word = excluded.word, normalized_word = excluded.normalized_word, sense_id = excluded.sense_id, sentence_en = excluded.sentence_en, sentence_zh = excluded.sentence_zh, source_type = excluded.source_type, source_ref = excluded.source_ref, difficulty = excluded.difficulty, example_order = excluded.example_order, publish_status = excluded.publish_status, updated_at = CURRENT_TIMESTAMP;
INSERT INTO vocabulary_collocations (id, vocabulary_id, word, normalized_word, sense_id, phrase, normalized_phrase, meaning_zh, example_en, example_zh, collocation_type, sort_order, publish_status, updated_at) VALUES ('social-collocation-1', 'social', 'social', 'social', 'social-sense-1', 'social media', 'social media', '', '', '', 'phrase', 1, 'active', CURRENT_TIMESTAMP) ON CONFLICT(id) DO UPDATE SET word = excluded.word, normalized_word = excluded.normalized_word, sense_id = excluded.sense_id, phrase = excluded.phrase, normalized_phrase = excluded.normalized_phrase, meaning_zh = excluded.meaning_zh, example_en = excluded.example_en, example_zh = excluded.example_zh, collocation_type = excluded.collocation_type, sort_order = excluded.sort_order, publish_status = excluded.publish_status, updated_at = CURRENT_TIMESTAMP;
INSERT INTO vocabulary_collocations (id, vocabulary_id, word, normalized_word, sense_id, phrase, normalized_phrase, meaning_zh, example_en, example_zh, collocation_type, sort_order, publish_status, updated_at) VALUES ('social-collocation-2', 'social', 'social', 'social', 'social-sense-1', 'social life', 'social life', '', '', '', 'phrase', 2, 'active', CURRENT_TIMESTAMP) ON CONFLICT(id) DO UPDATE SET word = excluded.word, normalized_word = excluded.normalized_word, sense_id = excluded.sense_id, phrase = excluded.phrase, normalized_phrase = excluded.normalized_phrase, meaning_zh = excluded.meaning_zh, example_en = excluded.example_en, example_zh = excluded.example_zh, collocation_type = excluded.collocation_type, sort_order = excluded.sort_order, publish_status = excluded.publish_status, updated_at = CURRENT_TIMESTAMP;
INSERT INTO vocabulary_scenario_links (vocabulary_id, word, normalized_word, scenario_id, relevance, created_at) VALUES ('social', 'social', 'social', 'communication', 80, CURRENT_TIMESTAMP) ON CONFLICT(vocabulary_id, scenario_id) DO UPDATE SET word = excluded.word, normalized_word = excluded.normalized_word, relevance = excluded.relevance;
INSERT INTO vocabulary_scenario_links (vocabulary_id, word, normalized_word, scenario_id, relevance, created_at) VALUES ('social', 'social', 'social', 'daily', 80, CURRENT_TIMESTAMP) ON CONFLICT(vocabulary_id, scenario_id) DO UPDATE SET word = excluded.word, normalized_word = excluded.normalized_word, relevance = excluded.relevance;

UPDATE core_vocabulary SET word = 'period', meaning_zh = '时期', definition_en = 'a length of time', primary_part_of_speech = 'noun', phonetic_us = '/ˈpɪriəd/', phonetic_uk = '/ˈpɪriəd/', updated_at = CURRENT_TIMESTAMP WHERE id = 'period';
UPDATE vocabulary_pronunciations SET phonetic = CASE accent WHEN 'us' THEN '/ˈpɪriəd/' WHEN 'uk' THEN '/ˈpɪriəd/' ELSE phonetic END, phonetic_source = 'manual-curation-pending-review', updated_at = CURRENT_TIMESTAMP WHERE vocabulary_id = 'period' AND accent IN ('us', 'uk');
INSERT INTO vocabulary_senses (id, vocabulary_id, word, normalized_word, part_of_speech, meaning_zh, definition_en, usage_note, sense_order, level, publish_status, updated_at) VALUES ('period-sense-1', 'period', 'period', 'period', 'noun', '时期', 'a length of time', 'Self-authored learner sense; pending review.', 1, NULL, 'active', CURRENT_TIMESTAMP) ON CONFLICT(id) DO UPDATE SET word = excluded.word, normalized_word = excluded.normalized_word, part_of_speech = excluded.part_of_speech, meaning_zh = excluded.meaning_zh, definition_en = excluded.definition_en, usage_note = excluded.usage_note, sense_order = excluded.sense_order, publish_status = excluded.publish_status, updated_at = CURRENT_TIMESTAMP;
INSERT INTO vocabulary_examples (id, vocabulary_id, word, normalized_word, sense_id, sentence_en, sentence_zh, source_type, source_ref, difficulty, example_order, publish_status, updated_at) VALUES ('period-example-1', 'period', 'period', 'period', 'period-sense-1', 'This was a difficult period.', '这是一段困难时期。', 'manual', 'top-500-public-content-v1-self-authored', 'easy', 1, 'active', CURRENT_TIMESTAMP) ON CONFLICT(id) DO UPDATE SET word = excluded.word, normalized_word = excluded.normalized_word, sense_id = excluded.sense_id, sentence_en = excluded.sentence_en, sentence_zh = excluded.sentence_zh, source_type = excluded.source_type, source_ref = excluded.source_ref, difficulty = excluded.difficulty, example_order = excluded.example_order, publish_status = excluded.publish_status, updated_at = CURRENT_TIMESTAMP;
INSERT INTO vocabulary_collocations (id, vocabulary_id, word, normalized_word, sense_id, phrase, normalized_phrase, meaning_zh, example_en, example_zh, collocation_type, sort_order, publish_status, updated_at) VALUES ('period-collocation-1', 'period', 'period', 'period', 'period-sense-1', 'time period', 'time period', '', '', '', 'phrase', 1, 'active', CURRENT_TIMESTAMP) ON CONFLICT(id) DO UPDATE SET word = excluded.word, normalized_word = excluded.normalized_word, sense_id = excluded.sense_id, phrase = excluded.phrase, normalized_phrase = excluded.normalized_phrase, meaning_zh = excluded.meaning_zh, example_en = excluded.example_en, example_zh = excluded.example_zh, collocation_type = excluded.collocation_type, sort_order = excluded.sort_order, publish_status = excluded.publish_status, updated_at = CURRENT_TIMESTAMP;
INSERT INTO vocabulary_collocations (id, vocabulary_id, word, normalized_word, sense_id, phrase, normalized_phrase, meaning_zh, example_en, example_zh, collocation_type, sort_order, publish_status, updated_at) VALUES ('period-collocation-2', 'period', 'period', 'period', 'period-sense-1', 'period of', 'period of', '', '', '', 'phrase', 2, 'active', CURRENT_TIMESTAMP) ON CONFLICT(id) DO UPDATE SET word = excluded.word, normalized_word = excluded.normalized_word, sense_id = excluded.sense_id, phrase = excluded.phrase, normalized_phrase = excluded.normalized_phrase, meaning_zh = excluded.meaning_zh, example_en = excluded.example_en, example_zh = excluded.example_zh, collocation_type = excluded.collocation_type, sort_order = excluded.sort_order, publish_status = excluded.publish_status, updated_at = CURRENT_TIMESTAMP;
INSERT INTO vocabulary_scenario_links (vocabulary_id, word, normalized_word, scenario_id, relevance, created_at) VALUES ('period', 'period', 'period', 'time', 80, CURRENT_TIMESTAMP) ON CONFLICT(vocabulary_id, scenario_id) DO UPDATE SET word = excluded.word, normalized_word = excluded.normalized_word, relevance = excluded.relevance;

UPDATE core_vocabulary SET word = 'across', meaning_zh = '穿过；横过', definition_en = 'from one side to the other side', primary_part_of_speech = 'preposition', phonetic_us = '/əˈkrɔs/', phonetic_uk = '/əˈkrɔs/', updated_at = CURRENT_TIMESTAMP WHERE id = 'across';
UPDATE vocabulary_pronunciations SET phonetic = CASE accent WHEN 'us' THEN '/əˈkrɔs/' WHEN 'uk' THEN '/əˈkrɔs/' ELSE phonetic END, phonetic_source = 'manual-curation-pending-review', updated_at = CURRENT_TIMESTAMP WHERE vocabulary_id = 'across' AND accent IN ('us', 'uk');
INSERT INTO vocabulary_senses (id, vocabulary_id, word, normalized_word, part_of_speech, meaning_zh, definition_en, usage_note, sense_order, level, publish_status, updated_at) VALUES ('across-sense-1', 'across', 'across', 'across', 'preposition', '穿过；横过', 'from one side to the other side', 'Self-authored learner sense; pending review.', 1, NULL, 'active', CURRENT_TIMESTAMP) ON CONFLICT(id) DO UPDATE SET word = excluded.word, normalized_word = excluded.normalized_word, part_of_speech = excluded.part_of_speech, meaning_zh = excluded.meaning_zh, definition_en = excluded.definition_en, usage_note = excluded.usage_note, sense_order = excluded.sense_order, publish_status = excluded.publish_status, updated_at = CURRENT_TIMESTAMP;
INSERT INTO vocabulary_examples (id, vocabulary_id, word, normalized_word, sense_id, sentence_en, sentence_zh, source_type, source_ref, difficulty, example_order, publish_status, updated_at) VALUES ('across-example-1', 'across', 'across', 'across', 'across-sense-1', 'We walked across the bridge.', '我们走过了桥。', 'manual', 'top-500-public-content-v1-self-authored', 'easy', 1, 'active', CURRENT_TIMESTAMP) ON CONFLICT(id) DO UPDATE SET word = excluded.word, normalized_word = excluded.normalized_word, sense_id = excluded.sense_id, sentence_en = excluded.sentence_en, sentence_zh = excluded.sentence_zh, source_type = excluded.source_type, source_ref = excluded.source_ref, difficulty = excluded.difficulty, example_order = excluded.example_order, publish_status = excluded.publish_status, updated_at = CURRENT_TIMESTAMP;
INSERT INTO vocabulary_collocations (id, vocabulary_id, word, normalized_word, sense_id, phrase, normalized_phrase, meaning_zh, example_en, example_zh, collocation_type, sort_order, publish_status, updated_at) VALUES ('across-collocation-1', 'across', 'across', 'across', 'across-sense-1', 'across from', 'across from', '', '', '', 'phrase', 1, 'active', CURRENT_TIMESTAMP) ON CONFLICT(id) DO UPDATE SET word = excluded.word, normalized_word = excluded.normalized_word, sense_id = excluded.sense_id, phrase = excluded.phrase, normalized_phrase = excluded.normalized_phrase, meaning_zh = excluded.meaning_zh, example_en = excluded.example_en, example_zh = excluded.example_zh, collocation_type = excluded.collocation_type, sort_order = excluded.sort_order, publish_status = excluded.publish_status, updated_at = CURRENT_TIMESTAMP;
INSERT INTO vocabulary_collocations (id, vocabulary_id, word, normalized_word, sense_id, phrase, normalized_phrase, meaning_zh, example_en, example_zh, collocation_type, sort_order, publish_status, updated_at) VALUES ('across-collocation-2', 'across', 'across', 'across', 'across-sense-1', 'walk across', 'walk across', '', '', '', 'phrase', 2, 'active', CURRENT_TIMESTAMP) ON CONFLICT(id) DO UPDATE SET word = excluded.word, normalized_word = excluded.normalized_word, sense_id = excluded.sense_id, phrase = excluded.phrase, normalized_phrase = excluded.normalized_phrase, meaning_zh = excluded.meaning_zh, example_en = excluded.example_en, example_zh = excluded.example_zh, collocation_type = excluded.collocation_type, sort_order = excluded.sort_order, publish_status = excluded.publish_status, updated_at = CURRENT_TIMESTAMP;
INSERT INTO vocabulary_scenario_links (vocabulary_id, word, normalized_word, scenario_id, relevance, created_at) VALUES ('across', 'across', 'across', 'problem-solving', 80, CURRENT_TIMESTAMP) ON CONFLICT(vocabulary_id, scenario_id) DO UPDATE SET word = excluded.word, normalized_word = excluded.normalized_word, relevance = excluded.relevance;

UPDATE core_vocabulary SET word = 'note', meaning_zh = '便条；笔记', definition_en = 'a short written message or record', primary_part_of_speech = 'noun', phonetic_us = '/noʊt/', phonetic_uk = '/noʊt/', updated_at = CURRENT_TIMESTAMP WHERE id = 'note';
UPDATE vocabulary_pronunciations SET phonetic = CASE accent WHEN 'us' THEN '/noʊt/' WHEN 'uk' THEN '/noʊt/' ELSE phonetic END, phonetic_source = 'manual-curation-pending-review', updated_at = CURRENT_TIMESTAMP WHERE vocabulary_id = 'note' AND accent IN ('us', 'uk');
INSERT INTO vocabulary_senses (id, vocabulary_id, word, normalized_word, part_of_speech, meaning_zh, definition_en, usage_note, sense_order, level, publish_status, updated_at) VALUES ('note-sense-1', 'note', 'note', 'note', 'noun', '便条；笔记', 'a short written message or record', 'Self-authored learner sense; pending review.', 1, NULL, 'active', CURRENT_TIMESTAMP) ON CONFLICT(id) DO UPDATE SET word = excluded.word, normalized_word = excluded.normalized_word, part_of_speech = excluded.part_of_speech, meaning_zh = excluded.meaning_zh, definition_en = excluded.definition_en, usage_note = excluded.usage_note, sense_order = excluded.sense_order, publish_status = excluded.publish_status, updated_at = CURRENT_TIMESTAMP;
INSERT INTO vocabulary_examples (id, vocabulary_id, word, normalized_word, sense_id, sentence_en, sentence_zh, source_type, source_ref, difficulty, example_order, publish_status, updated_at) VALUES ('note-example-1', 'note', 'note', 'note', 'note-sense-1', 'I wrote a short note to my teacher.', '我给老师写了一张短便条。', 'manual', 'top-500-public-content-v1-self-authored', 'easy', 1, 'active', CURRENT_TIMESTAMP) ON CONFLICT(id) DO UPDATE SET word = excluded.word, normalized_word = excluded.normalized_word, sense_id = excluded.sense_id, sentence_en = excluded.sentence_en, sentence_zh = excluded.sentence_zh, source_type = excluded.source_type, source_ref = excluded.source_ref, difficulty = excluded.difficulty, example_order = excluded.example_order, publish_status = excluded.publish_status, updated_at = CURRENT_TIMESTAMP;
INSERT INTO vocabulary_collocations (id, vocabulary_id, word, normalized_word, sense_id, phrase, normalized_phrase, meaning_zh, example_en, example_zh, collocation_type, sort_order, publish_status, updated_at) VALUES ('note-collocation-1', 'note', 'note', 'note', 'note-sense-1', 'short note', 'short note', '', '', '', 'phrase', 1, 'active', CURRENT_TIMESTAMP) ON CONFLICT(id) DO UPDATE SET word = excluded.word, normalized_word = excluded.normalized_word, sense_id = excluded.sense_id, phrase = excluded.phrase, normalized_phrase = excluded.normalized_phrase, meaning_zh = excluded.meaning_zh, example_en = excluded.example_en, example_zh = excluded.example_zh, collocation_type = excluded.collocation_type, sort_order = excluded.sort_order, publish_status = excluded.publish_status, updated_at = CURRENT_TIMESTAMP;
INSERT INTO vocabulary_collocations (id, vocabulary_id, word, normalized_word, sense_id, phrase, normalized_phrase, meaning_zh, example_en, example_zh, collocation_type, sort_order, publish_status, updated_at) VALUES ('note-collocation-2', 'note', 'note', 'note', 'note-sense-1', 'note to', 'note to', '', '', '', 'phrase', 2, 'active', CURRENT_TIMESTAMP) ON CONFLICT(id) DO UPDATE SET word = excluded.word, normalized_word = excluded.normalized_word, sense_id = excluded.sense_id, phrase = excluded.phrase, normalized_phrase = excluded.normalized_phrase, meaning_zh = excluded.meaning_zh, example_en = excluded.example_en, example_zh = excluded.example_zh, collocation_type = excluded.collocation_type, sort_order = excluded.sort_order, publish_status = excluded.publish_status, updated_at = CURRENT_TIMESTAMP;
INSERT INTO vocabulary_scenario_links (vocabulary_id, word, normalized_word, scenario_id, relevance, created_at) VALUES ('note', 'note', 'note', 'communication', 80, CURRENT_TIMESTAMP) ON CONFLICT(vocabulary_id, scenario_id) DO UPDATE SET word = excluded.word, normalized_word = excluded.normalized_word, relevance = excluded.relevance;

UPDATE core_vocabulary SET word = 'history', meaning_zh = '历史', definition_en = 'events of the past, or the study of those events', primary_part_of_speech = 'noun', phonetic_us = '/ˈhɪstəri/', phonetic_uk = '/ˈhɪstəri/', updated_at = CURRENT_TIMESTAMP WHERE id = 'history';
UPDATE vocabulary_pronunciations SET phonetic = CASE accent WHEN 'us' THEN '/ˈhɪstəri/' WHEN 'uk' THEN '/ˈhɪstəri/' ELSE phonetic END, phonetic_source = 'manual-curation-pending-review', updated_at = CURRENT_TIMESTAMP WHERE vocabulary_id = 'history' AND accent IN ('us', 'uk');
INSERT INTO vocabulary_senses (id, vocabulary_id, word, normalized_word, part_of_speech, meaning_zh, definition_en, usage_note, sense_order, level, publish_status, updated_at) VALUES ('history-sense-1', 'history', 'history', 'history', 'noun', '历史', 'events of the past, or the study of those events', 'Self-authored learner sense; pending review.', 1, NULL, 'active', CURRENT_TIMESTAMP) ON CONFLICT(id) DO UPDATE SET word = excluded.word, normalized_word = excluded.normalized_word, part_of_speech = excluded.part_of_speech, meaning_zh = excluded.meaning_zh, definition_en = excluded.definition_en, usage_note = excluded.usage_note, sense_order = excluded.sense_order, publish_status = excluded.publish_status, updated_at = CURRENT_TIMESTAMP;
INSERT INTO vocabulary_examples (id, vocabulary_id, word, normalized_word, sense_id, sentence_en, sentence_zh, source_type, source_ref, difficulty, example_order, publish_status, updated_at) VALUES ('history-example-1', 'history', 'history', 'history', 'history-sense-1', 'I enjoy learning history.', '我喜欢学习历史。', 'manual', 'top-500-public-content-v1-self-authored', 'easy', 1, 'active', CURRENT_TIMESTAMP) ON CONFLICT(id) DO UPDATE SET word = excluded.word, normalized_word = excluded.normalized_word, sense_id = excluded.sense_id, sentence_en = excluded.sentence_en, sentence_zh = excluded.sentence_zh, source_type = excluded.source_type, source_ref = excluded.source_ref, difficulty = excluded.difficulty, example_order = excluded.example_order, publish_status = excluded.publish_status, updated_at = CURRENT_TIMESTAMP;
INSERT INTO vocabulary_collocations (id, vocabulary_id, word, normalized_word, sense_id, phrase, normalized_phrase, meaning_zh, example_en, example_zh, collocation_type, sort_order, publish_status, updated_at) VALUES ('history-collocation-1', 'history', 'history', 'history', 'history-sense-1', 'family history', 'family history', '', '', '', 'phrase', 1, 'active', CURRENT_TIMESTAMP) ON CONFLICT(id) DO UPDATE SET word = excluded.word, normalized_word = excluded.normalized_word, sense_id = excluded.sense_id, phrase = excluded.phrase, normalized_phrase = excluded.normalized_phrase, meaning_zh = excluded.meaning_zh, example_en = excluded.example_en, example_zh = excluded.example_zh, collocation_type = excluded.collocation_type, sort_order = excluded.sort_order, publish_status = excluded.publish_status, updated_at = CURRENT_TIMESTAMP;
INSERT INTO vocabulary_collocations (id, vocabulary_id, word, normalized_word, sense_id, phrase, normalized_phrase, meaning_zh, example_en, example_zh, collocation_type, sort_order, publish_status, updated_at) VALUES ('history-collocation-2', 'history', 'history', 'history', 'history-sense-1', 'history of', 'history of', '', '', '', 'phrase', 2, 'active', CURRENT_TIMESTAMP) ON CONFLICT(id) DO UPDATE SET word = excluded.word, normalized_word = excluded.normalized_word, sense_id = excluded.sense_id, phrase = excluded.phrase, normalized_phrase = excluded.normalized_phrase, meaning_zh = excluded.meaning_zh, example_en = excluded.example_en, example_zh = excluded.example_zh, collocation_type = excluded.collocation_type, sort_order = excluded.sort_order, publish_status = excluded.publish_status, updated_at = CURRENT_TIMESTAMP;
INSERT INTO vocabulary_scenario_links (vocabulary_id, word, normalized_word, scenario_id, relevance, created_at) VALUES ('history', 'history', 'history', 'problem-solving', 80, CURRENT_TIMESTAMP) ON CONFLICT(vocabulary_id, scenario_id) DO UPDATE SET word = excluded.word, normalized_word = excluded.normalized_word, relevance = excluded.relevance;

UPDATE core_vocabulary SET word = 'create', meaning_zh = '创造；创建', definition_en = 'to make something new', primary_part_of_speech = 'verb', phonetic_us = '/kriˈeɪt/', phonetic_uk = '/kriˈeɪt/', updated_at = CURRENT_TIMESTAMP WHERE id = 'create';
UPDATE vocabulary_pronunciations SET phonetic = CASE accent WHEN 'us' THEN '/kriˈeɪt/' WHEN 'uk' THEN '/kriˈeɪt/' ELSE phonetic END, phonetic_source = 'manual-curation-pending-review', updated_at = CURRENT_TIMESTAMP WHERE vocabulary_id = 'create' AND accent IN ('us', 'uk');
INSERT INTO vocabulary_senses (id, vocabulary_id, word, normalized_word, part_of_speech, meaning_zh, definition_en, usage_note, sense_order, level, publish_status, updated_at) VALUES ('create-sense-1', 'create', 'create', 'create', 'verb', '创造；创建', 'to make something new', 'Self-authored learner sense; pending review.', 1, NULL, 'active', CURRENT_TIMESTAMP) ON CONFLICT(id) DO UPDATE SET word = excluded.word, normalized_word = excluded.normalized_word, part_of_speech = excluded.part_of_speech, meaning_zh = excluded.meaning_zh, definition_en = excluded.definition_en, usage_note = excluded.usage_note, sense_order = excluded.sense_order, publish_status = excluded.publish_status, updated_at = CURRENT_TIMESTAMP;
INSERT INTO vocabulary_examples (id, vocabulary_id, word, normalized_word, sense_id, sentence_en, sentence_zh, source_type, source_ref, difficulty, example_order, publish_status, updated_at) VALUES ('create-example-1', 'create', 'create', 'create', 'create-sense-1', 'We want to create a better plan.', '我们想制定一个更好的计划。', 'manual', 'top-500-public-content-v1-self-authored', 'easy', 1, 'active', CURRENT_TIMESTAMP) ON CONFLICT(id) DO UPDATE SET word = excluded.word, normalized_word = excluded.normalized_word, sense_id = excluded.sense_id, sentence_en = excluded.sentence_en, sentence_zh = excluded.sentence_zh, source_type = excluded.source_type, source_ref = excluded.source_ref, difficulty = excluded.difficulty, example_order = excluded.example_order, publish_status = excluded.publish_status, updated_at = CURRENT_TIMESTAMP;
INSERT INTO vocabulary_collocations (id, vocabulary_id, word, normalized_word, sense_id, phrase, normalized_phrase, meaning_zh, example_en, example_zh, collocation_type, sort_order, publish_status, updated_at) VALUES ('create-collocation-1', 'create', 'create', 'create', 'create-sense-1', 'create a plan', 'create a plan', '', '', '', 'phrase', 1, 'active', CURRENT_TIMESTAMP) ON CONFLICT(id) DO UPDATE SET word = excluded.word, normalized_word = excluded.normalized_word, sense_id = excluded.sense_id, phrase = excluded.phrase, normalized_phrase = excluded.normalized_phrase, meaning_zh = excluded.meaning_zh, example_en = excluded.example_en, example_zh = excluded.example_zh, collocation_type = excluded.collocation_type, sort_order = excluded.sort_order, publish_status = excluded.publish_status, updated_at = CURRENT_TIMESTAMP;
INSERT INTO vocabulary_collocations (id, vocabulary_id, word, normalized_word, sense_id, phrase, normalized_phrase, meaning_zh, example_en, example_zh, collocation_type, sort_order, publish_status, updated_at) VALUES ('create-collocation-2', 'create', 'create', 'create', 'create-sense-1', 'create something new', 'create something new', '', '', '', 'phrase', 2, 'active', CURRENT_TIMESTAMP) ON CONFLICT(id) DO UPDATE SET word = excluded.word, normalized_word = excluded.normalized_word, sense_id = excluded.sense_id, phrase = excluded.phrase, normalized_phrase = excluded.normalized_phrase, meaning_zh = excluded.meaning_zh, example_en = excluded.example_en, example_zh = excluded.example_zh, collocation_type = excluded.collocation_type, sort_order = excluded.sort_order, publish_status = excluded.publish_status, updated_at = CURRENT_TIMESTAMP;
INSERT INTO vocabulary_scenario_links (vocabulary_id, word, normalized_word, scenario_id, relevance, created_at) VALUES ('create', 'create', 'create', 'problem-solving', 80, CURRENT_TIMESTAMP) ON CONFLICT(vocabulary_id, scenario_id) DO UPDATE SET word = excluded.word, normalized_word = excluded.normalized_word, relevance = excluded.relevance;

UPDATE core_vocabulary SET word = 'drive', meaning_zh = '驾驶', definition_en = 'to control a car or move something forward', primary_part_of_speech = 'verb', phonetic_us = '/draɪv/', phonetic_uk = '/draɪv/', updated_at = CURRENT_TIMESTAMP WHERE id = 'drive';
UPDATE vocabulary_pronunciations SET phonetic = CASE accent WHEN 'us' THEN '/draɪv/' WHEN 'uk' THEN '/draɪv/' ELSE phonetic END, phonetic_source = 'manual-curation-pending-review', updated_at = CURRENT_TIMESTAMP WHERE vocabulary_id = 'drive' AND accent IN ('us', 'uk');
INSERT INTO vocabulary_senses (id, vocabulary_id, word, normalized_word, part_of_speech, meaning_zh, definition_en, usage_note, sense_order, level, publish_status, updated_at) VALUES ('drive-sense-1', 'drive', 'drive', 'drive', 'verb', '驾驶', 'to control a car or move something forward', 'Self-authored learner sense; pending review.', 1, NULL, 'active', CURRENT_TIMESTAMP) ON CONFLICT(id) DO UPDATE SET word = excluded.word, normalized_word = excluded.normalized_word, part_of_speech = excluded.part_of_speech, meaning_zh = excluded.meaning_zh, definition_en = excluded.definition_en, usage_note = excluded.usage_note, sense_order = excluded.sense_order, publish_status = excluded.publish_status, updated_at = CURRENT_TIMESTAMP;
INSERT INTO vocabulary_examples (id, vocabulary_id, word, normalized_word, sense_id, sentence_en, sentence_zh, source_type, source_ref, difficulty, example_order, publish_status, updated_at) VALUES ('drive-example-1', 'drive', 'drive', 'drive', 'drive-sense-1', 'Can you drive a car?', '你会开车吗？', 'manual', 'top-500-public-content-v1-self-authored', 'easy', 1, 'active', CURRENT_TIMESTAMP) ON CONFLICT(id) DO UPDATE SET word = excluded.word, normalized_word = excluded.normalized_word, sense_id = excluded.sense_id, sentence_en = excluded.sentence_en, sentence_zh = excluded.sentence_zh, source_type = excluded.source_type, source_ref = excluded.source_ref, difficulty = excluded.difficulty, example_order = excluded.example_order, publish_status = excluded.publish_status, updated_at = CURRENT_TIMESTAMP;
INSERT INTO vocabulary_collocations (id, vocabulary_id, word, normalized_word, sense_id, phrase, normalized_phrase, meaning_zh, example_en, example_zh, collocation_type, sort_order, publish_status, updated_at) VALUES ('drive-collocation-1', 'drive', 'drive', 'drive', 'drive-sense-1', 'drive a car', 'drive a car', '', '', '', 'phrase', 1, 'active', CURRENT_TIMESTAMP) ON CONFLICT(id) DO UPDATE SET word = excluded.word, normalized_word = excluded.normalized_word, sense_id = excluded.sense_id, phrase = excluded.phrase, normalized_phrase = excluded.normalized_phrase, meaning_zh = excluded.meaning_zh, example_en = excluded.example_en, example_zh = excluded.example_zh, collocation_type = excluded.collocation_type, sort_order = excluded.sort_order, publish_status = excluded.publish_status, updated_at = CURRENT_TIMESTAMP;
INSERT INTO vocabulary_collocations (id, vocabulary_id, word, normalized_word, sense_id, phrase, normalized_phrase, meaning_zh, example_en, example_zh, collocation_type, sort_order, publish_status, updated_at) VALUES ('drive-collocation-2', 'drive', 'drive', 'drive', 'drive-sense-1', 'drive to', 'drive to', '', '', '', 'phrase', 2, 'active', CURRENT_TIMESTAMP) ON CONFLICT(id) DO UPDATE SET word = excluded.word, normalized_word = excluded.normalized_word, sense_id = excluded.sense_id, phrase = excluded.phrase, normalized_phrase = excluded.normalized_phrase, meaning_zh = excluded.meaning_zh, example_en = excluded.example_en, example_zh = excluded.example_zh, collocation_type = excluded.collocation_type, sort_order = excluded.sort_order, publish_status = excluded.publish_status, updated_at = CURRENT_TIMESTAMP;
INSERT INTO vocabulary_scenario_links (vocabulary_id, word, normalized_word, scenario_id, relevance, created_at) VALUES ('drive', 'drive', 'drive', 'problem-solving', 80, CURRENT_TIMESTAMP) ON CONFLICT(vocabulary_id, scenario_id) DO UPDATE SET word = excluded.word, normalized_word = excluded.normalized_word, relevance = excluded.relevance;

UPDATE core_vocabulary SET word = 'along', meaning_zh = '沿着', definition_en = 'moving forward beside or through something', primary_part_of_speech = 'preposition', phonetic_us = '/əˈlɔŋ/', phonetic_uk = '/əˈlɔŋ/', updated_at = CURRENT_TIMESTAMP WHERE id = 'along';
UPDATE vocabulary_pronunciations SET phonetic = CASE accent WHEN 'us' THEN '/əˈlɔŋ/' WHEN 'uk' THEN '/əˈlɔŋ/' ELSE phonetic END, phonetic_source = 'manual-curation-pending-review', updated_at = CURRENT_TIMESTAMP WHERE vocabulary_id = 'along' AND accent IN ('us', 'uk');
INSERT INTO vocabulary_senses (id, vocabulary_id, word, normalized_word, part_of_speech, meaning_zh, definition_en, usage_note, sense_order, level, publish_status, updated_at) VALUES ('along-sense-1', 'along', 'along', 'along', 'preposition', '沿着', 'moving forward beside or through something', 'Self-authored learner sense; pending review.', 1, NULL, 'active', CURRENT_TIMESTAMP) ON CONFLICT(id) DO UPDATE SET word = excluded.word, normalized_word = excluded.normalized_word, part_of_speech = excluded.part_of_speech, meaning_zh = excluded.meaning_zh, definition_en = excluded.definition_en, usage_note = excluded.usage_note, sense_order = excluded.sense_order, publish_status = excluded.publish_status, updated_at = CURRENT_TIMESTAMP;
INSERT INTO vocabulary_examples (id, vocabulary_id, word, normalized_word, sense_id, sentence_en, sentence_zh, source_type, source_ref, difficulty, example_order, publish_status, updated_at) VALUES ('along-example-1', 'along', 'along', 'along', 'along-sense-1', 'We walked along the river.', '我们沿着河边走。', 'manual', 'top-500-public-content-v1-self-authored', 'easy', 1, 'active', CURRENT_TIMESTAMP) ON CONFLICT(id) DO UPDATE SET word = excluded.word, normalized_word = excluded.normalized_word, sense_id = excluded.sense_id, sentence_en = excluded.sentence_en, sentence_zh = excluded.sentence_zh, source_type = excluded.source_type, source_ref = excluded.source_ref, difficulty = excluded.difficulty, example_order = excluded.example_order, publish_status = excluded.publish_status, updated_at = CURRENT_TIMESTAMP;
INSERT INTO vocabulary_collocations (id, vocabulary_id, word, normalized_word, sense_id, phrase, normalized_phrase, meaning_zh, example_en, example_zh, collocation_type, sort_order, publish_status, updated_at) VALUES ('along-collocation-1', 'along', 'along', 'along', 'along-sense-1', 'along the road', 'along the road', '', '', '', 'phrase', 1, 'active', CURRENT_TIMESTAMP) ON CONFLICT(id) DO UPDATE SET word = excluded.word, normalized_word = excluded.normalized_word, sense_id = excluded.sense_id, phrase = excluded.phrase, normalized_phrase = excluded.normalized_phrase, meaning_zh = excluded.meaning_zh, example_en = excluded.example_en, example_zh = excluded.example_zh, collocation_type = excluded.collocation_type, sort_order = excluded.sort_order, publish_status = excluded.publish_status, updated_at = CURRENT_TIMESTAMP;
INSERT INTO vocabulary_collocations (id, vocabulary_id, word, normalized_word, sense_id, phrase, normalized_phrase, meaning_zh, example_en, example_zh, collocation_type, sort_order, publish_status, updated_at) VALUES ('along-collocation-2', 'along', 'along', 'along', 'along-sense-1', 'come along', 'come along', '', '', '', 'phrase', 2, 'active', CURRENT_TIMESTAMP) ON CONFLICT(id) DO UPDATE SET word = excluded.word, normalized_word = excluded.normalized_word, sense_id = excluded.sense_id, phrase = excluded.phrase, normalized_phrase = excluded.normalized_phrase, meaning_zh = excluded.meaning_zh, example_en = excluded.example_en, example_zh = excluded.example_zh, collocation_type = excluded.collocation_type, sort_order = excluded.sort_order, publish_status = excluded.publish_status, updated_at = CURRENT_TIMESTAMP;
INSERT INTO vocabulary_scenario_links (vocabulary_id, word, normalized_word, scenario_id, relevance, created_at) VALUES ('along', 'along', 'along', 'problem-solving', 80, CURRENT_TIMESTAMP) ON CONFLICT(vocabulary_id, scenario_id) DO UPDATE SET word = excluded.word, normalized_word = excluded.normalized_word, relevance = excluded.relevance;

UPDATE core_vocabulary SET word = 'type', meaning_zh = '类型', definition_en = 'a kind, class, or group of people or things', primary_part_of_speech = 'noun', phonetic_us = '/taɪp/', phonetic_uk = '/taɪp/', updated_at = CURRENT_TIMESTAMP WHERE id = 'type';
UPDATE vocabulary_pronunciations SET phonetic = CASE accent WHEN 'us' THEN '/taɪp/' WHEN 'uk' THEN '/taɪp/' ELSE phonetic END, phonetic_source = 'manual-curation-pending-review', updated_at = CURRENT_TIMESTAMP WHERE vocabulary_id = 'type' AND accent IN ('us', 'uk');
INSERT INTO vocabulary_senses (id, vocabulary_id, word, normalized_word, part_of_speech, meaning_zh, definition_en, usage_note, sense_order, level, publish_status, updated_at) VALUES ('type-sense-1', 'type', 'type', 'type', 'noun', '类型', 'a kind, class, or group of people or things', 'Self-authored learner sense; pending review.', 1, NULL, 'active', CURRENT_TIMESTAMP) ON CONFLICT(id) DO UPDATE SET word = excluded.word, normalized_word = excluded.normalized_word, part_of_speech = excluded.part_of_speech, meaning_zh = excluded.meaning_zh, definition_en = excluded.definition_en, usage_note = excluded.usage_note, sense_order = excluded.sense_order, publish_status = excluded.publish_status, updated_at = CURRENT_TIMESTAMP;
INSERT INTO vocabulary_examples (id, vocabulary_id, word, normalized_word, sense_id, sentence_en, sentence_zh, source_type, source_ref, difficulty, example_order, publish_status, updated_at) VALUES ('type-example-1', 'type', 'type', 'type', 'type-sense-1', 'What type of music do you like?', '你喜欢哪种类型的音乐？', 'manual', 'top-500-public-content-v1-self-authored', 'easy', 1, 'active', CURRENT_TIMESTAMP) ON CONFLICT(id) DO UPDATE SET word = excluded.word, normalized_word = excluded.normalized_word, sense_id = excluded.sense_id, sentence_en = excluded.sentence_en, sentence_zh = excluded.sentence_zh, source_type = excluded.source_type, source_ref = excluded.source_ref, difficulty = excluded.difficulty, example_order = excluded.example_order, publish_status = excluded.publish_status, updated_at = CURRENT_TIMESTAMP;
INSERT INTO vocabulary_collocations (id, vocabulary_id, word, normalized_word, sense_id, phrase, normalized_phrase, meaning_zh, example_en, example_zh, collocation_type, sort_order, publish_status, updated_at) VALUES ('type-collocation-1', 'type', 'type', 'type', 'type-sense-1', 'type of', 'type of', '', '', '', 'phrase', 1, 'active', CURRENT_TIMESTAMP) ON CONFLICT(id) DO UPDATE SET word = excluded.word, normalized_word = excluded.normalized_word, sense_id = excluded.sense_id, phrase = excluded.phrase, normalized_phrase = excluded.normalized_phrase, meaning_zh = excluded.meaning_zh, example_en = excluded.example_en, example_zh = excluded.example_zh, collocation_type = excluded.collocation_type, sort_order = excluded.sort_order, publish_status = excluded.publish_status, updated_at = CURRENT_TIMESTAMP;
INSERT INTO vocabulary_collocations (id, vocabulary_id, word, normalized_word, sense_id, phrase, normalized_phrase, meaning_zh, example_en, example_zh, collocation_type, sort_order, publish_status, updated_at) VALUES ('type-collocation-2', 'type', 'type', 'type', 'type-sense-1', 'blood type', 'blood type', '', '', '', 'phrase', 2, 'active', CURRENT_TIMESTAMP) ON CONFLICT(id) DO UPDATE SET word = excluded.word, normalized_word = excluded.normalized_word, sense_id = excluded.sense_id, phrase = excluded.phrase, normalized_phrase = excluded.normalized_phrase, meaning_zh = excluded.meaning_zh, example_en = excluded.example_en, example_zh = excluded.example_zh, collocation_type = excluded.collocation_type, sort_order = excluded.sort_order, publish_status = excluded.publish_status, updated_at = CURRENT_TIMESTAMP;
INSERT INTO vocabulary_scenario_links (vocabulary_id, word, normalized_word, scenario_id, relevance, created_at) VALUES ('type', 'type', 'type', 'problem-solving', 80, CURRENT_TIMESTAMP) ON CONFLICT(vocabulary_id, scenario_id) DO UPDATE SET word = excluded.word, normalized_word = excluded.normalized_word, relevance = excluded.relevance;

UPDATE core_vocabulary SET word = 'sound', meaning_zh = '声音', definition_en = 'something you hear', primary_part_of_speech = 'noun', phonetic_us = '/saʊnd/', phonetic_uk = '/saʊnd/', updated_at = CURRENT_TIMESTAMP WHERE id = 'sound';
UPDATE vocabulary_pronunciations SET phonetic = CASE accent WHEN 'us' THEN '/saʊnd/' WHEN 'uk' THEN '/saʊnd/' ELSE phonetic END, phonetic_source = 'manual-curation-pending-review', updated_at = CURRENT_TIMESTAMP WHERE vocabulary_id = 'sound' AND accent IN ('us', 'uk');
INSERT INTO vocabulary_senses (id, vocabulary_id, word, normalized_word, part_of_speech, meaning_zh, definition_en, usage_note, sense_order, level, publish_status, updated_at) VALUES ('sound-sense-1', 'sound', 'sound', 'sound', 'noun', '声音', 'something you hear', 'Self-authored learner sense; pending review.', 1, NULL, 'active', CURRENT_TIMESTAMP) ON CONFLICT(id) DO UPDATE SET word = excluded.word, normalized_word = excluded.normalized_word, part_of_speech = excluded.part_of_speech, meaning_zh = excluded.meaning_zh, definition_en = excluded.definition_en, usage_note = excluded.usage_note, sense_order = excluded.sense_order, publish_status = excluded.publish_status, updated_at = CURRENT_TIMESTAMP;
INSERT INTO vocabulary_examples (id, vocabulary_id, word, normalized_word, sense_id, sentence_en, sentence_zh, source_type, source_ref, difficulty, example_order, publish_status, updated_at) VALUES ('sound-example-1', 'sound', 'sound', 'sound', 'sound-sense-1', 'I heard a strange sound outside.', '我听到外面有奇怪的声音。', 'manual', 'top-500-public-content-v1-self-authored', 'easy', 1, 'active', CURRENT_TIMESTAMP) ON CONFLICT(id) DO UPDATE SET word = excluded.word, normalized_word = excluded.normalized_word, sense_id = excluded.sense_id, sentence_en = excluded.sentence_en, sentence_zh = excluded.sentence_zh, source_type = excluded.source_type, source_ref = excluded.source_ref, difficulty = excluded.difficulty, example_order = excluded.example_order, publish_status = excluded.publish_status, updated_at = CURRENT_TIMESTAMP;
INSERT INTO vocabulary_collocations (id, vocabulary_id, word, normalized_word, sense_id, phrase, normalized_phrase, meaning_zh, example_en, example_zh, collocation_type, sort_order, publish_status, updated_at) VALUES ('sound-collocation-1', 'sound', 'sound', 'sound', 'sound-sense-1', 'loud sound', 'loud sound', '', '', '', 'phrase', 1, 'active', CURRENT_TIMESTAMP) ON CONFLICT(id) DO UPDATE SET word = excluded.word, normalized_word = excluded.normalized_word, sense_id = excluded.sense_id, phrase = excluded.phrase, normalized_phrase = excluded.normalized_phrase, meaning_zh = excluded.meaning_zh, example_en = excluded.example_en, example_zh = excluded.example_zh, collocation_type = excluded.collocation_type, sort_order = excluded.sort_order, publish_status = excluded.publish_status, updated_at = CURRENT_TIMESTAMP;
INSERT INTO vocabulary_collocations (id, vocabulary_id, word, normalized_word, sense_id, phrase, normalized_phrase, meaning_zh, example_en, example_zh, collocation_type, sort_order, publish_status, updated_at) VALUES ('sound-collocation-2', 'sound', 'sound', 'sound', 'sound-sense-1', 'sound like', 'sound like', '', '', '', 'phrase', 2, 'active', CURRENT_TIMESTAMP) ON CONFLICT(id) DO UPDATE SET word = excluded.word, normalized_word = excluded.normalized_word, sense_id = excluded.sense_id, phrase = excluded.phrase, normalized_phrase = excluded.normalized_phrase, meaning_zh = excluded.meaning_zh, example_en = excluded.example_en, example_zh = excluded.example_zh, collocation_type = excluded.collocation_type, sort_order = excluded.sort_order, publish_status = excluded.publish_status, updated_at = CURRENT_TIMESTAMP;
INSERT INTO vocabulary_scenario_links (vocabulary_id, word, normalized_word, scenario_id, relevance, created_at) VALUES ('sound', 'sound', 'sound', 'daily', 80, CURRENT_TIMESTAMP) ON CONFLICT(vocabulary_id, scenario_id) DO UPDATE SET word = excluded.word, normalized_word = excluded.normalized_word, relevance = excluded.relevance;

UPDATE core_vocabulary SET word = 'eye', meaning_zh = '眼睛', definition_en = 'the part of the body used for seeing', primary_part_of_speech = 'noun', phonetic_us = '/aɪ/', phonetic_uk = '/aɪ/', updated_at = CURRENT_TIMESTAMP WHERE id = 'eye';
UPDATE vocabulary_pronunciations SET phonetic = CASE accent WHEN 'us' THEN '/aɪ/' WHEN 'uk' THEN '/aɪ/' ELSE phonetic END, phonetic_source = 'manual-curation-pending-review', updated_at = CURRENT_TIMESTAMP WHERE vocabulary_id = 'eye' AND accent IN ('us', 'uk');
INSERT INTO vocabulary_senses (id, vocabulary_id, word, normalized_word, part_of_speech, meaning_zh, definition_en, usage_note, sense_order, level, publish_status, updated_at) VALUES ('eye-sense-1', 'eye', 'eye', 'eye', 'noun', '眼睛', 'the part of the body used for seeing', 'Self-authored learner sense; pending review.', 1, NULL, 'active', CURRENT_TIMESTAMP) ON CONFLICT(id) DO UPDATE SET word = excluded.word, normalized_word = excluded.normalized_word, part_of_speech = excluded.part_of_speech, meaning_zh = excluded.meaning_zh, definition_en = excluded.definition_en, usage_note = excluded.usage_note, sense_order = excluded.sense_order, publish_status = excluded.publish_status, updated_at = CURRENT_TIMESTAMP;
INSERT INTO vocabulary_examples (id, vocabulary_id, word, normalized_word, sense_id, sentence_en, sentence_zh, source_type, source_ref, difficulty, example_order, publish_status, updated_at) VALUES ('eye-example-1', 'eye', 'eye', 'eye', 'eye-sense-1', 'She has blue eyes.', '她有蓝色的眼睛。', 'manual', 'top-500-public-content-v1-self-authored', 'easy', 1, 'active', CURRENT_TIMESTAMP) ON CONFLICT(id) DO UPDATE SET word = excluded.word, normalized_word = excluded.normalized_word, sense_id = excluded.sense_id, sentence_en = excluded.sentence_en, sentence_zh = excluded.sentence_zh, source_type = excluded.source_type, source_ref = excluded.source_ref, difficulty = excluded.difficulty, example_order = excluded.example_order, publish_status = excluded.publish_status, updated_at = CURRENT_TIMESTAMP;
INSERT INTO vocabulary_collocations (id, vocabulary_id, word, normalized_word, sense_id, phrase, normalized_phrase, meaning_zh, example_en, example_zh, collocation_type, sort_order, publish_status, updated_at) VALUES ('eye-collocation-1', 'eye', 'eye', 'eye', 'eye-sense-1', 'left eye', 'left eye', '', '', '', 'phrase', 1, 'active', CURRENT_TIMESTAMP) ON CONFLICT(id) DO UPDATE SET word = excluded.word, normalized_word = excluded.normalized_word, sense_id = excluded.sense_id, phrase = excluded.phrase, normalized_phrase = excluded.normalized_phrase, meaning_zh = excluded.meaning_zh, example_en = excluded.example_en, example_zh = excluded.example_zh, collocation_type = excluded.collocation_type, sort_order = excluded.sort_order, publish_status = excluded.publish_status, updated_at = CURRENT_TIMESTAMP;
INSERT INTO vocabulary_collocations (id, vocabulary_id, word, normalized_word, sense_id, phrase, normalized_phrase, meaning_zh, example_en, example_zh, collocation_type, sort_order, publish_status, updated_at) VALUES ('eye-collocation-2', 'eye', 'eye', 'eye', 'eye-sense-1', 'eye contact', 'eye contact', '', '', '', 'phrase', 2, 'active', CURRENT_TIMESTAMP) ON CONFLICT(id) DO UPDATE SET word = excluded.word, normalized_word = excluded.normalized_word, sense_id = excluded.sense_id, phrase = excluded.phrase, normalized_phrase = excluded.normalized_phrase, meaning_zh = excluded.meaning_zh, example_en = excluded.example_en, example_zh = excluded.example_zh, collocation_type = excluded.collocation_type, sort_order = excluded.sort_order, publish_status = excluded.publish_status, updated_at = CURRENT_TIMESTAMP;
INSERT INTO vocabulary_scenario_links (vocabulary_id, word, normalized_word, scenario_id, relevance, created_at) VALUES ('eye', 'eye', 'eye', 'daily', 80, CURRENT_TIMESTAMP) ON CONFLICT(vocabulary_id, scenario_id) DO UPDATE SET word = excluded.word, normalized_word = excluded.normalized_word, relevance = excluded.relevance;

UPDATE core_vocabulary SET word = 'music', meaning_zh = '音乐', definition_en = 'sounds arranged in a way that people enjoy', primary_part_of_speech = 'noun', phonetic_us = '/mˈjuzɪk/', phonetic_uk = '/mˈjuzɪk/', updated_at = CURRENT_TIMESTAMP WHERE id = 'music';
UPDATE vocabulary_pronunciations SET phonetic = CASE accent WHEN 'us' THEN '/mˈjuzɪk/' WHEN 'uk' THEN '/mˈjuzɪk/' ELSE phonetic END, phonetic_source = 'manual-curation-pending-review', updated_at = CURRENT_TIMESTAMP WHERE vocabulary_id = 'music' AND accent IN ('us', 'uk');
INSERT INTO vocabulary_senses (id, vocabulary_id, word, normalized_word, part_of_speech, meaning_zh, definition_en, usage_note, sense_order, level, publish_status, updated_at) VALUES ('music-sense-1', 'music', 'music', 'music', 'noun', '音乐', 'sounds arranged in a way that people enjoy', 'Self-authored learner sense; pending review.', 1, NULL, 'active', CURRENT_TIMESTAMP) ON CONFLICT(id) DO UPDATE SET word = excluded.word, normalized_word = excluded.normalized_word, part_of_speech = excluded.part_of_speech, meaning_zh = excluded.meaning_zh, definition_en = excluded.definition_en, usage_note = excluded.usage_note, sense_order = excluded.sense_order, publish_status = excluded.publish_status, updated_at = CURRENT_TIMESTAMP;
INSERT INTO vocabulary_examples (id, vocabulary_id, word, normalized_word, sense_id, sentence_en, sentence_zh, source_type, source_ref, difficulty, example_order, publish_status, updated_at) VALUES ('music-example-1', 'music', 'music', 'music', 'music-sense-1', 'Music helps me relax.', '音乐帮助我放松。', 'manual', 'top-500-public-content-v1-self-authored', 'easy', 1, 'active', CURRENT_TIMESTAMP) ON CONFLICT(id) DO UPDATE SET word = excluded.word, normalized_word = excluded.normalized_word, sense_id = excluded.sense_id, sentence_en = excluded.sentence_en, sentence_zh = excluded.sentence_zh, source_type = excluded.source_type, source_ref = excluded.source_ref, difficulty = excluded.difficulty, example_order = excluded.example_order, publish_status = excluded.publish_status, updated_at = CURRENT_TIMESTAMP;
INSERT INTO vocabulary_collocations (id, vocabulary_id, word, normalized_word, sense_id, phrase, normalized_phrase, meaning_zh, example_en, example_zh, collocation_type, sort_order, publish_status, updated_at) VALUES ('music-collocation-1', 'music', 'music', 'music', 'music-sense-1', 'listen to music', 'listen to music', '', '', '', 'phrase', 1, 'active', CURRENT_TIMESTAMP) ON CONFLICT(id) DO UPDATE SET word = excluded.word, normalized_word = excluded.normalized_word, sense_id = excluded.sense_id, phrase = excluded.phrase, normalized_phrase = excluded.normalized_phrase, meaning_zh = excluded.meaning_zh, example_en = excluded.example_en, example_zh = excluded.example_zh, collocation_type = excluded.collocation_type, sort_order = excluded.sort_order, publish_status = excluded.publish_status, updated_at = CURRENT_TIMESTAMP;
INSERT INTO vocabulary_collocations (id, vocabulary_id, word, normalized_word, sense_id, phrase, normalized_phrase, meaning_zh, example_en, example_zh, collocation_type, sort_order, publish_status, updated_at) VALUES ('music-collocation-2', 'music', 'music', 'music', 'music-sense-1', 'classical music', 'classical music', '', '', '', 'phrase', 2, 'active', CURRENT_TIMESTAMP) ON CONFLICT(id) DO UPDATE SET word = excluded.word, normalized_word = excluded.normalized_word, sense_id = excluded.sense_id, phrase = excluded.phrase, normalized_phrase = excluded.normalized_phrase, meaning_zh = excluded.meaning_zh, example_en = excluded.example_en, example_zh = excluded.example_zh, collocation_type = excluded.collocation_type, sort_order = excluded.sort_order, publish_status = excluded.publish_status, updated_at = CURRENT_TIMESTAMP;
INSERT INTO vocabulary_scenario_links (vocabulary_id, word, normalized_word, scenario_id, relevance, created_at) VALUES ('music', 'music', 'music', 'daily', 80, CURRENT_TIMESTAMP) ON CONFLICT(vocabulary_id, scenario_id) DO UPDATE SET word = excluded.word, normalized_word = excluded.normalized_word, relevance = excluded.relevance;

UPDATE core_vocabulary SET word = 'game', meaning_zh = '游戏', definition_en = 'an activity with rules that people play for fun or competition', primary_part_of_speech = 'noun', phonetic_us = '/geɪm/', phonetic_uk = '/geɪm/', updated_at = CURRENT_TIMESTAMP WHERE id = 'game';
UPDATE vocabulary_pronunciations SET phonetic = CASE accent WHEN 'us' THEN '/geɪm/' WHEN 'uk' THEN '/geɪm/' ELSE phonetic END, phonetic_source = 'manual-curation-pending-review', updated_at = CURRENT_TIMESTAMP WHERE vocabulary_id = 'game' AND accent IN ('us', 'uk');
INSERT INTO vocabulary_senses (id, vocabulary_id, word, normalized_word, part_of_speech, meaning_zh, definition_en, usage_note, sense_order, level, publish_status, updated_at) VALUES ('game-sense-1', 'game', 'game', 'game', 'noun', '游戏', 'an activity with rules that people play for fun or competition', 'Self-authored learner sense; pending review.', 1, NULL, 'active', CURRENT_TIMESTAMP) ON CONFLICT(id) DO UPDATE SET word = excluded.word, normalized_word = excluded.normalized_word, part_of_speech = excluded.part_of_speech, meaning_zh = excluded.meaning_zh, definition_en = excluded.definition_en, usage_note = excluded.usage_note, sense_order = excluded.sense_order, publish_status = excluded.publish_status, updated_at = CURRENT_TIMESTAMP;
INSERT INTO vocabulary_examples (id, vocabulary_id, word, normalized_word, sense_id, sentence_en, sentence_zh, source_type, source_ref, difficulty, example_order, publish_status, updated_at) VALUES ('game-example-1', 'game', 'game', 'game', 'game-sense-1', 'We played a game after dinner.', '晚饭后我们玩了一个游戏。', 'manual', 'top-500-public-content-v1-self-authored', 'easy', 1, 'active', CURRENT_TIMESTAMP) ON CONFLICT(id) DO UPDATE SET word = excluded.word, normalized_word = excluded.normalized_word, sense_id = excluded.sense_id, sentence_en = excluded.sentence_en, sentence_zh = excluded.sentence_zh, source_type = excluded.source_type, source_ref = excluded.source_ref, difficulty = excluded.difficulty, example_order = excluded.example_order, publish_status = excluded.publish_status, updated_at = CURRENT_TIMESTAMP;
INSERT INTO vocabulary_collocations (id, vocabulary_id, word, normalized_word, sense_id, phrase, normalized_phrase, meaning_zh, example_en, example_zh, collocation_type, sort_order, publish_status, updated_at) VALUES ('game-collocation-1', 'game', 'game', 'game', 'game-sense-1', 'play a game', 'play a game', '', '', '', 'phrase', 1, 'active', CURRENT_TIMESTAMP) ON CONFLICT(id) DO UPDATE SET word = excluded.word, normalized_word = excluded.normalized_word, sense_id = excluded.sense_id, phrase = excluded.phrase, normalized_phrase = excluded.normalized_phrase, meaning_zh = excluded.meaning_zh, example_en = excluded.example_en, example_zh = excluded.example_zh, collocation_type = excluded.collocation_type, sort_order = excluded.sort_order, publish_status = excluded.publish_status, updated_at = CURRENT_TIMESTAMP;
INSERT INTO vocabulary_collocations (id, vocabulary_id, word, normalized_word, sense_id, phrase, normalized_phrase, meaning_zh, example_en, example_zh, collocation_type, sort_order, publish_status, updated_at) VALUES ('game-collocation-2', 'game', 'game', 'game', 'game-sense-1', 'video game', 'video game', '', '', '', 'phrase', 2, 'active', CURRENT_TIMESTAMP) ON CONFLICT(id) DO UPDATE SET word = excluded.word, normalized_word = excluded.normalized_word, sense_id = excluded.sense_id, phrase = excluded.phrase, normalized_phrase = excluded.normalized_phrase, meaning_zh = excluded.meaning_zh, example_en = excluded.example_en, example_zh = excluded.example_zh, collocation_type = excluded.collocation_type, sort_order = excluded.sort_order, publish_status = excluded.publish_status, updated_at = CURRENT_TIMESTAMP;
INSERT INTO vocabulary_scenario_links (vocabulary_id, word, normalized_word, scenario_id, relevance, created_at) VALUES ('game', 'game', 'game', 'daily', 80, CURRENT_TIMESTAMP) ON CONFLICT(vocabulary_id, scenario_id) DO UPDATE SET word = excluded.word, normalized_word = excluded.normalized_word, relevance = excluded.relevance;

UPDATE core_vocabulary SET word = 'political', meaning_zh = '政治的', definition_en = 'connected with government, public power, or politics', primary_part_of_speech = 'adjective', phonetic_us = '/pəˈlɪtɪkəl/', phonetic_uk = '/pəˈlɪtɪkəl/', updated_at = CURRENT_TIMESTAMP WHERE id = 'political';
UPDATE vocabulary_pronunciations SET phonetic = CASE accent WHEN 'us' THEN '/pəˈlɪtɪkəl/' WHEN 'uk' THEN '/pəˈlɪtɪkəl/' ELSE phonetic END, phonetic_source = 'manual-curation-pending-review', updated_at = CURRENT_TIMESTAMP WHERE vocabulary_id = 'political' AND accent IN ('us', 'uk');
INSERT INTO vocabulary_senses (id, vocabulary_id, word, normalized_word, part_of_speech, meaning_zh, definition_en, usage_note, sense_order, level, publish_status, updated_at) VALUES ('political-sense-1', 'political', 'political', 'political', 'adjective', '政治的', 'connected with government, public power, or politics', 'Self-authored learner sense; pending review.', 1, NULL, 'active', CURRENT_TIMESTAMP) ON CONFLICT(id) DO UPDATE SET word = excluded.word, normalized_word = excluded.normalized_word, part_of_speech = excluded.part_of_speech, meaning_zh = excluded.meaning_zh, definition_en = excluded.definition_en, usage_note = excluded.usage_note, sense_order = excluded.sense_order, publish_status = excluded.publish_status, updated_at = CURRENT_TIMESTAMP;
INSERT INTO vocabulary_examples (id, vocabulary_id, word, normalized_word, sense_id, sentence_en, sentence_zh, source_type, source_ref, difficulty, example_order, publish_status, updated_at) VALUES ('political-example-1', 'political', 'political', 'political', 'political-sense-1', 'This is a political issue.', '这是一个政治议题。', 'manual', 'top-500-public-content-v1-self-authored', 'easy', 1, 'active', CURRENT_TIMESTAMP) ON CONFLICT(id) DO UPDATE SET word = excluded.word, normalized_word = excluded.normalized_word, sense_id = excluded.sense_id, sentence_en = excluded.sentence_en, sentence_zh = excluded.sentence_zh, source_type = excluded.source_type, source_ref = excluded.source_ref, difficulty = excluded.difficulty, example_order = excluded.example_order, publish_status = excluded.publish_status, updated_at = CURRENT_TIMESTAMP;
INSERT INTO vocabulary_collocations (id, vocabulary_id, word, normalized_word, sense_id, phrase, normalized_phrase, meaning_zh, example_en, example_zh, collocation_type, sort_order, publish_status, updated_at) VALUES ('political-collocation-1', 'political', 'political', 'political', 'political-sense-1', 'political leader', 'political leader', '', '', '', 'phrase', 1, 'active', CURRENT_TIMESTAMP) ON CONFLICT(id) DO UPDATE SET word = excluded.word, normalized_word = excluded.normalized_word, sense_id = excluded.sense_id, phrase = excluded.phrase, normalized_phrase = excluded.normalized_phrase, meaning_zh = excluded.meaning_zh, example_en = excluded.example_en, example_zh = excluded.example_zh, collocation_type = excluded.collocation_type, sort_order = excluded.sort_order, publish_status = excluded.publish_status, updated_at = CURRENT_TIMESTAMP;
INSERT INTO vocabulary_collocations (id, vocabulary_id, word, normalized_word, sense_id, phrase, normalized_phrase, meaning_zh, example_en, example_zh, collocation_type, sort_order, publish_status, updated_at) VALUES ('political-collocation-2', 'political', 'political', 'political', 'political-sense-1', 'political issue', 'political issue', '', '', '', 'phrase', 2, 'active', CURRENT_TIMESTAMP) ON CONFLICT(id) DO UPDATE SET word = excluded.word, normalized_word = excluded.normalized_word, sense_id = excluded.sense_id, phrase = excluded.phrase, normalized_phrase = excluded.normalized_phrase, meaning_zh = excluded.meaning_zh, example_en = excluded.example_en, example_zh = excluded.example_zh, collocation_type = excluded.collocation_type, sort_order = excluded.sort_order, publish_status = excluded.publish_status, updated_at = CURRENT_TIMESTAMP;
INSERT INTO vocabulary_scenario_links (vocabulary_id, word, normalized_word, scenario_id, relevance, created_at) VALUES ('political', 'political', 'political', 'thinking', 80, CURRENT_TIMESTAMP) ON CONFLICT(vocabulary_id, scenario_id) DO UPDATE SET word = excluded.word, normalized_word = excluded.normalized_word, relevance = excluded.relevance;

UPDATE core_vocabulary SET word = 'free', meaning_zh = '免费的', definition_en = 'not costing money, or not controlled by someone else', primary_part_of_speech = 'adjective', phonetic_us = '/fri/', phonetic_uk = '/fri/', updated_at = CURRENT_TIMESTAMP WHERE id = 'free';
UPDATE vocabulary_pronunciations SET phonetic = CASE accent WHEN 'us' THEN '/fri/' WHEN 'uk' THEN '/fri/' ELSE phonetic END, phonetic_source = 'manual-curation-pending-review', updated_at = CURRENT_TIMESTAMP WHERE vocabulary_id = 'free' AND accent IN ('us', 'uk');
INSERT INTO vocabulary_senses (id, vocabulary_id, word, normalized_word, part_of_speech, meaning_zh, definition_en, usage_note, sense_order, level, publish_status, updated_at) VALUES ('free-sense-1', 'free', 'free', 'free', 'adjective', '免费的', 'not costing money, or not controlled by someone else', 'Self-authored learner sense; pending review.', 1, NULL, 'active', CURRENT_TIMESTAMP) ON CONFLICT(id) DO UPDATE SET word = excluded.word, normalized_word = excluded.normalized_word, part_of_speech = excluded.part_of_speech, meaning_zh = excluded.meaning_zh, definition_en = excluded.definition_en, usage_note = excluded.usage_note, sense_order = excluded.sense_order, publish_status = excluded.publish_status, updated_at = CURRENT_TIMESTAMP;
INSERT INTO vocabulary_examples (id, vocabulary_id, word, normalized_word, sense_id, sentence_en, sentence_zh, source_type, source_ref, difficulty, example_order, publish_status, updated_at) VALUES ('free-example-1', 'free', 'free', 'free', 'free-sense-1', 'The museum is free today.', '博物馆今天免费。', 'manual', 'top-500-public-content-v1-self-authored', 'easy', 1, 'active', CURRENT_TIMESTAMP) ON CONFLICT(id) DO UPDATE SET word = excluded.word, normalized_word = excluded.normalized_word, sense_id = excluded.sense_id, sentence_en = excluded.sentence_en, sentence_zh = excluded.sentence_zh, source_type = excluded.source_type, source_ref = excluded.source_ref, difficulty = excluded.difficulty, example_order = excluded.example_order, publish_status = excluded.publish_status, updated_at = CURRENT_TIMESTAMP;
INSERT INTO vocabulary_collocations (id, vocabulary_id, word, normalized_word, sense_id, phrase, normalized_phrase, meaning_zh, example_en, example_zh, collocation_type, sort_order, publish_status, updated_at) VALUES ('free-collocation-1', 'free', 'free', 'free', 'free-sense-1', 'free time', 'free time', '', '', '', 'phrase', 1, 'active', CURRENT_TIMESTAMP) ON CONFLICT(id) DO UPDATE SET word = excluded.word, normalized_word = excluded.normalized_word, sense_id = excluded.sense_id, phrase = excluded.phrase, normalized_phrase = excluded.normalized_phrase, meaning_zh = excluded.meaning_zh, example_en = excluded.example_en, example_zh = excluded.example_zh, collocation_type = excluded.collocation_type, sort_order = excluded.sort_order, publish_status = excluded.publish_status, updated_at = CURRENT_TIMESTAMP;
INSERT INTO vocabulary_collocations (id, vocabulary_id, word, normalized_word, sense_id, phrase, normalized_phrase, meaning_zh, example_en, example_zh, collocation_type, sort_order, publish_status, updated_at) VALUES ('free-collocation-2', 'free', 'free', 'free', 'free-sense-1', 'free of charge', 'free of charge', '', '', '', 'phrase', 2, 'active', CURRENT_TIMESTAMP) ON CONFLICT(id) DO UPDATE SET word = excluded.word, normalized_word = excluded.normalized_word, sense_id = excluded.sense_id, phrase = excluded.phrase, normalized_phrase = excluded.normalized_phrase, meaning_zh = excluded.meaning_zh, example_en = excluded.example_en, example_zh = excluded.example_zh, collocation_type = excluded.collocation_type, sort_order = excluded.sort_order, publish_status = excluded.publish_status, updated_at = CURRENT_TIMESTAMP;
INSERT INTO vocabulary_scenario_links (vocabulary_id, word, normalized_word, scenario_id, relevance, created_at) VALUES ('free', 'free', 'free', 'problem-solving', 80, CURRENT_TIMESTAMP) ON CONFLICT(vocabulary_id, scenario_id) DO UPDATE SET word = excluded.word, normalized_word = excluded.normalized_word, relevance = excluded.relevance;

UPDATE core_vocabulary SET word = 'receive', meaning_zh = '收到', definition_en = 'to get something that someone sends or gives', primary_part_of_speech = 'verb', phonetic_us = '/rɪˈsiv/', phonetic_uk = '/rɪˈsiv/', updated_at = CURRENT_TIMESTAMP WHERE id = 'receive';
UPDATE vocabulary_pronunciations SET phonetic = CASE accent WHEN 'us' THEN '/rɪˈsiv/' WHEN 'uk' THEN '/rɪˈsiv/' ELSE phonetic END, phonetic_source = 'manual-curation-pending-review', updated_at = CURRENT_TIMESTAMP WHERE vocabulary_id = 'receive' AND accent IN ('us', 'uk');
INSERT INTO vocabulary_senses (id, vocabulary_id, word, normalized_word, part_of_speech, meaning_zh, definition_en, usage_note, sense_order, level, publish_status, updated_at) VALUES ('receive-sense-1', 'receive', 'receive', 'receive', 'verb', '收到', 'to get something that someone sends or gives', 'Self-authored learner sense; pending review.', 1, NULL, 'active', CURRENT_TIMESTAMP) ON CONFLICT(id) DO UPDATE SET word = excluded.word, normalized_word = excluded.normalized_word, part_of_speech = excluded.part_of_speech, meaning_zh = excluded.meaning_zh, definition_en = excluded.definition_en, usage_note = excluded.usage_note, sense_order = excluded.sense_order, publish_status = excluded.publish_status, updated_at = CURRENT_TIMESTAMP;
INSERT INTO vocabulary_examples (id, vocabulary_id, word, normalized_word, sense_id, sentence_en, sentence_zh, source_type, source_ref, difficulty, example_order, publish_status, updated_at) VALUES ('receive-example-1', 'receive', 'receive', 'receive', 'receive-sense-1', 'I received your message.', '我收到了你的消息。', 'manual', 'top-500-public-content-v1-self-authored', 'easy', 1, 'active', CURRENT_TIMESTAMP) ON CONFLICT(id) DO UPDATE SET word = excluded.word, normalized_word = excluded.normalized_word, sense_id = excluded.sense_id, sentence_en = excluded.sentence_en, sentence_zh = excluded.sentence_zh, source_type = excluded.source_type, source_ref = excluded.source_ref, difficulty = excluded.difficulty, example_order = excluded.example_order, publish_status = excluded.publish_status, updated_at = CURRENT_TIMESTAMP;
INSERT INTO vocabulary_collocations (id, vocabulary_id, word, normalized_word, sense_id, phrase, normalized_phrase, meaning_zh, example_en, example_zh, collocation_type, sort_order, publish_status, updated_at) VALUES ('receive-collocation-1', 'receive', 'receive', 'receive', 'receive-sense-1', 'receive a message', 'receive a message', '', '', '', 'phrase', 1, 'active', CURRENT_TIMESTAMP) ON CONFLICT(id) DO UPDATE SET word = excluded.word, normalized_word = excluded.normalized_word, sense_id = excluded.sense_id, phrase = excluded.phrase, normalized_phrase = excluded.normalized_phrase, meaning_zh = excluded.meaning_zh, example_en = excluded.example_en, example_zh = excluded.example_zh, collocation_type = excluded.collocation_type, sort_order = excluded.sort_order, publish_status = excluded.publish_status, updated_at = CURRENT_TIMESTAMP;
INSERT INTO vocabulary_collocations (id, vocabulary_id, word, normalized_word, sense_id, phrase, normalized_phrase, meaning_zh, example_en, example_zh, collocation_type, sort_order, publish_status, updated_at) VALUES ('receive-collocation-2', 'receive', 'receive', 'receive', 'receive-sense-1', 'receive from', 'receive from', '', '', '', 'phrase', 2, 'active', CURRENT_TIMESTAMP) ON CONFLICT(id) DO UPDATE SET word = excluded.word, normalized_word = excluded.normalized_word, sense_id = excluded.sense_id, phrase = excluded.phrase, normalized_phrase = excluded.normalized_phrase, meaning_zh = excluded.meaning_zh, example_en = excluded.example_en, example_zh = excluded.example_zh, collocation_type = excluded.collocation_type, sort_order = excluded.sort_order, publish_status = excluded.publish_status, updated_at = CURRENT_TIMESTAMP;
INSERT INTO vocabulary_scenario_links (vocabulary_id, word, normalized_word, scenario_id, relevance, created_at) VALUES ('receive', 'receive', 'receive', 'communication', 80, CURRENT_TIMESTAMP) ON CONFLICT(vocabulary_id, scenario_id) DO UPDATE SET word = excluded.word, normalized_word = excluded.normalized_word, relevance = excluded.relevance;

UPDATE core_vocabulary SET word = 'moment', meaning_zh = '片刻', definition_en = 'a very short period of time', primary_part_of_speech = 'noun', phonetic_us = '/ˈmoʊmənt/', phonetic_uk = '/ˈmoʊmənt/', updated_at = CURRENT_TIMESTAMP WHERE id = 'moment';
UPDATE vocabulary_pronunciations SET phonetic = CASE accent WHEN 'us' THEN '/ˈmoʊmənt/' WHEN 'uk' THEN '/ˈmoʊmənt/' ELSE phonetic END, phonetic_source = 'manual-curation-pending-review', updated_at = CURRENT_TIMESTAMP WHERE vocabulary_id = 'moment' AND accent IN ('us', 'uk');
INSERT INTO vocabulary_senses (id, vocabulary_id, word, normalized_word, part_of_speech, meaning_zh, definition_en, usage_note, sense_order, level, publish_status, updated_at) VALUES ('moment-sense-1', 'moment', 'moment', 'moment', 'noun', '片刻', 'a very short period of time', 'Self-authored learner sense; pending review.', 1, NULL, 'active', CURRENT_TIMESTAMP) ON CONFLICT(id) DO UPDATE SET word = excluded.word, normalized_word = excluded.normalized_word, part_of_speech = excluded.part_of_speech, meaning_zh = excluded.meaning_zh, definition_en = excluded.definition_en, usage_note = excluded.usage_note, sense_order = excluded.sense_order, publish_status = excluded.publish_status, updated_at = CURRENT_TIMESTAMP;
INSERT INTO vocabulary_examples (id, vocabulary_id, word, normalized_word, sense_id, sentence_en, sentence_zh, source_type, source_ref, difficulty, example_order, publish_status, updated_at) VALUES ('moment-example-1', 'moment', 'moment', 'moment', 'moment-sense-1', 'Please wait a moment.', '请稍等片刻。', 'manual', 'top-500-public-content-v1-self-authored', 'easy', 1, 'active', CURRENT_TIMESTAMP) ON CONFLICT(id) DO UPDATE SET word = excluded.word, normalized_word = excluded.normalized_word, sense_id = excluded.sense_id, sentence_en = excluded.sentence_en, sentence_zh = excluded.sentence_zh, source_type = excluded.source_type, source_ref = excluded.source_ref, difficulty = excluded.difficulty, example_order = excluded.example_order, publish_status = excluded.publish_status, updated_at = CURRENT_TIMESTAMP;
INSERT INTO vocabulary_collocations (id, vocabulary_id, word, normalized_word, sense_id, phrase, normalized_phrase, meaning_zh, example_en, example_zh, collocation_type, sort_order, publish_status, updated_at) VALUES ('moment-collocation-1', 'moment', 'moment', 'moment', 'moment-sense-1', 'at the moment', 'at the moment', '', '', '', 'phrase', 1, 'active', CURRENT_TIMESTAMP) ON CONFLICT(id) DO UPDATE SET word = excluded.word, normalized_word = excluded.normalized_word, sense_id = excluded.sense_id, phrase = excluded.phrase, normalized_phrase = excluded.normalized_phrase, meaning_zh = excluded.meaning_zh, example_en = excluded.example_en, example_zh = excluded.example_zh, collocation_type = excluded.collocation_type, sort_order = excluded.sort_order, publish_status = excluded.publish_status, updated_at = CURRENT_TIMESTAMP;
INSERT INTO vocabulary_collocations (id, vocabulary_id, word, normalized_word, sense_id, phrase, normalized_phrase, meaning_zh, example_en, example_zh, collocation_type, sort_order, publish_status, updated_at) VALUES ('moment-collocation-2', 'moment', 'moment', 'moment', 'moment-sense-1', 'right moment', 'right moment', '', '', '', 'phrase', 2, 'active', CURRENT_TIMESTAMP) ON CONFLICT(id) DO UPDATE SET word = excluded.word, normalized_word = excluded.normalized_word, sense_id = excluded.sense_id, phrase = excluded.phrase, normalized_phrase = excluded.normalized_phrase, meaning_zh = excluded.meaning_zh, example_en = excluded.example_en, example_zh = excluded.example_zh, collocation_type = excluded.collocation_type, sort_order = excluded.sort_order, publish_status = excluded.publish_status, updated_at = CURRENT_TIMESTAMP;
INSERT INTO vocabulary_scenario_links (vocabulary_id, word, normalized_word, scenario_id, relevance, created_at) VALUES ('moment', 'moment', 'moment', 'time', 80, CURRENT_TIMESTAMP) ON CONFLICT(vocabulary_id, scenario_id) DO UPDATE SET word = excluded.word, normalized_word = excluded.normalized_word, relevance = excluded.relevance;

UPDATE core_vocabulary SET word = 'sale', meaning_zh = '出售；销售额', definition_en = 'the act of selling something, or a time when prices are lower', primary_part_of_speech = 'noun', phonetic_us = '/seɪl/', phonetic_uk = '/seɪl/', updated_at = CURRENT_TIMESTAMP WHERE id = 'sale';
UPDATE vocabulary_pronunciations SET phonetic = CASE accent WHEN 'us' THEN '/seɪl/' WHEN 'uk' THEN '/seɪl/' ELSE phonetic END, phonetic_source = 'manual-curation-pending-review', updated_at = CURRENT_TIMESTAMP WHERE vocabulary_id = 'sale' AND accent IN ('us', 'uk');
INSERT INTO vocabulary_senses (id, vocabulary_id, word, normalized_word, part_of_speech, meaning_zh, definition_en, usage_note, sense_order, level, publish_status, updated_at) VALUES ('sale-sense-1', 'sale', 'sale', 'sale', 'noun', '出售；销售额', 'the act of selling something, or a time when prices are lower', 'Self-authored learner sense; pending review.', 1, NULL, 'active', CURRENT_TIMESTAMP) ON CONFLICT(id) DO UPDATE SET word = excluded.word, normalized_word = excluded.normalized_word, part_of_speech = excluded.part_of_speech, meaning_zh = excluded.meaning_zh, definition_en = excluded.definition_en, usage_note = excluded.usage_note, sense_order = excluded.sense_order, publish_status = excluded.publish_status, updated_at = CURRENT_TIMESTAMP;
INSERT INTO vocabulary_examples (id, vocabulary_id, word, normalized_word, sense_id, sentence_en, sentence_zh, source_type, source_ref, difficulty, example_order, publish_status, updated_at) VALUES ('sale-example-1', 'sale', 'sale', 'sale', 'sale-sense-1', 'The store has a big sale today.', '商店今天大促销。', 'manual', 'top-500-public-content-v1-self-authored', 'easy', 1, 'active', CURRENT_TIMESTAMP) ON CONFLICT(id) DO UPDATE SET word = excluded.word, normalized_word = excluded.normalized_word, sense_id = excluded.sense_id, sentence_en = excluded.sentence_en, sentence_zh = excluded.sentence_zh, source_type = excluded.source_type, source_ref = excluded.source_ref, difficulty = excluded.difficulty, example_order = excluded.example_order, publish_status = excluded.publish_status, updated_at = CURRENT_TIMESTAMP;
INSERT INTO vocabulary_collocations (id, vocabulary_id, word, normalized_word, sense_id, phrase, normalized_phrase, meaning_zh, example_en, example_zh, collocation_type, sort_order, publish_status, updated_at) VALUES ('sale-collocation-1', 'sale', 'sale', 'sale', 'sale-sense-1', 'on sale', 'on sale', '', '', '', 'phrase', 1, 'active', CURRENT_TIMESTAMP) ON CONFLICT(id) DO UPDATE SET word = excluded.word, normalized_word = excluded.normalized_word, sense_id = excluded.sense_id, phrase = excluded.phrase, normalized_phrase = excluded.normalized_phrase, meaning_zh = excluded.meaning_zh, example_en = excluded.example_en, example_zh = excluded.example_zh, collocation_type = excluded.collocation_type, sort_order = excluded.sort_order, publish_status = excluded.publish_status, updated_at = CURRENT_TIMESTAMP;
INSERT INTO vocabulary_collocations (id, vocabulary_id, word, normalized_word, sense_id, phrase, normalized_phrase, meaning_zh, example_en, example_zh, collocation_type, sort_order, publish_status, updated_at) VALUES ('sale-collocation-2', 'sale', 'sale', 'sale', 'sale-sense-1', 'big sale', 'big sale', '', '', '', 'phrase', 2, 'active', CURRENT_TIMESTAMP) ON CONFLICT(id) DO UPDATE SET word = excluded.word, normalized_word = excluded.normalized_word, sense_id = excluded.sense_id, phrase = excluded.phrase, normalized_phrase = excluded.normalized_phrase, meaning_zh = excluded.meaning_zh, example_en = excluded.example_en, example_zh = excluded.example_zh, collocation_type = excluded.collocation_type, sort_order = excluded.sort_order, publish_status = excluded.publish_status, updated_at = CURRENT_TIMESTAMP;
INSERT INTO vocabulary_scenario_links (vocabulary_id, word, normalized_word, scenario_id, relevance, created_at) VALUES ('sale', 'sale', 'sale', 'work', 80, CURRENT_TIMESTAMP) ON CONFLICT(vocabulary_id, scenario_id) DO UPDATE SET word = excluded.word, normalized_word = excluded.normalized_word, relevance = excluded.relevance;

UPDATE core_vocabulary SET word = 'policy', meaning_zh = '政策', definition_en = 'a rule or plan used by an organization or government', primary_part_of_speech = 'noun', phonetic_us = '/ˈpɑləsi/', phonetic_uk = '/ˈpɑləsi/', updated_at = CURRENT_TIMESTAMP WHERE id = 'policy';
UPDATE vocabulary_pronunciations SET phonetic = CASE accent WHEN 'us' THEN '/ˈpɑləsi/' WHEN 'uk' THEN '/ˈpɑləsi/' ELSE phonetic END, phonetic_source = 'manual-curation-pending-review', updated_at = CURRENT_TIMESTAMP WHERE vocabulary_id = 'policy' AND accent IN ('us', 'uk');
INSERT INTO vocabulary_senses (id, vocabulary_id, word, normalized_word, part_of_speech, meaning_zh, definition_en, usage_note, sense_order, level, publish_status, updated_at) VALUES ('policy-sense-1', 'policy', 'policy', 'policy', 'noun', '政策', 'a rule or plan used by an organization or government', 'Self-authored learner sense; pending review.', 1, NULL, 'active', CURRENT_TIMESTAMP) ON CONFLICT(id) DO UPDATE SET word = excluded.word, normalized_word = excluded.normalized_word, part_of_speech = excluded.part_of_speech, meaning_zh = excluded.meaning_zh, definition_en = excluded.definition_en, usage_note = excluded.usage_note, sense_order = excluded.sense_order, publish_status = excluded.publish_status, updated_at = CURRENT_TIMESTAMP;
INSERT INTO vocabulary_examples (id, vocabulary_id, word, normalized_word, sense_id, sentence_en, sentence_zh, source_type, source_ref, difficulty, example_order, publish_status, updated_at) VALUES ('policy-example-1', 'policy', 'policy', 'policy', 'policy-sense-1', 'The company changed its policy.', '公司改变了政策。', 'manual', 'top-500-public-content-v1-self-authored', 'easy', 1, 'active', CURRENT_TIMESTAMP) ON CONFLICT(id) DO UPDATE SET word = excluded.word, normalized_word = excluded.normalized_word, sense_id = excluded.sense_id, sentence_en = excluded.sentence_en, sentence_zh = excluded.sentence_zh, source_type = excluded.source_type, source_ref = excluded.source_ref, difficulty = excluded.difficulty, example_order = excluded.example_order, publish_status = excluded.publish_status, updated_at = CURRENT_TIMESTAMP;
INSERT INTO vocabulary_collocations (id, vocabulary_id, word, normalized_word, sense_id, phrase, normalized_phrase, meaning_zh, example_en, example_zh, collocation_type, sort_order, publish_status, updated_at) VALUES ('policy-collocation-1', 'policy', 'policy', 'policy', 'policy-sense-1', 'public policy', 'public policy', '', '', '', 'phrase', 1, 'active', CURRENT_TIMESTAMP) ON CONFLICT(id) DO UPDATE SET word = excluded.word, normalized_word = excluded.normalized_word, sense_id = excluded.sense_id, phrase = excluded.phrase, normalized_phrase = excluded.normalized_phrase, meaning_zh = excluded.meaning_zh, example_en = excluded.example_en, example_zh = excluded.example_zh, collocation_type = excluded.collocation_type, sort_order = excluded.sort_order, publish_status = excluded.publish_status, updated_at = CURRENT_TIMESTAMP;
INSERT INTO vocabulary_collocations (id, vocabulary_id, word, normalized_word, sense_id, phrase, normalized_phrase, meaning_zh, example_en, example_zh, collocation_type, sort_order, publish_status, updated_at) VALUES ('policy-collocation-2', 'policy', 'policy', 'policy', 'policy-sense-1', 'company policy', 'company policy', '', '', '', 'phrase', 2, 'active', CURRENT_TIMESTAMP) ON CONFLICT(id) DO UPDATE SET word = excluded.word, normalized_word = excluded.normalized_word, sense_id = excluded.sense_id, phrase = excluded.phrase, normalized_phrase = excluded.normalized_phrase, meaning_zh = excluded.meaning_zh, example_en = excluded.example_en, example_zh = excluded.example_zh, collocation_type = excluded.collocation_type, sort_order = excluded.sort_order, publish_status = excluded.publish_status, updated_at = CURRENT_TIMESTAMP;
INSERT INTO vocabulary_scenario_links (vocabulary_id, word, normalized_word, scenario_id, relevance, created_at) VALUES ('policy', 'policy', 'policy', 'work', 80, CURRENT_TIMESTAMP) ON CONFLICT(vocabulary_id, scenario_id) DO UPDATE SET word = excluded.word, normalized_word = excluded.normalized_word, relevance = excluded.relevance;
INSERT INTO vocabulary_scenario_links (vocabulary_id, word, normalized_word, scenario_id, relevance, created_at) VALUES ('policy', 'policy', 'policy', 'thinking', 80, CURRENT_TIMESTAMP) ON CONFLICT(vocabulary_id, scenario_id) DO UPDATE SET word = excluded.word, normalized_word = excluded.normalized_word, relevance = excluded.relevance;

UPDATE core_vocabulary SET word = 'further', meaning_zh = '进一步的；附加的', definition_en = 'more, additional, or at a greater distance', primary_part_of_speech = 'adjective', phonetic_us = '/ˈfərðər/', phonetic_uk = '/ˈfərðər/', updated_at = CURRENT_TIMESTAMP WHERE id = 'further';
UPDATE vocabulary_pronunciations SET phonetic = CASE accent WHEN 'us' THEN '/ˈfərðər/' WHEN 'uk' THEN '/ˈfərðər/' ELSE phonetic END, phonetic_source = 'manual-curation-pending-review', updated_at = CURRENT_TIMESTAMP WHERE vocabulary_id = 'further' AND accent IN ('us', 'uk');
INSERT INTO vocabulary_senses (id, vocabulary_id, word, normalized_word, part_of_speech, meaning_zh, definition_en, usage_note, sense_order, level, publish_status, updated_at) VALUES ('further-sense-1', 'further', 'further', 'further', 'adjective', '进一步的；附加的', 'more, additional, or at a greater distance', 'Self-authored learner sense; pending review.', 1, NULL, 'active', CURRENT_TIMESTAMP) ON CONFLICT(id) DO UPDATE SET word = excluded.word, normalized_word = excluded.normalized_word, part_of_speech = excluded.part_of_speech, meaning_zh = excluded.meaning_zh, definition_en = excluded.definition_en, usage_note = excluded.usage_note, sense_order = excluded.sense_order, publish_status = excluded.publish_status, updated_at = CURRENT_TIMESTAMP;
INSERT INTO vocabulary_examples (id, vocabulary_id, word, normalized_word, sense_id, sentence_en, sentence_zh, source_type, source_ref, difficulty, example_order, publish_status, updated_at) VALUES ('further-example-1', 'further', 'further', 'further', 'further-sense-1', 'We need further discussion.', '我们需要进一步讨论。', 'manual', 'top-500-public-content-v1-self-authored', 'easy', 1, 'active', CURRENT_TIMESTAMP) ON CONFLICT(id) DO UPDATE SET word = excluded.word, normalized_word = excluded.normalized_word, sense_id = excluded.sense_id, sentence_en = excluded.sentence_en, sentence_zh = excluded.sentence_zh, source_type = excluded.source_type, source_ref = excluded.source_ref, difficulty = excluded.difficulty, example_order = excluded.example_order, publish_status = excluded.publish_status, updated_at = CURRENT_TIMESTAMP;
INSERT INTO vocabulary_collocations (id, vocabulary_id, word, normalized_word, sense_id, phrase, normalized_phrase, meaning_zh, example_en, example_zh, collocation_type, sort_order, publish_status, updated_at) VALUES ('further-collocation-1', 'further', 'further', 'further', 'further-sense-1', 'further information', 'further information', '', '', '', 'phrase', 1, 'active', CURRENT_TIMESTAMP) ON CONFLICT(id) DO UPDATE SET word = excluded.word, normalized_word = excluded.normalized_word, sense_id = excluded.sense_id, phrase = excluded.phrase, normalized_phrase = excluded.normalized_phrase, meaning_zh = excluded.meaning_zh, example_en = excluded.example_en, example_zh = excluded.example_zh, collocation_type = excluded.collocation_type, sort_order = excluded.sort_order, publish_status = excluded.publish_status, updated_at = CURRENT_TIMESTAMP;
INSERT INTO vocabulary_collocations (id, vocabulary_id, word, normalized_word, sense_id, phrase, normalized_phrase, meaning_zh, example_en, example_zh, collocation_type, sort_order, publish_status, updated_at) VALUES ('further-collocation-2', 'further', 'further', 'further', 'further-sense-1', 'further study', 'further study', '', '', '', 'phrase', 2, 'active', CURRENT_TIMESTAMP) ON CONFLICT(id) DO UPDATE SET word = excluded.word, normalized_word = excluded.normalized_word, sense_id = excluded.sense_id, phrase = excluded.phrase, normalized_phrase = excluded.normalized_phrase, meaning_zh = excluded.meaning_zh, example_en = excluded.example_en, example_zh = excluded.example_zh, collocation_type = excluded.collocation_type, sort_order = excluded.sort_order, publish_status = excluded.publish_status, updated_at = CURRENT_TIMESTAMP;
INSERT INTO vocabulary_scenario_links (vocabulary_id, word, normalized_word, scenario_id, relevance, created_at) VALUES ('further', 'further', 'further', 'problem-solving', 80, CURRENT_TIMESTAMP) ON CONFLICT(vocabulary_id, scenario_id) DO UPDATE SET word = excluded.word, normalized_word = excluded.normalized_word, relevance = excluded.relevance;
