-- Top 500 public vocabulary content v1, part 12.
-- Self-authored learner definitions and examples for words 421-440.
-- Phonetics are bootstrap IPA values and remain tracked for manual review.

UPDATE core_vocabulary SET word = 'law', meaning_zh = '法律', definition_en = 'a rule made by a government', primary_part_of_speech = 'noun', phonetic_us = '/lɔ/', phonetic_uk = '/lɔ/', updated_at = CURRENT_TIMESTAMP WHERE id = 'law';
UPDATE vocabulary_pronunciations SET phonetic = CASE accent WHEN 'us' THEN '/lɔ/' WHEN 'uk' THEN '/lɔ/' ELSE phonetic END, phonetic_source = 'manual-curation-pending-review', updated_at = CURRENT_TIMESTAMP WHERE vocabulary_id = 'law' AND accent IN ('us', 'uk');
INSERT INTO vocabulary_senses (id, vocabulary_id, word, normalized_word, part_of_speech, meaning_zh, definition_en, usage_note, sense_order, level, publish_status, updated_at) VALUES ('law-sense-1', 'law', 'law', 'law', 'noun', '法律', 'a rule made by a government', 'Self-authored learner sense; pending review.', 1, NULL, 'active', CURRENT_TIMESTAMP) ON CONFLICT(id) DO UPDATE SET word = excluded.word, normalized_word = excluded.normalized_word, part_of_speech = excluded.part_of_speech, meaning_zh = excluded.meaning_zh, definition_en = excluded.definition_en, usage_note = excluded.usage_note, sense_order = excluded.sense_order, publish_status = excluded.publish_status, updated_at = CURRENT_TIMESTAMP;
INSERT INTO vocabulary_examples (id, vocabulary_id, word, normalized_word, sense_id, sentence_en, sentence_zh, source_type, source_ref, difficulty, example_order, publish_status, updated_at) VALUES ('law-example-1', 'law', 'law', 'law', 'law-sense-1', 'Everyone must follow the law.', '每个人都必须遵守法律。', 'manual', 'top-500-public-content-v1-self-authored', 'easy', 1, 'active', CURRENT_TIMESTAMP) ON CONFLICT(id) DO UPDATE SET word = excluded.word, normalized_word = excluded.normalized_word, sense_id = excluded.sense_id, sentence_en = excluded.sentence_en, sentence_zh = excluded.sentence_zh, source_type = excluded.source_type, source_ref = excluded.source_ref, difficulty = excluded.difficulty, example_order = excluded.example_order, publish_status = excluded.publish_status, updated_at = CURRENT_TIMESTAMP;
INSERT INTO vocabulary_collocations (id, vocabulary_id, word, normalized_word, sense_id, phrase, normalized_phrase, meaning_zh, example_en, example_zh, collocation_type, sort_order, publish_status, updated_at) VALUES ('law-collocation-1', 'law', 'law', 'law', 'law-sense-1', 'by law', 'by law', '', '', '', 'phrase', 1, 'active', CURRENT_TIMESTAMP) ON CONFLICT(id) DO UPDATE SET word = excluded.word, normalized_word = excluded.normalized_word, sense_id = excluded.sense_id, phrase = excluded.phrase, normalized_phrase = excluded.normalized_phrase, meaning_zh = excluded.meaning_zh, example_en = excluded.example_en, example_zh = excluded.example_zh, collocation_type = excluded.collocation_type, sort_order = excluded.sort_order, publish_status = excluded.publish_status, updated_at = CURRENT_TIMESTAMP;
INSERT INTO vocabulary_collocations (id, vocabulary_id, word, normalized_word, sense_id, phrase, normalized_phrase, meaning_zh, example_en, example_zh, collocation_type, sort_order, publish_status, updated_at) VALUES ('law-collocation-2', 'law', 'law', 'law', 'law-sense-1', 'law school', 'law school', '', '', '', 'phrase', 2, 'active', CURRENT_TIMESTAMP) ON CONFLICT(id) DO UPDATE SET word = excluded.word, normalized_word = excluded.normalized_word, sense_id = excluded.sense_id, phrase = excluded.phrase, normalized_phrase = excluded.normalized_phrase, meaning_zh = excluded.meaning_zh, example_en = excluded.example_en, example_zh = excluded.example_zh, collocation_type = excluded.collocation_type, sort_order = excluded.sort_order, publish_status = excluded.publish_status, updated_at = CURRENT_TIMESTAMP;
INSERT INTO vocabulary_scenario_links (vocabulary_id, word, normalized_word, scenario_id, relevance, created_at) VALUES ('law', 'law', 'law', 'thinking', 80, CURRENT_TIMESTAMP) ON CONFLICT(vocabulary_id, scenario_id) DO UPDATE SET word = excluded.word, normalized_word = excluded.normalized_word, relevance = excluded.relevance;
INSERT INTO vocabulary_scenario_links (vocabulary_id, word, normalized_word, scenario_id, relevance, created_at) VALUES ('law', 'law', 'law', 'work', 80, CURRENT_TIMESTAMP) ON CONFLICT(vocabulary_id, scenario_id) DO UPDATE SET word = excluded.word, normalized_word = excluded.normalized_word, relevance = excluded.relevance;

UPDATE core_vocabulary SET word = 'everything', meaning_zh = '所有事', definition_en = 'all things', primary_part_of_speech = 'pronoun', phonetic_us = '/ˈɛvriˌθɪŋ/', phonetic_uk = '/ˈɛvriˌθɪŋ/', updated_at = CURRENT_TIMESTAMP WHERE id = 'everything';
UPDATE vocabulary_pronunciations SET phonetic = CASE accent WHEN 'us' THEN '/ˈɛvriˌθɪŋ/' WHEN 'uk' THEN '/ˈɛvriˌθɪŋ/' ELSE phonetic END, phonetic_source = 'manual-curation-pending-review', updated_at = CURRENT_TIMESTAMP WHERE vocabulary_id = 'everything' AND accent IN ('us', 'uk');
INSERT INTO vocabulary_senses (id, vocabulary_id, word, normalized_word, part_of_speech, meaning_zh, definition_en, usage_note, sense_order, level, publish_status, updated_at) VALUES ('everything-sense-1', 'everything', 'everything', 'everything', 'pronoun', '所有事', 'all things', 'Self-authored learner sense; pending review.', 1, NULL, 'active', CURRENT_TIMESTAMP) ON CONFLICT(id) DO UPDATE SET word = excluded.word, normalized_word = excluded.normalized_word, part_of_speech = excluded.part_of_speech, meaning_zh = excluded.meaning_zh, definition_en = excluded.definition_en, usage_note = excluded.usage_note, sense_order = excluded.sense_order, publish_status = excluded.publish_status, updated_at = CURRENT_TIMESTAMP;
INSERT INTO vocabulary_examples (id, vocabulary_id, word, normalized_word, sense_id, sentence_en, sentence_zh, source_type, source_ref, difficulty, example_order, publish_status, updated_at) VALUES ('everything-example-1', 'everything', 'everything', 'everything', 'everything-sense-1', 'Everything is ready for the trip.', '旅行的一切都准备好了。', 'manual', 'top-500-public-content-v1-self-authored', 'easy', 1, 'active', CURRENT_TIMESTAMP) ON CONFLICT(id) DO UPDATE SET word = excluded.word, normalized_word = excluded.normalized_word, sense_id = excluded.sense_id, sentence_en = excluded.sentence_en, sentence_zh = excluded.sentence_zh, source_type = excluded.source_type, source_ref = excluded.source_ref, difficulty = excluded.difficulty, example_order = excluded.example_order, publish_status = excluded.publish_status, updated_at = CURRENT_TIMESTAMP;
INSERT INTO vocabulary_scenario_links (vocabulary_id, word, normalized_word, scenario_id, relevance, created_at) VALUES ('everything', 'everything', 'everything', 'problem-solving', 80, CURRENT_TIMESTAMP) ON CONFLICT(vocabulary_id, scenario_id) DO UPDATE SET word = excluded.word, normalized_word = excluded.normalized_word, relevance = excluded.relevance;

UPDATE core_vocabulary SET word = 'research', meaning_zh = '研究', definition_en = 'to study something carefully to learn more about it', primary_part_of_speech = 'verb', phonetic_us = '/rɪˈsɝːtʃ/', phonetic_uk = '/rɪˈsɜːtʃ/', updated_at = CURRENT_TIMESTAMP WHERE id = 'research';
UPDATE vocabulary_pronunciations SET phonetic = CASE accent WHEN 'us' THEN '/rɪˈsɝːtʃ/' WHEN 'uk' THEN '/rɪˈsɜːtʃ/' ELSE phonetic END, phonetic_source = 'manual-curation-pending-review', updated_at = CURRENT_TIMESTAMP WHERE vocabulary_id = 'research' AND accent IN ('us', 'uk');
INSERT INTO vocabulary_senses (id, vocabulary_id, word, normalized_word, part_of_speech, meaning_zh, definition_en, usage_note, sense_order, level, publish_status, updated_at) VALUES ('research-sense-1', 'research', 'research', 'research', 'verb', '研究', 'to study something carefully to learn more about it', 'Self-authored learner sense; pending review.', 1, NULL, 'active', CURRENT_TIMESTAMP) ON CONFLICT(id) DO UPDATE SET word = excluded.word, normalized_word = excluded.normalized_word, part_of_speech = excluded.part_of_speech, meaning_zh = excluded.meaning_zh, definition_en = excluded.definition_en, usage_note = excluded.usage_note, sense_order = excluded.sense_order, publish_status = excluded.publish_status, updated_at = CURRENT_TIMESTAMP;
INSERT INTO vocabulary_examples (id, vocabulary_id, word, normalized_word, sense_id, sentence_en, sentence_zh, source_type, source_ref, difficulty, example_order, publish_status, updated_at) VALUES ('research-example-1', 'research', 'research', 'research', 'research-sense-1', 'We need to research this topic.', '我们需要研究这个主题。', 'manual', 'top-500-public-content-v1-self-authored', 'easy', 1, 'active', CURRENT_TIMESTAMP) ON CONFLICT(id) DO UPDATE SET word = excluded.word, normalized_word = excluded.normalized_word, sense_id = excluded.sense_id, sentence_en = excluded.sentence_en, sentence_zh = excluded.sentence_zh, source_type = excluded.source_type, source_ref = excluded.source_ref, difficulty = excluded.difficulty, example_order = excluded.example_order, publish_status = excluded.publish_status, updated_at = CURRENT_TIMESTAMP;
INSERT INTO vocabulary_collocations (id, vocabulary_id, word, normalized_word, sense_id, phrase, normalized_phrase, meaning_zh, example_en, example_zh, collocation_type, sort_order, publish_status, updated_at) VALUES ('research-collocation-1', 'research', 'research', 'research', 'research-sense-1', 'research topic', 'research topic', '', '', '', 'phrase', 1, 'active', CURRENT_TIMESTAMP) ON CONFLICT(id) DO UPDATE SET word = excluded.word, normalized_word = excluded.normalized_word, sense_id = excluded.sense_id, phrase = excluded.phrase, normalized_phrase = excluded.normalized_phrase, meaning_zh = excluded.meaning_zh, example_en = excluded.example_en, example_zh = excluded.example_zh, collocation_type = excluded.collocation_type, sort_order = excluded.sort_order, publish_status = excluded.publish_status, updated_at = CURRENT_TIMESTAMP;
INSERT INTO vocabulary_collocations (id, vocabulary_id, word, normalized_word, sense_id, phrase, normalized_phrase, meaning_zh, example_en, example_zh, collocation_type, sort_order, publish_status, updated_at) VALUES ('research-collocation-2', 'research', 'research', 'research', 'research-sense-1', 'do research', 'do research', '', '', '', 'phrase', 2, 'active', CURRENT_TIMESTAMP) ON CONFLICT(id) DO UPDATE SET word = excluded.word, normalized_word = excluded.normalized_word, sense_id = excluded.sense_id, phrase = excluded.phrase, normalized_phrase = excluded.normalized_phrase, meaning_zh = excluded.meaning_zh, example_en = excluded.example_en, example_zh = excluded.example_zh, collocation_type = excluded.collocation_type, sort_order = excluded.sort_order, publish_status = excluded.publish_status, updated_at = CURRENT_TIMESTAMP;
INSERT INTO vocabulary_scenario_links (vocabulary_id, word, normalized_word, scenario_id, relevance, created_at) VALUES ('research', 'research', 'research', 'study', 80, CURRENT_TIMESTAMP) ON CONFLICT(vocabulary_id, scenario_id) DO UPDATE SET word = excluded.word, normalized_word = excluded.normalized_word, relevance = excluded.relevance;

UPDATE core_vocabulary SET word = 'cover', meaning_zh = '覆盖；包括', definition_en = 'to put something over something else, or include a subject', primary_part_of_speech = 'verb', phonetic_us = '/ˈkəvər/', phonetic_uk = '/ˈkəvər/', updated_at = CURRENT_TIMESTAMP WHERE id = 'cover';
UPDATE vocabulary_pronunciations SET phonetic = CASE accent WHEN 'us' THEN '/ˈkəvər/' WHEN 'uk' THEN '/ˈkəvər/' ELSE phonetic END, phonetic_source = 'manual-curation-pending-review', updated_at = CURRENT_TIMESTAMP WHERE vocabulary_id = 'cover' AND accent IN ('us', 'uk');
INSERT INTO vocabulary_senses (id, vocabulary_id, word, normalized_word, part_of_speech, meaning_zh, definition_en, usage_note, sense_order, level, publish_status, updated_at) VALUES ('cover-sense-1', 'cover', 'cover', 'cover', 'verb', '覆盖；包括', 'to put something over something else, or include a subject', 'Self-authored learner sense; pending review.', 1, NULL, 'active', CURRENT_TIMESTAMP) ON CONFLICT(id) DO UPDATE SET word = excluded.word, normalized_word = excluded.normalized_word, part_of_speech = excluded.part_of_speech, meaning_zh = excluded.meaning_zh, definition_en = excluded.definition_en, usage_note = excluded.usage_note, sense_order = excluded.sense_order, publish_status = excluded.publish_status, updated_at = CURRENT_TIMESTAMP;
INSERT INTO vocabulary_examples (id, vocabulary_id, word, normalized_word, sense_id, sentence_en, sentence_zh, source_type, source_ref, difficulty, example_order, publish_status, updated_at) VALUES ('cover-example-1', 'cover', 'cover', 'cover', 'cover-sense-1', 'Please cover the food.', '请把食物盖起来。', 'manual', 'top-500-public-content-v1-self-authored', 'easy', 1, 'active', CURRENT_TIMESTAMP) ON CONFLICT(id) DO UPDATE SET word = excluded.word, normalized_word = excluded.normalized_word, sense_id = excluded.sense_id, sentence_en = excluded.sentence_en, sentence_zh = excluded.sentence_zh, source_type = excluded.source_type, source_ref = excluded.source_ref, difficulty = excluded.difficulty, example_order = excluded.example_order, publish_status = excluded.publish_status, updated_at = CURRENT_TIMESTAMP;
INSERT INTO vocabulary_collocations (id, vocabulary_id, word, normalized_word, sense_id, phrase, normalized_phrase, meaning_zh, example_en, example_zh, collocation_type, sort_order, publish_status, updated_at) VALUES ('cover-collocation-1', 'cover', 'cover', 'cover', 'cover-sense-1', 'cover the cost', 'cover the cost', '', '', '', 'phrase', 1, 'active', CURRENT_TIMESTAMP) ON CONFLICT(id) DO UPDATE SET word = excluded.word, normalized_word = excluded.normalized_word, sense_id = excluded.sense_id, phrase = excluded.phrase, normalized_phrase = excluded.normalized_phrase, meaning_zh = excluded.meaning_zh, example_en = excluded.example_en, example_zh = excluded.example_zh, collocation_type = excluded.collocation_type, sort_order = excluded.sort_order, publish_status = excluded.publish_status, updated_at = CURRENT_TIMESTAMP;
INSERT INTO vocabulary_collocations (id, vocabulary_id, word, normalized_word, sense_id, phrase, normalized_phrase, meaning_zh, example_en, example_zh, collocation_type, sort_order, publish_status, updated_at) VALUES ('cover-collocation-2', 'cover', 'cover', 'cover', 'cover-sense-1', 'cover the food', 'cover the food', '', '', '', 'phrase', 2, 'active', CURRENT_TIMESTAMP) ON CONFLICT(id) DO UPDATE SET word = excluded.word, normalized_word = excluded.normalized_word, sense_id = excluded.sense_id, phrase = excluded.phrase, normalized_phrase = excluded.normalized_phrase, meaning_zh = excluded.meaning_zh, example_en = excluded.example_en, example_zh = excluded.example_zh, collocation_type = excluded.collocation_type, sort_order = excluded.sort_order, publish_status = excluded.publish_status, updated_at = CURRENT_TIMESTAMP;
INSERT INTO vocabulary_scenario_links (vocabulary_id, word, normalized_word, scenario_id, relevance, created_at) VALUES ('cover', 'cover', 'cover', 'problem-solving', 80, CURRENT_TIMESTAMP) ON CONFLICT(vocabulary_id, scenario_id) DO UPDATE SET word = excluded.word, normalized_word = excluded.normalized_word, relevance = excluded.relevance;

UPDATE core_vocabulary SET word = 'paper', meaning_zh = '纸', definition_en = 'thin material used for writing, printing, or wrapping', primary_part_of_speech = 'noun', phonetic_us = '/ˈpeɪpər/', phonetic_uk = '/ˈpeɪpər/', updated_at = CURRENT_TIMESTAMP WHERE id = 'paper';
UPDATE vocabulary_pronunciations SET phonetic = CASE accent WHEN 'us' THEN '/ˈpeɪpər/' WHEN 'uk' THEN '/ˈpeɪpər/' ELSE phonetic END, phonetic_source = 'manual-curation-pending-review', updated_at = CURRENT_TIMESTAMP WHERE vocabulary_id = 'paper' AND accent IN ('us', 'uk');
INSERT INTO vocabulary_senses (id, vocabulary_id, word, normalized_word, part_of_speech, meaning_zh, definition_en, usage_note, sense_order, level, publish_status, updated_at) VALUES ('paper-sense-1', 'paper', 'paper', 'paper', 'noun', '纸', 'thin material used for writing, printing, or wrapping', 'Self-authored learner sense; pending review.', 1, NULL, 'active', CURRENT_TIMESTAMP) ON CONFLICT(id) DO UPDATE SET word = excluded.word, normalized_word = excluded.normalized_word, part_of_speech = excluded.part_of_speech, meaning_zh = excluded.meaning_zh, definition_en = excluded.definition_en, usage_note = excluded.usage_note, sense_order = excluded.sense_order, publish_status = excluded.publish_status, updated_at = CURRENT_TIMESTAMP;
INSERT INTO vocabulary_examples (id, vocabulary_id, word, normalized_word, sense_id, sentence_en, sentence_zh, source_type, source_ref, difficulty, example_order, publish_status, updated_at) VALUES ('paper-example-1', 'paper', 'paper', 'paper', 'paper-sense-1', 'I need a piece of paper.', '我需要一张纸。', 'manual', 'top-500-public-content-v1-self-authored', 'easy', 1, 'active', CURRENT_TIMESTAMP) ON CONFLICT(id) DO UPDATE SET word = excluded.word, normalized_word = excluded.normalized_word, sense_id = excluded.sense_id, sentence_en = excluded.sentence_en, sentence_zh = excluded.sentence_zh, source_type = excluded.source_type, source_ref = excluded.source_ref, difficulty = excluded.difficulty, example_order = excluded.example_order, publish_status = excluded.publish_status, updated_at = CURRENT_TIMESTAMP;
INSERT INTO vocabulary_collocations (id, vocabulary_id, word, normalized_word, sense_id, phrase, normalized_phrase, meaning_zh, example_en, example_zh, collocation_type, sort_order, publish_status, updated_at) VALUES ('paper-collocation-1', 'paper', 'paper', 'paper', 'paper-sense-1', 'piece of paper', 'piece of paper', '', '', '', 'phrase', 1, 'active', CURRENT_TIMESTAMP) ON CONFLICT(id) DO UPDATE SET word = excluded.word, normalized_word = excluded.normalized_word, sense_id = excluded.sense_id, phrase = excluded.phrase, normalized_phrase = excluded.normalized_phrase, meaning_zh = excluded.meaning_zh, example_en = excluded.example_en, example_zh = excluded.example_zh, collocation_type = excluded.collocation_type, sort_order = excluded.sort_order, publish_status = excluded.publish_status, updated_at = CURRENT_TIMESTAMP;
INSERT INTO vocabulary_collocations (id, vocabulary_id, word, normalized_word, sense_id, phrase, normalized_phrase, meaning_zh, example_en, example_zh, collocation_type, sort_order, publish_status, updated_at) VALUES ('paper-collocation-2', 'paper', 'paper', 'paper', 'paper-sense-1', 'paper bag', 'paper bag', '', '', '', 'phrase', 2, 'active', CURRENT_TIMESTAMP) ON CONFLICT(id) DO UPDATE SET word = excluded.word, normalized_word = excluded.normalized_word, sense_id = excluded.sense_id, phrase = excluded.phrase, normalized_phrase = excluded.normalized_phrase, meaning_zh = excluded.meaning_zh, example_en = excluded.example_en, example_zh = excluded.example_zh, collocation_type = excluded.collocation_type, sort_order = excluded.sort_order, publish_status = excluded.publish_status, updated_at = CURRENT_TIMESTAMP;
INSERT INTO vocabulary_scenario_links (vocabulary_id, word, normalized_word, scenario_id, relevance, created_at) VALUES ('paper', 'paper', 'paper', 'study', 80, CURRENT_TIMESTAMP) ON CONFLICT(vocabulary_id, scenario_id) DO UPDATE SET word = excluded.word, normalized_word = excluded.normalized_word, relevance = excluded.relevance;

UPDATE core_vocabulary SET word = 'position', meaning_zh = '位置', definition_en = 'the place where someone or something is, or a job role', primary_part_of_speech = 'noun', phonetic_us = '/pəˈzɪʃən/', phonetic_uk = '/pəˈzɪʃən/', updated_at = CURRENT_TIMESTAMP WHERE id = 'position';
UPDATE vocabulary_pronunciations SET phonetic = CASE accent WHEN 'us' THEN '/pəˈzɪʃən/' WHEN 'uk' THEN '/pəˈzɪʃən/' ELSE phonetic END, phonetic_source = 'manual-curation-pending-review', updated_at = CURRENT_TIMESTAMP WHERE vocabulary_id = 'position' AND accent IN ('us', 'uk');
INSERT INTO vocabulary_senses (id, vocabulary_id, word, normalized_word, part_of_speech, meaning_zh, definition_en, usage_note, sense_order, level, publish_status, updated_at) VALUES ('position-sense-1', 'position', 'position', 'position', 'noun', '位置', 'the place where someone or something is, or a job role', 'Self-authored learner sense; pending review.', 1, NULL, 'active', CURRENT_TIMESTAMP) ON CONFLICT(id) DO UPDATE SET word = excluded.word, normalized_word = excluded.normalized_word, part_of_speech = excluded.part_of_speech, meaning_zh = excluded.meaning_zh, definition_en = excluded.definition_en, usage_note = excluded.usage_note, sense_order = excluded.sense_order, publish_status = excluded.publish_status, updated_at = CURRENT_TIMESTAMP;
INSERT INTO vocabulary_examples (id, vocabulary_id, word, normalized_word, sense_id, sentence_en, sentence_zh, source_type, source_ref, difficulty, example_order, publish_status, updated_at) VALUES ('position-example-1', 'position', 'position', 'position', 'position-sense-1', 'The chair is in the wrong position.', '椅子的位置不对。', 'manual', 'top-500-public-content-v1-self-authored', 'easy', 1, 'active', CURRENT_TIMESTAMP) ON CONFLICT(id) DO UPDATE SET word = excluded.word, normalized_word = excluded.normalized_word, sense_id = excluded.sense_id, sentence_en = excluded.sentence_en, sentence_zh = excluded.sentence_zh, source_type = excluded.source_type, source_ref = excluded.source_ref, difficulty = excluded.difficulty, example_order = excluded.example_order, publish_status = excluded.publish_status, updated_at = CURRENT_TIMESTAMP;
INSERT INTO vocabulary_collocations (id, vocabulary_id, word, normalized_word, sense_id, phrase, normalized_phrase, meaning_zh, example_en, example_zh, collocation_type, sort_order, publish_status, updated_at) VALUES ('position-collocation-1', 'position', 'position', 'position', 'position-sense-1', 'current position', 'current position', '', '', '', 'phrase', 1, 'active', CURRENT_TIMESTAMP) ON CONFLICT(id) DO UPDATE SET word = excluded.word, normalized_word = excluded.normalized_word, sense_id = excluded.sense_id, phrase = excluded.phrase, normalized_phrase = excluded.normalized_phrase, meaning_zh = excluded.meaning_zh, example_en = excluded.example_en, example_zh = excluded.example_zh, collocation_type = excluded.collocation_type, sort_order = excluded.sort_order, publish_status = excluded.publish_status, updated_at = CURRENT_TIMESTAMP;
INSERT INTO vocabulary_collocations (id, vocabulary_id, word, normalized_word, sense_id, phrase, normalized_phrase, meaning_zh, example_en, example_zh, collocation_type, sort_order, publish_status, updated_at) VALUES ('position-collocation-2', 'position', 'position', 'position', 'position-sense-1', 'position of', 'position of', '', '', '', 'phrase', 2, 'active', CURRENT_TIMESTAMP) ON CONFLICT(id) DO UPDATE SET word = excluded.word, normalized_word = excluded.normalized_word, sense_id = excluded.sense_id, phrase = excluded.phrase, normalized_phrase = excluded.normalized_phrase, meaning_zh = excluded.meaning_zh, example_en = excluded.example_en, example_zh = excluded.example_zh, collocation_type = excluded.collocation_type, sort_order = excluded.sort_order, publish_status = excluded.publish_status, updated_at = CURRENT_TIMESTAMP;
INSERT INTO vocabulary_scenario_links (vocabulary_id, word, normalized_word, scenario_id, relevance, created_at) VALUES ('position', 'position', 'position', 'problem-solving', 80, CURRENT_TIMESTAMP) ON CONFLICT(vocabulary_id, scenario_id) DO UPDATE SET word = excluded.word, normalized_word = excluded.normalized_word, relevance = excluded.relevance;

UPDATE core_vocabulary SET word = 'near', meaning_zh = '（距离）近的', definition_en = 'close in distance or time', primary_part_of_speech = 'adjective', phonetic_us = '/nɪr/', phonetic_uk = '/nɪr/', updated_at = CURRENT_TIMESTAMP WHERE id = 'near';
UPDATE vocabulary_pronunciations SET phonetic = CASE accent WHEN 'us' THEN '/nɪr/' WHEN 'uk' THEN '/nɪr/' ELSE phonetic END, phonetic_source = 'manual-curation-pending-review', updated_at = CURRENT_TIMESTAMP WHERE vocabulary_id = 'near' AND accent IN ('us', 'uk');
INSERT INTO vocabulary_senses (id, vocabulary_id, word, normalized_word, part_of_speech, meaning_zh, definition_en, usage_note, sense_order, level, publish_status, updated_at) VALUES ('near-sense-1', 'near', 'near', 'near', 'adjective', '（距离）近的', 'close in distance or time', 'Self-authored learner sense; pending review.', 1, NULL, 'active', CURRENT_TIMESTAMP) ON CONFLICT(id) DO UPDATE SET word = excluded.word, normalized_word = excluded.normalized_word, part_of_speech = excluded.part_of_speech, meaning_zh = excluded.meaning_zh, definition_en = excluded.definition_en, usage_note = excluded.usage_note, sense_order = excluded.sense_order, publish_status = excluded.publish_status, updated_at = CURRENT_TIMESTAMP;
INSERT INTO vocabulary_examples (id, vocabulary_id, word, normalized_word, sense_id, sentence_en, sentence_zh, source_type, source_ref, difficulty, example_order, publish_status, updated_at) VALUES ('near-example-1', 'near', 'near', 'near', 'near-sense-1', 'The bus stop is near my house.', '公交站离我家很近。', 'manual', 'top-500-public-content-v1-self-authored', 'easy', 1, 'active', CURRENT_TIMESTAMP) ON CONFLICT(id) DO UPDATE SET word = excluded.word, normalized_word = excluded.normalized_word, sense_id = excluded.sense_id, sentence_en = excluded.sentence_en, sentence_zh = excluded.sentence_zh, source_type = excluded.source_type, source_ref = excluded.source_ref, difficulty = excluded.difficulty, example_order = excluded.example_order, publish_status = excluded.publish_status, updated_at = CURRENT_TIMESTAMP;
INSERT INTO vocabulary_collocations (id, vocabulary_id, word, normalized_word, sense_id, phrase, normalized_phrase, meaning_zh, example_en, example_zh, collocation_type, sort_order, publish_status, updated_at) VALUES ('near-collocation-1', 'near', 'near', 'near', 'near-sense-1', 'near future', 'near future', '', '', '', 'phrase', 1, 'active', CURRENT_TIMESTAMP) ON CONFLICT(id) DO UPDATE SET word = excluded.word, normalized_word = excluded.normalized_word, sense_id = excluded.sense_id, phrase = excluded.phrase, normalized_phrase = excluded.normalized_phrase, meaning_zh = excluded.meaning_zh, example_en = excluded.example_en, example_zh = excluded.example_zh, collocation_type = excluded.collocation_type, sort_order = excluded.sort_order, publish_status = excluded.publish_status, updated_at = CURRENT_TIMESTAMP;
INSERT INTO vocabulary_collocations (id, vocabulary_id, word, normalized_word, sense_id, phrase, normalized_phrase, meaning_zh, example_en, example_zh, collocation_type, sort_order, publish_status, updated_at) VALUES ('near-collocation-2', 'near', 'near', 'near', 'near-sense-1', 'near the door', 'near the door', '', '', '', 'phrase', 2, 'active', CURRENT_TIMESTAMP) ON CONFLICT(id) DO UPDATE SET word = excluded.word, normalized_word = excluded.normalized_word, sense_id = excluded.sense_id, phrase = excluded.phrase, normalized_phrase = excluded.normalized_phrase, meaning_zh = excluded.meaning_zh, example_en = excluded.example_en, example_zh = excluded.example_zh, collocation_type = excluded.collocation_type, sort_order = excluded.sort_order, publish_status = excluded.publish_status, updated_at = CURRENT_TIMESTAMP;
INSERT INTO vocabulary_scenario_links (vocabulary_id, word, normalized_word, scenario_id, relevance, created_at) VALUES ('near', 'near', 'near', 'problem-solving', 80, CURRENT_TIMESTAMP) ON CONFLICT(vocabulary_id, scenario_id) DO UPDATE SET word = excluded.word, normalized_word = excluded.normalized_word, relevance = excluded.relevance;

UPDATE core_vocabulary SET word = 'human', meaning_zh = '人；人类', definition_en = 'a person, or connected with people', primary_part_of_speech = 'noun', phonetic_us = '/ˈjumən/', phonetic_uk = '/ˈjumən/', updated_at = CURRENT_TIMESTAMP WHERE id = 'human';
UPDATE vocabulary_pronunciations SET phonetic = CASE accent WHEN 'us' THEN '/ˈjumən/' WHEN 'uk' THEN '/ˈjumən/' ELSE phonetic END, phonetic_source = 'manual-curation-pending-review', updated_at = CURRENT_TIMESTAMP WHERE vocabulary_id = 'human' AND accent IN ('us', 'uk');
INSERT INTO vocabulary_senses (id, vocabulary_id, word, normalized_word, part_of_speech, meaning_zh, definition_en, usage_note, sense_order, level, publish_status, updated_at) VALUES ('human-sense-1', 'human', 'human', 'human', 'noun', '人；人类', 'a person, or connected with people', 'Self-authored learner sense; pending review.', 1, NULL, 'active', CURRENT_TIMESTAMP) ON CONFLICT(id) DO UPDATE SET word = excluded.word, normalized_word = excluded.normalized_word, part_of_speech = excluded.part_of_speech, meaning_zh = excluded.meaning_zh, definition_en = excluded.definition_en, usage_note = excluded.usage_note, sense_order = excluded.sense_order, publish_status = excluded.publish_status, updated_at = CURRENT_TIMESTAMP;
INSERT INTO vocabulary_examples (id, vocabulary_id, word, normalized_word, sense_id, sentence_en, sentence_zh, source_type, source_ref, difficulty, example_order, publish_status, updated_at) VALUES ('human-example-1', 'human', 'human', 'human', 'human-sense-1', 'Every human needs sleep.', '每个人都需要睡眠。', 'manual', 'top-500-public-content-v1-self-authored', 'easy', 1, 'active', CURRENT_TIMESTAMP) ON CONFLICT(id) DO UPDATE SET word = excluded.word, normalized_word = excluded.normalized_word, sense_id = excluded.sense_id, sentence_en = excluded.sentence_en, sentence_zh = excluded.sentence_zh, source_type = excluded.source_type, source_ref = excluded.source_ref, difficulty = excluded.difficulty, example_order = excluded.example_order, publish_status = excluded.publish_status, updated_at = CURRENT_TIMESTAMP;
INSERT INTO vocabulary_collocations (id, vocabulary_id, word, normalized_word, sense_id, phrase, normalized_phrase, meaning_zh, example_en, example_zh, collocation_type, sort_order, publish_status, updated_at) VALUES ('human-collocation-1', 'human', 'human', 'human', 'human-sense-1', 'human rights', 'human rights', '', '', '', 'phrase', 1, 'active', CURRENT_TIMESTAMP) ON CONFLICT(id) DO UPDATE SET word = excluded.word, normalized_word = excluded.normalized_word, sense_id = excluded.sense_id, phrase = excluded.phrase, normalized_phrase = excluded.normalized_phrase, meaning_zh = excluded.meaning_zh, example_en = excluded.example_en, example_zh = excluded.example_zh, collocation_type = excluded.collocation_type, sort_order = excluded.sort_order, publish_status = excluded.publish_status, updated_at = CURRENT_TIMESTAMP;
INSERT INTO vocabulary_collocations (id, vocabulary_id, word, normalized_word, sense_id, phrase, normalized_phrase, meaning_zh, example_en, example_zh, collocation_type, sort_order, publish_status, updated_at) VALUES ('human-collocation-2', 'human', 'human', 'human', 'human-sense-1', 'human body', 'human body', '', '', '', 'phrase', 2, 'active', CURRENT_TIMESTAMP) ON CONFLICT(id) DO UPDATE SET word = excluded.word, normalized_word = excluded.normalized_word, sense_id = excluded.sense_id, phrase = excluded.phrase, normalized_phrase = excluded.normalized_phrase, meaning_zh = excluded.meaning_zh, example_en = excluded.example_en, example_zh = excluded.example_zh, collocation_type = excluded.collocation_type, sort_order = excluded.sort_order, publish_status = excluded.publish_status, updated_at = CURRENT_TIMESTAMP;
INSERT INTO vocabulary_scenario_links (vocabulary_id, word, normalized_word, scenario_id, relevance, created_at) VALUES ('human', 'human', 'human', 'problem-solving', 80, CURRENT_TIMESTAMP) ON CONFLICT(vocabulary_id, scenario_id) DO UPDATE SET word = excluded.word, normalized_word = excluded.normalized_word, relevance = excluded.relevance;

UPDATE core_vocabulary SET word = 'computer', meaning_zh = '计算机', definition_en = 'a machine that stores and processes information', primary_part_of_speech = 'noun', phonetic_us = '/kəmˈpjutər/', phonetic_uk = '/kəmˈpjutər/', updated_at = CURRENT_TIMESTAMP WHERE id = 'computer';
UPDATE vocabulary_pronunciations SET phonetic = CASE accent WHEN 'us' THEN '/kəmˈpjutər/' WHEN 'uk' THEN '/kəmˈpjutər/' ELSE phonetic END, phonetic_source = 'manual-curation-pending-review', updated_at = CURRENT_TIMESTAMP WHERE vocabulary_id = 'computer' AND accent IN ('us', 'uk');
INSERT INTO vocabulary_senses (id, vocabulary_id, word, normalized_word, part_of_speech, meaning_zh, definition_en, usage_note, sense_order, level, publish_status, updated_at) VALUES ('computer-sense-1', 'computer', 'computer', 'computer', 'noun', '计算机', 'a machine that stores and processes information', 'Self-authored learner sense; pending review.', 1, NULL, 'active', CURRENT_TIMESTAMP) ON CONFLICT(id) DO UPDATE SET word = excluded.word, normalized_word = excluded.normalized_word, part_of_speech = excluded.part_of_speech, meaning_zh = excluded.meaning_zh, definition_en = excluded.definition_en, usage_note = excluded.usage_note, sense_order = excluded.sense_order, publish_status = excluded.publish_status, updated_at = CURRENT_TIMESTAMP;
INSERT INTO vocabulary_examples (id, vocabulary_id, word, normalized_word, sense_id, sentence_en, sentence_zh, source_type, source_ref, difficulty, example_order, publish_status, updated_at) VALUES ('computer-example-1', 'computer', 'computer', 'computer', 'computer-sense-1', 'I use a computer for work.', '我用电脑工作。', 'manual', 'top-500-public-content-v1-self-authored', 'easy', 1, 'active', CURRENT_TIMESTAMP) ON CONFLICT(id) DO UPDATE SET word = excluded.word, normalized_word = excluded.normalized_word, sense_id = excluded.sense_id, sentence_en = excluded.sentence_en, sentence_zh = excluded.sentence_zh, source_type = excluded.source_type, source_ref = excluded.source_ref, difficulty = excluded.difficulty, example_order = excluded.example_order, publish_status = excluded.publish_status, updated_at = CURRENT_TIMESTAMP;
INSERT INTO vocabulary_collocations (id, vocabulary_id, word, normalized_word, sense_id, phrase, normalized_phrase, meaning_zh, example_en, example_zh, collocation_type, sort_order, publish_status, updated_at) VALUES ('computer-collocation-1', 'computer', 'computer', 'computer', 'computer-sense-1', 'computer program', 'computer program', '', '', '', 'phrase', 1, 'active', CURRENT_TIMESTAMP) ON CONFLICT(id) DO UPDATE SET word = excluded.word, normalized_word = excluded.normalized_word, sense_id = excluded.sense_id, phrase = excluded.phrase, normalized_phrase = excluded.normalized_phrase, meaning_zh = excluded.meaning_zh, example_en = excluded.example_en, example_zh = excluded.example_zh, collocation_type = excluded.collocation_type, sort_order = excluded.sort_order, publish_status = excluded.publish_status, updated_at = CURRENT_TIMESTAMP;
INSERT INTO vocabulary_collocations (id, vocabulary_id, word, normalized_word, sense_id, phrase, normalized_phrase, meaning_zh, example_en, example_zh, collocation_type, sort_order, publish_status, updated_at) VALUES ('computer-collocation-2', 'computer', 'computer', 'computer', 'computer-sense-1', 'computer screen', 'computer screen', '', '', '', 'phrase', 2, 'active', CURRENT_TIMESTAMP) ON CONFLICT(id) DO UPDATE SET word = excluded.word, normalized_word = excluded.normalized_word, sense_id = excluded.sense_id, phrase = excluded.phrase, normalized_phrase = excluded.normalized_phrase, meaning_zh = excluded.meaning_zh, example_en = excluded.example_en, example_zh = excluded.example_zh, collocation_type = excluded.collocation_type, sort_order = excluded.sort_order, publish_status = excluded.publish_status, updated_at = CURRENT_TIMESTAMP;
INSERT INTO vocabulary_scenario_links (vocabulary_id, word, normalized_word, scenario_id, relevance, created_at) VALUES ('computer', 'computer', 'computer', 'work', 80, CURRENT_TIMESTAMP) ON CONFLICT(vocabulary_id, scenario_id) DO UPDATE SET word = excluded.word, normalized_word = excluded.normalized_word, relevance = excluded.relevance;
INSERT INTO vocabulary_scenario_links (vocabulary_id, word, normalized_word, scenario_id, relevance, created_at) VALUES ('computer', 'computer', 'computer', 'study', 80, CURRENT_TIMESTAMP) ON CONFLICT(vocabulary_id, scenario_id) DO UPDATE SET word = excluded.word, normalized_word = excluded.normalized_word, relevance = excluded.relevance;

UPDATE core_vocabulary SET word = 'situation', meaning_zh = '情况；处境；位置', definition_en = 'the conditions or facts at a particular time', primary_part_of_speech = 'noun', phonetic_us = '/ˌsɪʧuˈeɪʃən/', phonetic_uk = '/ˌsɪʧuˈeɪʃən/', updated_at = CURRENT_TIMESTAMP WHERE id = 'situation';
UPDATE vocabulary_pronunciations SET phonetic = CASE accent WHEN 'us' THEN '/ˌsɪʧuˈeɪʃən/' WHEN 'uk' THEN '/ˌsɪʧuˈeɪʃən/' ELSE phonetic END, phonetic_source = 'manual-curation-pending-review', updated_at = CURRENT_TIMESTAMP WHERE vocabulary_id = 'situation' AND accent IN ('us', 'uk');
INSERT INTO vocabulary_senses (id, vocabulary_id, word, normalized_word, part_of_speech, meaning_zh, definition_en, usage_note, sense_order, level, publish_status, updated_at) VALUES ('situation-sense-1', 'situation', 'situation', 'situation', 'noun', '情况；处境；位置', 'the conditions or facts at a particular time', 'Self-authored learner sense; pending review.', 1, NULL, 'active', CURRENT_TIMESTAMP) ON CONFLICT(id) DO UPDATE SET word = excluded.word, normalized_word = excluded.normalized_word, part_of_speech = excluded.part_of_speech, meaning_zh = excluded.meaning_zh, definition_en = excluded.definition_en, usage_note = excluded.usage_note, sense_order = excluded.sense_order, publish_status = excluded.publish_status, updated_at = CURRENT_TIMESTAMP;
INSERT INTO vocabulary_examples (id, vocabulary_id, word, normalized_word, sense_id, sentence_en, sentence_zh, source_type, source_ref, difficulty, example_order, publish_status, updated_at) VALUES ('situation-example-1', 'situation', 'situation', 'situation', 'situation-sense-1', 'This situation is difficult.', '这种情况很困难。', 'manual', 'top-500-public-content-v1-self-authored', 'easy', 1, 'active', CURRENT_TIMESTAMP) ON CONFLICT(id) DO UPDATE SET word = excluded.word, normalized_word = excluded.normalized_word, sense_id = excluded.sense_id, sentence_en = excluded.sentence_en, sentence_zh = excluded.sentence_zh, source_type = excluded.source_type, source_ref = excluded.source_ref, difficulty = excluded.difficulty, example_order = excluded.example_order, publish_status = excluded.publish_status, updated_at = CURRENT_TIMESTAMP;
INSERT INTO vocabulary_collocations (id, vocabulary_id, word, normalized_word, sense_id, phrase, normalized_phrase, meaning_zh, example_en, example_zh, collocation_type, sort_order, publish_status, updated_at) VALUES ('situation-collocation-1', 'situation', 'situation', 'situation', 'situation-sense-1', 'difficult situation', 'difficult situation', '', '', '', 'phrase', 1, 'active', CURRENT_TIMESTAMP) ON CONFLICT(id) DO UPDATE SET word = excluded.word, normalized_word = excluded.normalized_word, sense_id = excluded.sense_id, phrase = excluded.phrase, normalized_phrase = excluded.normalized_phrase, meaning_zh = excluded.meaning_zh, example_en = excluded.example_en, example_zh = excluded.example_zh, collocation_type = excluded.collocation_type, sort_order = excluded.sort_order, publish_status = excluded.publish_status, updated_at = CURRENT_TIMESTAMP;
INSERT INTO vocabulary_collocations (id, vocabulary_id, word, normalized_word, sense_id, phrase, normalized_phrase, meaning_zh, example_en, example_zh, collocation_type, sort_order, publish_status, updated_at) VALUES ('situation-collocation-2', 'situation', 'situation', 'situation', 'situation-sense-1', 'current situation', 'current situation', '', '', '', 'phrase', 2, 'active', CURRENT_TIMESTAMP) ON CONFLICT(id) DO UPDATE SET word = excluded.word, normalized_word = excluded.normalized_word, sense_id = excluded.sense_id, phrase = excluded.phrase, normalized_phrase = excluded.normalized_phrase, meaning_zh = excluded.meaning_zh, example_en = excluded.example_en, example_zh = excluded.example_zh, collocation_type = excluded.collocation_type, sort_order = excluded.sort_order, publish_status = excluded.publish_status, updated_at = CURRENT_TIMESTAMP;
INSERT INTO vocabulary_scenario_links (vocabulary_id, word, normalized_word, scenario_id, relevance, created_at) VALUES ('situation', 'situation', 'situation', 'problem-solving', 80, CURRENT_TIMESTAMP) ON CONFLICT(vocabulary_id, scenario_id) DO UPDATE SET word = excluded.word, normalized_word = excluded.normalized_word, relevance = excluded.relevance;

UPDATE core_vocabulary SET word = 'staff', meaning_zh = '员工；全体职员', definition_en = 'the people who work for an organization', primary_part_of_speech = 'noun', phonetic_us = '/stæf/', phonetic_uk = '/stæf/', updated_at = CURRENT_TIMESTAMP WHERE id = 'staff';
UPDATE vocabulary_pronunciations SET phonetic = CASE accent WHEN 'us' THEN '/stæf/' WHEN 'uk' THEN '/stæf/' ELSE phonetic END, phonetic_source = 'manual-curation-pending-review', updated_at = CURRENT_TIMESTAMP WHERE vocabulary_id = 'staff' AND accent IN ('us', 'uk');
INSERT INTO vocabulary_senses (id, vocabulary_id, word, normalized_word, part_of_speech, meaning_zh, definition_en, usage_note, sense_order, level, publish_status, updated_at) VALUES ('staff-sense-1', 'staff', 'staff', 'staff', 'noun', '员工；全体职员', 'the people who work for an organization', 'Self-authored learner sense; pending review.', 1, NULL, 'active', CURRENT_TIMESTAMP) ON CONFLICT(id) DO UPDATE SET word = excluded.word, normalized_word = excluded.normalized_word, part_of_speech = excluded.part_of_speech, meaning_zh = excluded.meaning_zh, definition_en = excluded.definition_en, usage_note = excluded.usage_note, sense_order = excluded.sense_order, publish_status = excluded.publish_status, updated_at = CURRENT_TIMESTAMP;
INSERT INTO vocabulary_examples (id, vocabulary_id, word, normalized_word, sense_id, sentence_en, sentence_zh, source_type, source_ref, difficulty, example_order, publish_status, updated_at) VALUES ('staff-example-1', 'staff', 'staff', 'staff', 'staff-sense-1', 'The staff were very helpful.', '工作人员非常热心。', 'manual', 'top-500-public-content-v1-self-authored', 'easy', 1, 'active', CURRENT_TIMESTAMP) ON CONFLICT(id) DO UPDATE SET word = excluded.word, normalized_word = excluded.normalized_word, sense_id = excluded.sense_id, sentence_en = excluded.sentence_en, sentence_zh = excluded.sentence_zh, source_type = excluded.source_type, source_ref = excluded.source_ref, difficulty = excluded.difficulty, example_order = excluded.example_order, publish_status = excluded.publish_status, updated_at = CURRENT_TIMESTAMP;
INSERT INTO vocabulary_collocations (id, vocabulary_id, word, normalized_word, sense_id, phrase, normalized_phrase, meaning_zh, example_en, example_zh, collocation_type, sort_order, publish_status, updated_at) VALUES ('staff-collocation-1', 'staff', 'staff', 'staff', 'staff-sense-1', 'support staff', 'support staff', '', '', '', 'phrase', 1, 'active', CURRENT_TIMESTAMP) ON CONFLICT(id) DO UPDATE SET word = excluded.word, normalized_word = excluded.normalized_word, sense_id = excluded.sense_id, phrase = excluded.phrase, normalized_phrase = excluded.normalized_phrase, meaning_zh = excluded.meaning_zh, example_en = excluded.example_en, example_zh = excluded.example_zh, collocation_type = excluded.collocation_type, sort_order = excluded.sort_order, publish_status = excluded.publish_status, updated_at = CURRENT_TIMESTAMP;
INSERT INTO vocabulary_collocations (id, vocabulary_id, word, normalized_word, sense_id, phrase, normalized_phrase, meaning_zh, example_en, example_zh, collocation_type, sort_order, publish_status, updated_at) VALUES ('staff-collocation-2', 'staff', 'staff', 'staff', 'staff-sense-1', 'staff meeting', 'staff meeting', '', '', '', 'phrase', 2, 'active', CURRENT_TIMESTAMP) ON CONFLICT(id) DO UPDATE SET word = excluded.word, normalized_word = excluded.normalized_word, sense_id = excluded.sense_id, phrase = excluded.phrase, normalized_phrase = excluded.normalized_phrase, meaning_zh = excluded.meaning_zh, example_en = excluded.example_en, example_zh = excluded.example_zh, collocation_type = excluded.collocation_type, sort_order = excluded.sort_order, publish_status = excluded.publish_status, updated_at = CURRENT_TIMESTAMP;
INSERT INTO vocabulary_scenario_links (vocabulary_id, word, normalized_word, scenario_id, relevance, created_at) VALUES ('staff', 'staff', 'staff', 'work', 80, CURRENT_TIMESTAMP) ON CONFLICT(vocabulary_id, scenario_id) DO UPDATE SET word = excluded.word, normalized_word = excluded.normalized_word, relevance = excluded.relevance;

UPDATE core_vocabulary SET word = 'activity', meaning_zh = '活动', definition_en = 'something that people do, especially for interest or work', primary_part_of_speech = 'noun', phonetic_us = '/ækˈtɪvɪti/', phonetic_uk = '/ækˈtɪvɪti/', updated_at = CURRENT_TIMESTAMP WHERE id = 'activity';
UPDATE vocabulary_pronunciations SET phonetic = CASE accent WHEN 'us' THEN '/ækˈtɪvɪti/' WHEN 'uk' THEN '/ækˈtɪvɪti/' ELSE phonetic END, phonetic_source = 'manual-curation-pending-review', updated_at = CURRENT_TIMESTAMP WHERE vocabulary_id = 'activity' AND accent IN ('us', 'uk');
INSERT INTO vocabulary_senses (id, vocabulary_id, word, normalized_word, part_of_speech, meaning_zh, definition_en, usage_note, sense_order, level, publish_status, updated_at) VALUES ('activity-sense-1', 'activity', 'activity', 'activity', 'noun', '活动', 'something that people do, especially for interest or work', 'Self-authored learner sense; pending review.', 1, NULL, 'active', CURRENT_TIMESTAMP) ON CONFLICT(id) DO UPDATE SET word = excluded.word, normalized_word = excluded.normalized_word, part_of_speech = excluded.part_of_speech, meaning_zh = excluded.meaning_zh, definition_en = excluded.definition_en, usage_note = excluded.usage_note, sense_order = excluded.sense_order, publish_status = excluded.publish_status, updated_at = CURRENT_TIMESTAMP;
INSERT INTO vocabulary_examples (id, vocabulary_id, word, normalized_word, sense_id, sentence_en, sentence_zh, source_type, source_ref, difficulty, example_order, publish_status, updated_at) VALUES ('activity-example-1', 'activity', 'activity', 'activity', 'activity-sense-1', 'Reading is my favorite activity.', '阅读是我最喜欢的活动。', 'manual', 'top-500-public-content-v1-self-authored', 'easy', 1, 'active', CURRENT_TIMESTAMP) ON CONFLICT(id) DO UPDATE SET word = excluded.word, normalized_word = excluded.normalized_word, sense_id = excluded.sense_id, sentence_en = excluded.sentence_en, sentence_zh = excluded.sentence_zh, source_type = excluded.source_type, source_ref = excluded.source_ref, difficulty = excluded.difficulty, example_order = excluded.example_order, publish_status = excluded.publish_status, updated_at = CURRENT_TIMESTAMP;
INSERT INTO vocabulary_collocations (id, vocabulary_id, word, normalized_word, sense_id, phrase, normalized_phrase, meaning_zh, example_en, example_zh, collocation_type, sort_order, publish_status, updated_at) VALUES ('activity-collocation-1', 'activity', 'activity', 'activity', 'activity-sense-1', 'outdoor activity', 'outdoor activity', '', '', '', 'phrase', 1, 'active', CURRENT_TIMESTAMP) ON CONFLICT(id) DO UPDATE SET word = excluded.word, normalized_word = excluded.normalized_word, sense_id = excluded.sense_id, phrase = excluded.phrase, normalized_phrase = excluded.normalized_phrase, meaning_zh = excluded.meaning_zh, example_en = excluded.example_en, example_zh = excluded.example_zh, collocation_type = excluded.collocation_type, sort_order = excluded.sort_order, publish_status = excluded.publish_status, updated_at = CURRENT_TIMESTAMP;
INSERT INTO vocabulary_collocations (id, vocabulary_id, word, normalized_word, sense_id, phrase, normalized_phrase, meaning_zh, example_en, example_zh, collocation_type, sort_order, publish_status, updated_at) VALUES ('activity-collocation-2', 'activity', 'activity', 'activity', 'activity-sense-1', 'class activity', 'class activity', '', '', '', 'phrase', 2, 'active', CURRENT_TIMESTAMP) ON CONFLICT(id) DO UPDATE SET word = excluded.word, normalized_word = excluded.normalized_word, sense_id = excluded.sense_id, phrase = excluded.phrase, normalized_phrase = excluded.normalized_phrase, meaning_zh = excluded.meaning_zh, example_en = excluded.example_en, example_zh = excluded.example_zh, collocation_type = excluded.collocation_type, sort_order = excluded.sort_order, publish_status = excluded.publish_status, updated_at = CURRENT_TIMESTAMP;
INSERT INTO vocabulary_scenario_links (vocabulary_id, word, normalized_word, scenario_id, relevance, created_at) VALUES ('activity', 'activity', 'activity', 'daily', 80, CURRENT_TIMESTAMP) ON CONFLICT(vocabulary_id, scenario_id) DO UPDATE SET word = excluded.word, normalized_word = excluded.normalized_word, relevance = excluded.relevance;

UPDATE core_vocabulary SET word = 'film', meaning_zh = '电影', definition_en = 'a movie, or a thin layer of material', primary_part_of_speech = 'noun', phonetic_us = '/fɪlm/', phonetic_uk = '/fɪlm/', updated_at = CURRENT_TIMESTAMP WHERE id = 'film';
UPDATE vocabulary_pronunciations SET phonetic = CASE accent WHEN 'us' THEN '/fɪlm/' WHEN 'uk' THEN '/fɪlm/' ELSE phonetic END, phonetic_source = 'manual-curation-pending-review', updated_at = CURRENT_TIMESTAMP WHERE vocabulary_id = 'film' AND accent IN ('us', 'uk');
INSERT INTO vocabulary_senses (id, vocabulary_id, word, normalized_word, part_of_speech, meaning_zh, definition_en, usage_note, sense_order, level, publish_status, updated_at) VALUES ('film-sense-1', 'film', 'film', 'film', 'noun', '电影', 'a movie, or a thin layer of material', 'Self-authored learner sense; pending review.', 1, NULL, 'active', CURRENT_TIMESTAMP) ON CONFLICT(id) DO UPDATE SET word = excluded.word, normalized_word = excluded.normalized_word, part_of_speech = excluded.part_of_speech, meaning_zh = excluded.meaning_zh, definition_en = excluded.definition_en, usage_note = excluded.usage_note, sense_order = excluded.sense_order, publish_status = excluded.publish_status, updated_at = CURRENT_TIMESTAMP;
INSERT INTO vocabulary_examples (id, vocabulary_id, word, normalized_word, sense_id, sentence_en, sentence_zh, source_type, source_ref, difficulty, example_order, publish_status, updated_at) VALUES ('film-example-1', 'film', 'film', 'film', 'film-sense-1', 'We watched a film last night.', '我们昨晚看了一部电影。', 'manual', 'top-500-public-content-v1-self-authored', 'easy', 1, 'active', CURRENT_TIMESTAMP) ON CONFLICT(id) DO UPDATE SET word = excluded.word, normalized_word = excluded.normalized_word, sense_id = excluded.sense_id, sentence_en = excluded.sentence_en, sentence_zh = excluded.sentence_zh, source_type = excluded.source_type, source_ref = excluded.source_ref, difficulty = excluded.difficulty, example_order = excluded.example_order, publish_status = excluded.publish_status, updated_at = CURRENT_TIMESTAMP;
INSERT INTO vocabulary_collocations (id, vocabulary_id, word, normalized_word, sense_id, phrase, normalized_phrase, meaning_zh, example_en, example_zh, collocation_type, sort_order, publish_status, updated_at) VALUES ('film-collocation-1', 'film', 'film', 'film', 'film-sense-1', 'watch a film', 'watch a film', '', '', '', 'phrase', 1, 'active', CURRENT_TIMESTAMP) ON CONFLICT(id) DO UPDATE SET word = excluded.word, normalized_word = excluded.normalized_word, sense_id = excluded.sense_id, phrase = excluded.phrase, normalized_phrase = excluded.normalized_phrase, meaning_zh = excluded.meaning_zh, example_en = excluded.example_en, example_zh = excluded.example_zh, collocation_type = excluded.collocation_type, sort_order = excluded.sort_order, publish_status = excluded.publish_status, updated_at = CURRENT_TIMESTAMP;
INSERT INTO vocabulary_collocations (id, vocabulary_id, word, normalized_word, sense_id, phrase, normalized_phrase, meaning_zh, example_en, example_zh, collocation_type, sort_order, publish_status, updated_at) VALUES ('film-collocation-2', 'film', 'film', 'film', 'film-sense-1', 'short film', 'short film', '', '', '', 'phrase', 2, 'active', CURRENT_TIMESTAMP) ON CONFLICT(id) DO UPDATE SET word = excluded.word, normalized_word = excluded.normalized_word, sense_id = excluded.sense_id, phrase = excluded.phrase, normalized_phrase = excluded.normalized_phrase, meaning_zh = excluded.meaning_zh, example_en = excluded.example_en, example_zh = excluded.example_zh, collocation_type = excluded.collocation_type, sort_order = excluded.sort_order, publish_status = excluded.publish_status, updated_at = CURRENT_TIMESTAMP;
INSERT INTO vocabulary_scenario_links (vocabulary_id, word, normalized_word, scenario_id, relevance, created_at) VALUES ('film', 'film', 'film', 'daily', 80, CURRENT_TIMESTAMP) ON CONFLICT(vocabulary_id, scenario_id) DO UPDATE SET word = excluded.word, normalized_word = excluded.normalized_word, relevance = excluded.relevance;

UPDATE core_vocabulary SET word = 'morning', meaning_zh = '早晨', definition_en = 'the first part of the day', primary_part_of_speech = 'noun', phonetic_us = '/ˈmɔrnɪŋ/', phonetic_uk = '/ˈmɔrnɪŋ/', updated_at = CURRENT_TIMESTAMP WHERE id = 'morning';
UPDATE vocabulary_pronunciations SET phonetic = CASE accent WHEN 'us' THEN '/ˈmɔrnɪŋ/' WHEN 'uk' THEN '/ˈmɔrnɪŋ/' ELSE phonetic END, phonetic_source = 'manual-curation-pending-review', updated_at = CURRENT_TIMESTAMP WHERE vocabulary_id = 'morning' AND accent IN ('us', 'uk');
INSERT INTO vocabulary_senses (id, vocabulary_id, word, normalized_word, part_of_speech, meaning_zh, definition_en, usage_note, sense_order, level, publish_status, updated_at) VALUES ('morning-sense-1', 'morning', 'morning', 'morning', 'noun', '早晨', 'the first part of the day', 'Self-authored learner sense; pending review.', 1, NULL, 'active', CURRENT_TIMESTAMP) ON CONFLICT(id) DO UPDATE SET word = excluded.word, normalized_word = excluded.normalized_word, part_of_speech = excluded.part_of_speech, meaning_zh = excluded.meaning_zh, definition_en = excluded.definition_en, usage_note = excluded.usage_note, sense_order = excluded.sense_order, publish_status = excluded.publish_status, updated_at = CURRENT_TIMESTAMP;
INSERT INTO vocabulary_examples (id, vocabulary_id, word, normalized_word, sense_id, sentence_en, sentence_zh, source_type, source_ref, difficulty, example_order, publish_status, updated_at) VALUES ('morning-example-1', 'morning', 'morning', 'morning', 'morning-sense-1', 'I drink coffee every morning.', '我每天早上喝咖啡。', 'manual', 'top-500-public-content-v1-self-authored', 'easy', 1, 'active', CURRENT_TIMESTAMP) ON CONFLICT(id) DO UPDATE SET word = excluded.word, normalized_word = excluded.normalized_word, sense_id = excluded.sense_id, sentence_en = excluded.sentence_en, sentence_zh = excluded.sentence_zh, source_type = excluded.source_type, source_ref = excluded.source_ref, difficulty = excluded.difficulty, example_order = excluded.example_order, publish_status = excluded.publish_status, updated_at = CURRENT_TIMESTAMP;
INSERT INTO vocabulary_collocations (id, vocabulary_id, word, normalized_word, sense_id, phrase, normalized_phrase, meaning_zh, example_en, example_zh, collocation_type, sort_order, publish_status, updated_at) VALUES ('morning-collocation-1', 'morning', 'morning', 'morning', 'morning-sense-1', 'early morning', 'early morning', '', '', '', 'phrase', 1, 'active', CURRENT_TIMESTAMP) ON CONFLICT(id) DO UPDATE SET word = excluded.word, normalized_word = excluded.normalized_word, sense_id = excluded.sense_id, phrase = excluded.phrase, normalized_phrase = excluded.normalized_phrase, meaning_zh = excluded.meaning_zh, example_en = excluded.example_en, example_zh = excluded.example_zh, collocation_type = excluded.collocation_type, sort_order = excluded.sort_order, publish_status = excluded.publish_status, updated_at = CURRENT_TIMESTAMP;
INSERT INTO vocabulary_collocations (id, vocabulary_id, word, normalized_word, sense_id, phrase, normalized_phrase, meaning_zh, example_en, example_zh, collocation_type, sort_order, publish_status, updated_at) VALUES ('morning-collocation-2', 'morning', 'morning', 'morning', 'morning-sense-1', 'this morning', 'this morning', '', '', '', 'phrase', 2, 'active', CURRENT_TIMESTAMP) ON CONFLICT(id) DO UPDATE SET word = excluded.word, normalized_word = excluded.normalized_word, sense_id = excluded.sense_id, phrase = excluded.phrase, normalized_phrase = excluded.normalized_phrase, meaning_zh = excluded.meaning_zh, example_en = excluded.example_en, example_zh = excluded.example_zh, collocation_type = excluded.collocation_type, sort_order = excluded.sort_order, publish_status = excluded.publish_status, updated_at = CURRENT_TIMESTAMP;
INSERT INTO vocabulary_scenario_links (vocabulary_id, word, normalized_word, scenario_id, relevance, created_at) VALUES ('morning', 'morning', 'morning', 'time', 80, CURRENT_TIMESTAMP) ON CONFLICT(vocabulary_id, scenario_id) DO UPDATE SET word = excluded.word, normalized_word = excluded.normalized_word, relevance = excluded.relevance;

UPDATE core_vocabulary SET word = 'war', meaning_zh = '战争', definition_en = 'a period of fighting between countries or groups', primary_part_of_speech = 'noun', phonetic_us = '/wɔr/', phonetic_uk = '/wɔr/', updated_at = CURRENT_TIMESTAMP WHERE id = 'war';
UPDATE vocabulary_pronunciations SET phonetic = CASE accent WHEN 'us' THEN '/wɔr/' WHEN 'uk' THEN '/wɔr/' ELSE phonetic END, phonetic_source = 'manual-curation-pending-review', updated_at = CURRENT_TIMESTAMP WHERE vocabulary_id = 'war' AND accent IN ('us', 'uk');
INSERT INTO vocabulary_senses (id, vocabulary_id, word, normalized_word, part_of_speech, meaning_zh, definition_en, usage_note, sense_order, level, publish_status, updated_at) VALUES ('war-sense-1', 'war', 'war', 'war', 'noun', '战争', 'a period of fighting between countries or groups', 'Self-authored learner sense; pending review.', 1, NULL, 'active', CURRENT_TIMESTAMP) ON CONFLICT(id) DO UPDATE SET word = excluded.word, normalized_word = excluded.normalized_word, part_of_speech = excluded.part_of_speech, meaning_zh = excluded.meaning_zh, definition_en = excluded.definition_en, usage_note = excluded.usage_note, sense_order = excluded.sense_order, publish_status = excluded.publish_status, updated_at = CURRENT_TIMESTAMP;
INSERT INTO vocabulary_examples (id, vocabulary_id, word, normalized_word, sense_id, sentence_en, sentence_zh, source_type, source_ref, difficulty, example_order, publish_status, updated_at) VALUES ('war-example-1', 'war', 'war', 'war', 'war-sense-1', 'War brings many problems.', '战争带来很多问题。', 'manual', 'top-500-public-content-v1-self-authored', 'easy', 1, 'active', CURRENT_TIMESTAMP) ON CONFLICT(id) DO UPDATE SET word = excluded.word, normalized_word = excluded.normalized_word, sense_id = excluded.sense_id, sentence_en = excluded.sentence_en, sentence_zh = excluded.sentence_zh, source_type = excluded.source_type, source_ref = excluded.source_ref, difficulty = excluded.difficulty, example_order = excluded.example_order, publish_status = excluded.publish_status, updated_at = CURRENT_TIMESTAMP;
INSERT INTO vocabulary_collocations (id, vocabulary_id, word, normalized_word, sense_id, phrase, normalized_phrase, meaning_zh, example_en, example_zh, collocation_type, sort_order, publish_status, updated_at) VALUES ('war-collocation-1', 'war', 'war', 'war', 'war-sense-1', 'civil war', 'civil war', '', '', '', 'phrase', 1, 'active', CURRENT_TIMESTAMP) ON CONFLICT(id) DO UPDATE SET word = excluded.word, normalized_word = excluded.normalized_word, sense_id = excluded.sense_id, phrase = excluded.phrase, normalized_phrase = excluded.normalized_phrase, meaning_zh = excluded.meaning_zh, example_en = excluded.example_en, example_zh = excluded.example_zh, collocation_type = excluded.collocation_type, sort_order = excluded.sort_order, publish_status = excluded.publish_status, updated_at = CURRENT_TIMESTAMP;
INSERT INTO vocabulary_collocations (id, vocabulary_id, word, normalized_word, sense_id, phrase, normalized_phrase, meaning_zh, example_en, example_zh, collocation_type, sort_order, publish_status, updated_at) VALUES ('war-collocation-2', 'war', 'war', 'war', 'war-sense-1', 'war against', 'war against', '', '', '', 'phrase', 2, 'active', CURRENT_TIMESTAMP) ON CONFLICT(id) DO UPDATE SET word = excluded.word, normalized_word = excluded.normalized_word, sense_id = excluded.sense_id, phrase = excluded.phrase, normalized_phrase = excluded.normalized_phrase, meaning_zh = excluded.meaning_zh, example_en = excluded.example_en, example_zh = excluded.example_zh, collocation_type = excluded.collocation_type, sort_order = excluded.sort_order, publish_status = excluded.publish_status, updated_at = CURRENT_TIMESTAMP;
INSERT INTO vocabulary_scenario_links (vocabulary_id, word, normalized_word, scenario_id, relevance, created_at) VALUES ('war', 'war', 'war', 'thinking', 80, CURRENT_TIMESTAMP) ON CONFLICT(vocabulary_id, scenario_id) DO UPDATE SET word = excluded.word, normalized_word = excluded.normalized_word, relevance = excluded.relevance;

UPDATE core_vocabulary SET word = 'account', meaning_zh = '账户', definition_en = 'a record, report, or arrangement with a bank or website', primary_part_of_speech = 'noun', phonetic_us = '/əˈkaʊnt/', phonetic_uk = '/əˈkaʊnt/', updated_at = CURRENT_TIMESTAMP WHERE id = 'account';
UPDATE vocabulary_pronunciations SET phonetic = CASE accent WHEN 'us' THEN '/əˈkaʊnt/' WHEN 'uk' THEN '/əˈkaʊnt/' ELSE phonetic END, phonetic_source = 'manual-curation-pending-review', updated_at = CURRENT_TIMESTAMP WHERE vocabulary_id = 'account' AND accent IN ('us', 'uk');
INSERT INTO vocabulary_senses (id, vocabulary_id, word, normalized_word, part_of_speech, meaning_zh, definition_en, usage_note, sense_order, level, publish_status, updated_at) VALUES ('account-sense-1', 'account', 'account', 'account', 'noun', '账户', 'a record, report, or arrangement with a bank or website', 'Self-authored learner sense; pending review.', 1, NULL, 'active', CURRENT_TIMESTAMP) ON CONFLICT(id) DO UPDATE SET word = excluded.word, normalized_word = excluded.normalized_word, part_of_speech = excluded.part_of_speech, meaning_zh = excluded.meaning_zh, definition_en = excluded.definition_en, usage_note = excluded.usage_note, sense_order = excluded.sense_order, publish_status = excluded.publish_status, updated_at = CURRENT_TIMESTAMP;
INSERT INTO vocabulary_examples (id, vocabulary_id, word, normalized_word, sense_id, sentence_en, sentence_zh, source_type, source_ref, difficulty, example_order, publish_status, updated_at) VALUES ('account-example-1', 'account', 'account', 'account', 'account-sense-1', 'I created a new account.', '我创建了一个新账户。', 'manual', 'top-500-public-content-v1-self-authored', 'easy', 1, 'active', CURRENT_TIMESTAMP) ON CONFLICT(id) DO UPDATE SET word = excluded.word, normalized_word = excluded.normalized_word, sense_id = excluded.sense_id, sentence_en = excluded.sentence_en, sentence_zh = excluded.sentence_zh, source_type = excluded.source_type, source_ref = excluded.source_ref, difficulty = excluded.difficulty, example_order = excluded.example_order, publish_status = excluded.publish_status, updated_at = CURRENT_TIMESTAMP;
INSERT INTO vocabulary_collocations (id, vocabulary_id, word, normalized_word, sense_id, phrase, normalized_phrase, meaning_zh, example_en, example_zh, collocation_type, sort_order, publish_status, updated_at) VALUES ('account-collocation-1', 'account', 'account', 'account', 'account-sense-1', 'bank account', 'bank account', '', '', '', 'phrase', 1, 'active', CURRENT_TIMESTAMP) ON CONFLICT(id) DO UPDATE SET word = excluded.word, normalized_word = excluded.normalized_word, sense_id = excluded.sense_id, phrase = excluded.phrase, normalized_phrase = excluded.normalized_phrase, meaning_zh = excluded.meaning_zh, example_en = excluded.example_en, example_zh = excluded.example_zh, collocation_type = excluded.collocation_type, sort_order = excluded.sort_order, publish_status = excluded.publish_status, updated_at = CURRENT_TIMESTAMP;
INSERT INTO vocabulary_collocations (id, vocabulary_id, word, normalized_word, sense_id, phrase, normalized_phrase, meaning_zh, example_en, example_zh, collocation_type, sort_order, publish_status, updated_at) VALUES ('account-collocation-2', 'account', 'account', 'account', 'account-sense-1', 'user account', 'user account', '', '', '', 'phrase', 2, 'active', CURRENT_TIMESTAMP) ON CONFLICT(id) DO UPDATE SET word = excluded.word, normalized_word = excluded.normalized_word, sense_id = excluded.sense_id, phrase = excluded.phrase, normalized_phrase = excluded.normalized_phrase, meaning_zh = excluded.meaning_zh, example_en = excluded.example_en, example_zh = excluded.example_zh, collocation_type = excluded.collocation_type, sort_order = excluded.sort_order, publish_status = excluded.publish_status, updated_at = CURRENT_TIMESTAMP;
INSERT INTO vocabulary_scenario_links (vocabulary_id, word, normalized_word, scenario_id, relevance, created_at) VALUES ('account', 'account', 'account', 'work', 80, CURRENT_TIMESTAMP) ON CONFLICT(vocabulary_id, scenario_id) DO UPDATE SET word = excluded.word, normalized_word = excluded.normalized_word, relevance = excluded.relevance;

UPDATE core_vocabulary SET word = 'shop', meaning_zh = '商店', definition_en = 'a place where people buy things', primary_part_of_speech = 'noun', phonetic_us = '/ʃɑp/', phonetic_uk = '/ʃɑp/', updated_at = CURRENT_TIMESTAMP WHERE id = 'shop';
UPDATE vocabulary_pronunciations SET phonetic = CASE accent WHEN 'us' THEN '/ʃɑp/' WHEN 'uk' THEN '/ʃɑp/' ELSE phonetic END, phonetic_source = 'manual-curation-pending-review', updated_at = CURRENT_TIMESTAMP WHERE vocabulary_id = 'shop' AND accent IN ('us', 'uk');
INSERT INTO vocabulary_senses (id, vocabulary_id, word, normalized_word, part_of_speech, meaning_zh, definition_en, usage_note, sense_order, level, publish_status, updated_at) VALUES ('shop-sense-1', 'shop', 'shop', 'shop', 'noun', '商店', 'a place where people buy things', 'Self-authored learner sense; pending review.', 1, NULL, 'active', CURRENT_TIMESTAMP) ON CONFLICT(id) DO UPDATE SET word = excluded.word, normalized_word = excluded.normalized_word, part_of_speech = excluded.part_of_speech, meaning_zh = excluded.meaning_zh, definition_en = excluded.definition_en, usage_note = excluded.usage_note, sense_order = excluded.sense_order, publish_status = excluded.publish_status, updated_at = CURRENT_TIMESTAMP;
INSERT INTO vocabulary_examples (id, vocabulary_id, word, normalized_word, sense_id, sentence_en, sentence_zh, source_type, source_ref, difficulty, example_order, publish_status, updated_at) VALUES ('shop-example-1', 'shop', 'shop', 'shop', 'shop-sense-1', 'The shop closes at nine.', '这家商店九点关门。', 'manual', 'top-500-public-content-v1-self-authored', 'easy', 1, 'active', CURRENT_TIMESTAMP) ON CONFLICT(id) DO UPDATE SET word = excluded.word, normalized_word = excluded.normalized_word, sense_id = excluded.sense_id, sentence_en = excluded.sentence_en, sentence_zh = excluded.sentence_zh, source_type = excluded.source_type, source_ref = excluded.source_ref, difficulty = excluded.difficulty, example_order = excluded.example_order, publish_status = excluded.publish_status, updated_at = CURRENT_TIMESTAMP;
INSERT INTO vocabulary_collocations (id, vocabulary_id, word, normalized_word, sense_id, phrase, normalized_phrase, meaning_zh, example_en, example_zh, collocation_type, sort_order, publish_status, updated_at) VALUES ('shop-collocation-1', 'shop', 'shop', 'shop', 'shop-sense-1', 'coffee shop', 'coffee shop', '', '', '', 'phrase', 1, 'active', CURRENT_TIMESTAMP) ON CONFLICT(id) DO UPDATE SET word = excluded.word, normalized_word = excluded.normalized_word, sense_id = excluded.sense_id, phrase = excluded.phrase, normalized_phrase = excluded.normalized_phrase, meaning_zh = excluded.meaning_zh, example_en = excluded.example_en, example_zh = excluded.example_zh, collocation_type = excluded.collocation_type, sort_order = excluded.sort_order, publish_status = excluded.publish_status, updated_at = CURRENT_TIMESTAMP;
INSERT INTO vocabulary_collocations (id, vocabulary_id, word, normalized_word, sense_id, phrase, normalized_phrase, meaning_zh, example_en, example_zh, collocation_type, sort_order, publish_status, updated_at) VALUES ('shop-collocation-2', 'shop', 'shop', 'shop', 'shop-sense-1', 'shop online', 'shop online', '', '', '', 'phrase', 2, 'active', CURRENT_TIMESTAMP) ON CONFLICT(id) DO UPDATE SET word = excluded.word, normalized_word = excluded.normalized_word, sense_id = excluded.sense_id, phrase = excluded.phrase, normalized_phrase = excluded.normalized_phrase, meaning_zh = excluded.meaning_zh, example_en = excluded.example_en, example_zh = excluded.example_zh, collocation_type = excluded.collocation_type, sort_order = excluded.sort_order, publish_status = excluded.publish_status, updated_at = CURRENT_TIMESTAMP;
INSERT INTO vocabulary_scenario_links (vocabulary_id, word, normalized_word, scenario_id, relevance, created_at) VALUES ('shop', 'shop', 'shop', 'daily', 80, CURRENT_TIMESTAMP) ON CONFLICT(vocabulary_id, scenario_id) DO UPDATE SET word = excluded.word, normalized_word = excluded.normalized_word, relevance = excluded.relevance;

UPDATE core_vocabulary SET word = 'major', meaning_zh = '主要的；重要的', definition_en = 'important, large, or serious', primary_part_of_speech = 'adjective', phonetic_us = '/ˈmeɪʤər/', phonetic_uk = '/ˈmeɪʤər/', updated_at = CURRENT_TIMESTAMP WHERE id = 'major';
UPDATE vocabulary_pronunciations SET phonetic = CASE accent WHEN 'us' THEN '/ˈmeɪʤər/' WHEN 'uk' THEN '/ˈmeɪʤər/' ELSE phonetic END, phonetic_source = 'manual-curation-pending-review', updated_at = CURRENT_TIMESTAMP WHERE vocabulary_id = 'major' AND accent IN ('us', 'uk');
INSERT INTO vocabulary_senses (id, vocabulary_id, word, normalized_word, part_of_speech, meaning_zh, definition_en, usage_note, sense_order, level, publish_status, updated_at) VALUES ('major-sense-1', 'major', 'major', 'major', 'adjective', '主要的；重要的', 'important, large, or serious', 'Self-authored learner sense; pending review.', 1, NULL, 'active', CURRENT_TIMESTAMP) ON CONFLICT(id) DO UPDATE SET word = excluded.word, normalized_word = excluded.normalized_word, part_of_speech = excluded.part_of_speech, meaning_zh = excluded.meaning_zh, definition_en = excluded.definition_en, usage_note = excluded.usage_note, sense_order = excluded.sense_order, publish_status = excluded.publish_status, updated_at = CURRENT_TIMESTAMP;
INSERT INTO vocabulary_examples (id, vocabulary_id, word, normalized_word, sense_id, sentence_en, sentence_zh, source_type, source_ref, difficulty, example_order, publish_status, updated_at) VALUES ('major-example-1', 'major', 'major', 'major', 'major-sense-1', 'This is a major change.', '这是一个重大变化。', 'manual', 'top-500-public-content-v1-self-authored', 'easy', 1, 'active', CURRENT_TIMESTAMP) ON CONFLICT(id) DO UPDATE SET word = excluded.word, normalized_word = excluded.normalized_word, sense_id = excluded.sense_id, sentence_en = excluded.sentence_en, sentence_zh = excluded.sentence_zh, source_type = excluded.source_type, source_ref = excluded.source_ref, difficulty = excluded.difficulty, example_order = excluded.example_order, publish_status = excluded.publish_status, updated_at = CURRENT_TIMESTAMP;
INSERT INTO vocabulary_collocations (id, vocabulary_id, word, normalized_word, sense_id, phrase, normalized_phrase, meaning_zh, example_en, example_zh, collocation_type, sort_order, publish_status, updated_at) VALUES ('major-collocation-1', 'major', 'major', 'major', 'major-sense-1', 'major problem', 'major problem', '', '', '', 'phrase', 1, 'active', CURRENT_TIMESTAMP) ON CONFLICT(id) DO UPDATE SET word = excluded.word, normalized_word = excluded.normalized_word, sense_id = excluded.sense_id, phrase = excluded.phrase, normalized_phrase = excluded.normalized_phrase, meaning_zh = excluded.meaning_zh, example_en = excluded.example_en, example_zh = excluded.example_zh, collocation_type = excluded.collocation_type, sort_order = excluded.sort_order, publish_status = excluded.publish_status, updated_at = CURRENT_TIMESTAMP;
INSERT INTO vocabulary_collocations (id, vocabulary_id, word, normalized_word, sense_id, phrase, normalized_phrase, meaning_zh, example_en, example_zh, collocation_type, sort_order, publish_status, updated_at) VALUES ('major-collocation-2', 'major', 'major', 'major', 'major-sense-1', 'major change', 'major change', '', '', '', 'phrase', 2, 'active', CURRENT_TIMESTAMP) ON CONFLICT(id) DO UPDATE SET word = excluded.word, normalized_word = excluded.normalized_word, sense_id = excluded.sense_id, phrase = excluded.phrase, normalized_phrase = excluded.normalized_phrase, meaning_zh = excluded.meaning_zh, example_en = excluded.example_en, example_zh = excluded.example_zh, collocation_type = excluded.collocation_type, sort_order = excluded.sort_order, publish_status = excluded.publish_status, updated_at = CURRENT_TIMESTAMP;
INSERT INTO vocabulary_scenario_links (vocabulary_id, word, normalized_word, scenario_id, relevance, created_at) VALUES ('major', 'major', 'major', 'problem-solving', 80, CURRENT_TIMESTAMP) ON CONFLICT(vocabulary_id, scenario_id) DO UPDATE SET word = excluded.word, normalized_word = excluded.normalized_word, relevance = excluded.relevance;

UPDATE core_vocabulary SET word = 'someone', meaning_zh = '某人', definition_en = 'some person, but not a specific one', primary_part_of_speech = 'pronoun', phonetic_us = '/ˈsəmˌwən/', phonetic_uk = '/ˈsəmˌwən/', updated_at = CURRENT_TIMESTAMP WHERE id = 'someone';
UPDATE vocabulary_pronunciations SET phonetic = CASE accent WHEN 'us' THEN '/ˈsəmˌwən/' WHEN 'uk' THEN '/ˈsəmˌwən/' ELSE phonetic END, phonetic_source = 'manual-curation-pending-review', updated_at = CURRENT_TIMESTAMP WHERE vocabulary_id = 'someone' AND accent IN ('us', 'uk');
INSERT INTO vocabulary_senses (id, vocabulary_id, word, normalized_word, part_of_speech, meaning_zh, definition_en, usage_note, sense_order, level, publish_status, updated_at) VALUES ('someone-sense-1', 'someone', 'someone', 'someone', 'pronoun', '某人', 'some person, but not a specific one', 'Self-authored learner sense; pending review.', 1, NULL, 'active', CURRENT_TIMESTAMP) ON CONFLICT(id) DO UPDATE SET word = excluded.word, normalized_word = excluded.normalized_word, part_of_speech = excluded.part_of_speech, meaning_zh = excluded.meaning_zh, definition_en = excluded.definition_en, usage_note = excluded.usage_note, sense_order = excluded.sense_order, publish_status = excluded.publish_status, updated_at = CURRENT_TIMESTAMP;
INSERT INTO vocabulary_examples (id, vocabulary_id, word, normalized_word, sense_id, sentence_en, sentence_zh, source_type, source_ref, difficulty, example_order, publish_status, updated_at) VALUES ('someone-example-1', 'someone', 'someone', 'someone', 'someone-sense-1', 'Someone left a bag here.', '有人把包落在这里了。', 'manual', 'top-500-public-content-v1-self-authored', 'easy', 1, 'active', CURRENT_TIMESTAMP) ON CONFLICT(id) DO UPDATE SET word = excluded.word, normalized_word = excluded.normalized_word, sense_id = excluded.sense_id, sentence_en = excluded.sentence_en, sentence_zh = excluded.sentence_zh, source_type = excluded.source_type, source_ref = excluded.source_ref, difficulty = excluded.difficulty, example_order = excluded.example_order, publish_status = excluded.publish_status, updated_at = CURRENT_TIMESTAMP;
INSERT INTO vocabulary_scenario_links (vocabulary_id, word, normalized_word, scenario_id, relevance, created_at) VALUES ('someone', 'someone', 'someone', 'problem-solving', 80, CURRENT_TIMESTAMP) ON CONFLICT(vocabulary_id, scenario_id) DO UPDATE SET word = excluded.word, normalized_word = excluded.normalized_word, relevance = excluded.relevance;

UPDATE core_vocabulary SET word = 'above', meaning_zh = '在……上方', definition_en = 'in or to a higher place', primary_part_of_speech = 'preposition', phonetic_us = '/əˈbəv/', phonetic_uk = '/əˈbəv/', updated_at = CURRENT_TIMESTAMP WHERE id = 'above';
UPDATE vocabulary_pronunciations SET phonetic = CASE accent WHEN 'us' THEN '/əˈbəv/' WHEN 'uk' THEN '/əˈbəv/' ELSE phonetic END, phonetic_source = 'manual-curation-pending-review', updated_at = CURRENT_TIMESTAMP WHERE vocabulary_id = 'above' AND accent IN ('us', 'uk');
INSERT INTO vocabulary_senses (id, vocabulary_id, word, normalized_word, part_of_speech, meaning_zh, definition_en, usage_note, sense_order, level, publish_status, updated_at) VALUES ('above-sense-1', 'above', 'above', 'above', 'preposition', '在……上方', 'in or to a higher place', 'Self-authored learner sense; pending review.', 1, NULL, 'active', CURRENT_TIMESTAMP) ON CONFLICT(id) DO UPDATE SET word = excluded.word, normalized_word = excluded.normalized_word, part_of_speech = excluded.part_of_speech, meaning_zh = excluded.meaning_zh, definition_en = excluded.definition_en, usage_note = excluded.usage_note, sense_order = excluded.sense_order, publish_status = excluded.publish_status, updated_at = CURRENT_TIMESTAMP;
INSERT INTO vocabulary_examples (id, vocabulary_id, word, normalized_word, sense_id, sentence_en, sentence_zh, source_type, source_ref, difficulty, example_order, publish_status, updated_at) VALUES ('above-example-1', 'above', 'above', 'above', 'above-sense-1', 'The picture is above the desk.', '图片在桌子上方。', 'manual', 'top-500-public-content-v1-self-authored', 'easy', 1, 'active', CURRENT_TIMESTAMP) ON CONFLICT(id) DO UPDATE SET word = excluded.word, normalized_word = excluded.normalized_word, sense_id = excluded.sense_id, sentence_en = excluded.sentence_en, sentence_zh = excluded.sentence_zh, source_type = excluded.source_type, source_ref = excluded.source_ref, difficulty = excluded.difficulty, example_order = excluded.example_order, publish_status = excluded.publish_status, updated_at = CURRENT_TIMESTAMP;
INSERT INTO vocabulary_collocations (id, vocabulary_id, word, normalized_word, sense_id, phrase, normalized_phrase, meaning_zh, example_en, example_zh, collocation_type, sort_order, publish_status, updated_at) VALUES ('above-collocation-1', 'above', 'above', 'above', 'above-sense-1', 'above the desk', 'above the desk', '', '', '', 'phrase', 1, 'active', CURRENT_TIMESTAMP) ON CONFLICT(id) DO UPDATE SET word = excluded.word, normalized_word = excluded.normalized_word, sense_id = excluded.sense_id, phrase = excluded.phrase, normalized_phrase = excluded.normalized_phrase, meaning_zh = excluded.meaning_zh, example_en = excluded.example_en, example_zh = excluded.example_zh, collocation_type = excluded.collocation_type, sort_order = excluded.sort_order, publish_status = excluded.publish_status, updated_at = CURRENT_TIMESTAMP;
INSERT INTO vocabulary_collocations (id, vocabulary_id, word, normalized_word, sense_id, phrase, normalized_phrase, meaning_zh, example_en, example_zh, collocation_type, sort_order, publish_status, updated_at) VALUES ('above-collocation-2', 'above', 'above', 'above', 'above-sense-1', 'above all', 'above all', '', '', '', 'phrase', 2, 'active', CURRENT_TIMESTAMP) ON CONFLICT(id) DO UPDATE SET word = excluded.word, normalized_word = excluded.normalized_word, sense_id = excluded.sense_id, phrase = excluded.phrase, normalized_phrase = excluded.normalized_phrase, meaning_zh = excluded.meaning_zh, example_en = excluded.example_en, example_zh = excluded.example_zh, collocation_type = excluded.collocation_type, sort_order = excluded.sort_order, publish_status = excluded.publish_status, updated_at = CURRENT_TIMESTAMP;
INSERT INTO vocabulary_scenario_links (vocabulary_id, word, normalized_word, scenario_id, relevance, created_at) VALUES ('above', 'above', 'above', 'problem-solving', 80, CURRENT_TIMESTAMP) ON CONFLICT(vocabulary_id, scenario_id) DO UPDATE SET word = excluded.word, normalized_word = excluded.normalized_word, relevance = excluded.relevance;
