-- Top 1000 public vocabulary content v1, part 25.
-- Self-authored learner definitions and examples for words 981-1000.
-- Phonetics are bootstrap IPA values and remain tracked for manual review.

UPDATE core_vocabulary SET word = 'version', meaning_zh = 'ÁČąśú¨', definition_en = 'a particular form of something', primary_part_of_speech = 'noun', phonetic_us = '/ňąv…Ě í…ôn/', phonetic_uk = '/ňąv…Ě í…ôn/', updated_at = CURRENT_TIMESTAMP WHERE id = 'version';
UPDATE vocabulary_pronunciations SET phonetic = CASE accent WHEN 'us' THEN '/ňąv…Ě í…ôn/' WHEN 'uk' THEN '/ňąv…Ě í…ôn/' ELSE phonetic END, phonetic_source = 'manual-curation-pending-review', updated_at = CURRENT_TIMESTAMP WHERE vocabulary_id = 'version' AND accent IN ('us', 'uk');
INSERT INTO vocabulary_senses (id, vocabulary_id, word, normalized_word, part_of_speech, meaning_zh, definition_en, usage_note, sense_order, level, publish_status, updated_at) VALUES ('version-sense-1', 'version', 'version', 'version', 'noun', 'ÁČąśú¨', 'a particular form of something', 'Self-authored learner sense; pending review.', 1, NULL, 'active', CURRENT_TIMESTAMP) ON CONFLICT(id) DO UPDATE SET word = excluded.word, normalized_word = excluded.normalized_word, part_of_speech = excluded.part_of_speech, meaning_zh = excluded.meaning_zh, definition_en = excluded.definition_en, usage_note = excluded.usage_note, sense_order = excluded.sense_order, publish_status = excluded.publish_status, updated_at = CURRENT_TIMESTAMP;
INSERT INTO vocabulary_examples (id, vocabulary_id, word, normalized_word, sense_id, sentence_en, sentence_zh, source_type, source_ref, difficulty, example_order, publish_status, updated_at) VALUES ('version-example-1', 'version', 'version', 'version', 'version-sense-1', 'This is the newest version.', 'ŤŅôśėĮśúÄśĖįÁČąśú¨„Äā', 'manual', 'top-1000-public-content-v1-self-authored', 'easy', 1, 'active', CURRENT_TIMESTAMP) ON CONFLICT(id) DO UPDATE SET word = excluded.word, normalized_word = excluded.normalized_word, sense_id = excluded.sense_id, sentence_en = excluded.sentence_en, sentence_zh = excluded.sentence_zh, source_type = excluded.source_type, source_ref = excluded.source_ref, difficulty = excluded.difficulty, example_order = excluded.example_order, publish_status = excluded.publish_status, updated_at = CURRENT_TIMESTAMP;
INSERT INTO vocabulary_scenario_links (vocabulary_id, word, normalized_word, scenario_id, relevance, created_at) VALUES ('version', 'version', 'version', 'problem-solving', 80, CURRENT_TIMESTAMP) ON CONFLICT(vocabulary_id, scenario_id) DO UPDATE SET word = excluded.word, normalized_word = excluded.normalized_word, relevance = excluded.relevance;

UPDATE core_vocabulary SET word = 'conversation', meaning_zh = 'šľöŤĮĚÔľõšļ§Ťįą', definition_en = 'a talk between two or more people', primary_part_of_speech = 'noun', phonetic_us = '/ňĆk…Ďnv…ösňąe…™ É…ôn/', phonetic_uk = '/ňĆk…Ďnv…ösňąe…™ É…ôn/', updated_at = CURRENT_TIMESTAMP WHERE id = 'conversation';
UPDATE vocabulary_pronunciations SET phonetic = CASE accent WHEN 'us' THEN '/ňĆk…Ďnv…ösňąe…™ É…ôn/' WHEN 'uk' THEN '/ňĆk…Ďnv…ösňąe…™ É…ôn/' ELSE phonetic END, phonetic_source = 'manual-curation-pending-review', updated_at = CURRENT_TIMESTAMP WHERE vocabulary_id = 'conversation' AND accent IN ('us', 'uk');
INSERT INTO vocabulary_senses (id, vocabulary_id, word, normalized_word, part_of_speech, meaning_zh, definition_en, usage_note, sense_order, level, publish_status, updated_at) VALUES ('conversation-sense-1', 'conversation', 'conversation', 'conversation', 'noun', 'šľöŤĮĚÔľõšļ§Ťįą', 'a talk between two or more people', 'Self-authored learner sense; pending review.', 1, NULL, 'active', CURRENT_TIMESTAMP) ON CONFLICT(id) DO UPDATE SET word = excluded.word, normalized_word = excluded.normalized_word, part_of_speech = excluded.part_of_speech, meaning_zh = excluded.meaning_zh, definition_en = excluded.definition_en, usage_note = excluded.usage_note, sense_order = excluded.sense_order, publish_status = excluded.publish_status, updated_at = CURRENT_TIMESTAMP;
INSERT INTO vocabulary_examples (id, vocabulary_id, word, normalized_word, sense_id, sentence_en, sentence_zh, source_type, source_ref, difficulty, example_order, publish_status, updated_at) VALUES ('conversation-example-1', 'conversation', 'conversation', 'conversation', 'conversation-sense-1', 'We had a short conversation.', 'śąĎšĽ¨ŤŅõŤ°ĆšļÜšłÄś¨°ÁģÄÁü≠šļ§Ťįą„Äā', 'manual', 'top-1000-public-content-v1-self-authored', 'easy', 1, 'active', CURRENT_TIMESTAMP) ON CONFLICT(id) DO UPDATE SET word = excluded.word, normalized_word = excluded.normalized_word, sense_id = excluded.sense_id, sentence_en = excluded.sentence_en, sentence_zh = excluded.sentence_zh, source_type = excluded.source_type, source_ref = excluded.source_ref, difficulty = excluded.difficulty, example_order = excluded.example_order, publish_status = excluded.publish_status, updated_at = CURRENT_TIMESTAMP;
INSERT INTO vocabulary_scenario_links (vocabulary_id, word, normalized_word, scenario_id, relevance, created_at) VALUES ('conversation', 'conversation', 'conversation', 'communication', 80, CURRENT_TIMESTAMP) ON CONFLICT(vocabulary_id, scenario_id) DO UPDATE SET word = excluded.word, normalized_word = excluded.normalized_word, relevance = excluded.relevance;

UPDATE core_vocabulary SET word = 'somebody', meaning_zh = 'śüźšļļ', definition_en = 'some person', primary_part_of_speech = 'pronoun', phonetic_us = '/ňąs ĆmbňĆ…Ďdiňź/', phonetic_uk = '/ňąs ĆmbňĆ…Ďdiňź/', updated_at = CURRENT_TIMESTAMP WHERE id = 'somebody';
UPDATE vocabulary_pronunciations SET phonetic = CASE accent WHEN 'us' THEN '/ňąs ĆmbňĆ…Ďdiňź/' WHEN 'uk' THEN '/ňąs ĆmbňĆ…Ďdiňź/' ELSE phonetic END, phonetic_source = 'manual-curation-pending-review', updated_at = CURRENT_TIMESTAMP WHERE vocabulary_id = 'somebody' AND accent IN ('us', 'uk');
INSERT INTO vocabulary_senses (id, vocabulary_id, word, normalized_word, part_of_speech, meaning_zh, definition_en, usage_note, sense_order, level, publish_status, updated_at) VALUES ('somebody-sense-1', 'somebody', 'somebody', 'somebody', 'pronoun', 'śüźšļļ', 'some person', 'Self-authored learner sense; pending review.', 1, NULL, 'active', CURRENT_TIMESTAMP) ON CONFLICT(id) DO UPDATE SET word = excluded.word, normalized_word = excluded.normalized_word, part_of_speech = excluded.part_of_speech, meaning_zh = excluded.meaning_zh, definition_en = excluded.definition_en, usage_note = excluded.usage_note, sense_order = excluded.sense_order, publish_status = excluded.publish_status, updated_at = CURRENT_TIMESTAMP;
INSERT INTO vocabulary_examples (id, vocabulary_id, word, normalized_word, sense_id, sentence_en, sentence_zh, source_type, source_ref, difficulty, example_order, publish_status, updated_at) VALUES ('somebody-example-1', 'somebody', 'somebody', 'somebody', 'somebody-sense-1', 'Somebody left a bag here.', 'śúČšļļśääŚĆÖŤźĹŚú®ŤŅôťáĆšļÜ„Äā', 'manual', 'top-1000-public-content-v1-self-authored', 'easy', 1, 'active', CURRENT_TIMESTAMP) ON CONFLICT(id) DO UPDATE SET word = excluded.word, normalized_word = excluded.normalized_word, sense_id = excluded.sense_id, sentence_en = excluded.sentence_en, sentence_zh = excluded.sentence_zh, source_type = excluded.source_type, source_ref = excluded.source_ref, difficulty = excluded.difficulty, example_order = excluded.example_order, publish_status = excluded.publish_status, updated_at = CURRENT_TIMESTAMP;
INSERT INTO vocabulary_scenario_links (vocabulary_id, word, normalized_word, scenario_id, relevance, created_at) VALUES ('somebody', 'somebody', 'somebody', 'problem-solving', 80, CURRENT_TIMESTAMP) ON CONFLICT(vocabulary_id, scenario_id) DO UPDATE SET word = excluded.word, normalized_word = excluded.normalized_word, relevance = excluded.relevance;

UPDATE core_vocabulary SET word = 'pound', meaning_zh = 'Á£Ö', definition_en = 'a unit of weight or British money', primary_part_of_speech = 'noun', phonetic_us = '/pa änd/', phonetic_uk = '/pa änd/', updated_at = CURRENT_TIMESTAMP WHERE id = 'pound';
UPDATE vocabulary_pronunciations SET phonetic = CASE accent WHEN 'us' THEN '/pa änd/' WHEN 'uk' THEN '/pa änd/' ELSE phonetic END, phonetic_source = 'manual-curation-pending-review', updated_at = CURRENT_TIMESTAMP WHERE vocabulary_id = 'pound' AND accent IN ('us', 'uk');
INSERT INTO vocabulary_senses (id, vocabulary_id, word, normalized_word, part_of_speech, meaning_zh, definition_en, usage_note, sense_order, level, publish_status, updated_at) VALUES ('pound-sense-1', 'pound', 'pound', 'pound', 'noun', 'Á£Ö', 'a unit of weight or British money', 'Self-authored learner sense; pending review.', 1, NULL, 'active', CURRENT_TIMESTAMP) ON CONFLICT(id) DO UPDATE SET word = excluded.word, normalized_word = excluded.normalized_word, part_of_speech = excluded.part_of_speech, meaning_zh = excluded.meaning_zh, definition_en = excluded.definition_en, usage_note = excluded.usage_note, sense_order = excluded.sense_order, publish_status = excluded.publish_status, updated_at = CURRENT_TIMESTAMP;
INSERT INTO vocabulary_examples (id, vocabulary_id, word, normalized_word, sense_id, sentence_en, sentence_zh, source_type, source_ref, difficulty, example_order, publish_status, updated_at) VALUES ('pound-example-1', 'pound', 'pound', 'pound', 'pound-sense-1', 'The bag weighs one pound.', 'ŤŅôšł™ŚĆÖťáćšłÄÁ£Ö„Äā', 'manual', 'top-1000-public-content-v1-self-authored', 'easy', 1, 'active', CURRENT_TIMESTAMP) ON CONFLICT(id) DO UPDATE SET word = excluded.word, normalized_word = excluded.normalized_word, sense_id = excluded.sense_id, sentence_en = excluded.sentence_en, sentence_zh = excluded.sentence_zh, source_type = excluded.source_type, source_ref = excluded.source_ref, difficulty = excluded.difficulty, example_order = excluded.example_order, publish_status = excluded.publish_status, updated_at = CURRENT_TIMESTAMP;
INSERT INTO vocabulary_scenario_links (vocabulary_id, word, normalized_word, scenario_id, relevance, created_at) VALUES ('pound', 'pound', 'pound', 'problem-solving', 80, CURRENT_TIMESTAMP) ON CONFLICT(vocabulary_id, scenario_id) DO UPDATE SET word = excluded.word, normalized_word = excluded.normalized_word, relevance = excluded.relevance;

UPDATE core_vocabulary SET word = 'magazine', meaning_zh = 'śĚāŚŅó', definition_en = 'a publication with articles and pictures', primary_part_of_speech = 'noun', phonetic_us = '/ňąm√¶…°…ôzňĆiňźn/', phonetic_uk = '/ňąm√¶…°…ôzňĆiňźn/', updated_at = CURRENT_TIMESTAMP WHERE id = 'magazine';
UPDATE vocabulary_pronunciations SET phonetic = CASE accent WHEN 'us' THEN '/ňąm√¶…°…ôzňĆiňźn/' WHEN 'uk' THEN '/ňąm√¶…°…ôzňĆiňźn/' ELSE phonetic END, phonetic_source = 'manual-curation-pending-review', updated_at = CURRENT_TIMESTAMP WHERE vocabulary_id = 'magazine' AND accent IN ('us', 'uk');
INSERT INTO vocabulary_senses (id, vocabulary_id, word, normalized_word, part_of_speech, meaning_zh, definition_en, usage_note, sense_order, level, publish_status, updated_at) VALUES ('magazine-sense-1', 'magazine', 'magazine', 'magazine', 'noun', 'śĚāŚŅó', 'a publication with articles and pictures', 'Self-authored learner sense; pending review.', 1, NULL, 'active', CURRENT_TIMESTAMP) ON CONFLICT(id) DO UPDATE SET word = excluded.word, normalized_word = excluded.normalized_word, part_of_speech = excluded.part_of_speech, meaning_zh = excluded.meaning_zh, definition_en = excluded.definition_en, usage_note = excluded.usage_note, sense_order = excluded.sense_order, publish_status = excluded.publish_status, updated_at = CURRENT_TIMESTAMP;
INSERT INTO vocabulary_examples (id, vocabulary_id, word, normalized_word, sense_id, sentence_en, sentence_zh, source_type, source_ref, difficulty, example_order, publish_status, updated_at) VALUES ('magazine-example-1', 'magazine', 'magazine', 'magazine', 'magazine-sense-1', 'She reads a travel magazine.', 'Ś•ĻŤĮĽšłÄśú¨śóÖśłłśĚāŚŅó„Äā', 'manual', 'top-1000-public-content-v1-self-authored', 'easy', 1, 'active', CURRENT_TIMESTAMP) ON CONFLICT(id) DO UPDATE SET word = excluded.word, normalized_word = excluded.normalized_word, sense_id = excluded.sense_id, sentence_en = excluded.sentence_en, sentence_zh = excluded.sentence_zh, source_type = excluded.source_type, source_ref = excluded.source_ref, difficulty = excluded.difficulty, example_order = excluded.example_order, publish_status = excluded.publish_status, updated_at = CURRENT_TIMESTAMP;
INSERT INTO vocabulary_scenario_links (vocabulary_id, word, normalized_word, scenario_id, relevance, created_at) VALUES ('magazine', 'magazine', 'magazine', 'daily', 80, CURRENT_TIMESTAMP) ON CONFLICT(vocabulary_id, scenario_id) DO UPDATE SET word = excluded.word, normalized_word = excluded.normalized_word, relevance = excluded.relevance;

UPDATE core_vocabulary SET word = 'shape', meaning_zh = 'ŚĹĘÁä∂', definition_en = 'the outer form of something', primary_part_of_speech = 'noun', phonetic_us = '/ Ée…™p/', phonetic_uk = '/ Ée…™p/', updated_at = CURRENT_TIMESTAMP WHERE id = 'shape';
UPDATE vocabulary_pronunciations SET phonetic = CASE accent WHEN 'us' THEN '/ Ée…™p/' WHEN 'uk' THEN '/ Ée…™p/' ELSE phonetic END, phonetic_source = 'manual-curation-pending-review', updated_at = CURRENT_TIMESTAMP WHERE vocabulary_id = 'shape' AND accent IN ('us', 'uk');
INSERT INTO vocabulary_senses (id, vocabulary_id, word, normalized_word, part_of_speech, meaning_zh, definition_en, usage_note, sense_order, level, publish_status, updated_at) VALUES ('shape-sense-1', 'shape', 'shape', 'shape', 'noun', 'ŚĹĘÁä∂', 'the outer form of something', 'Self-authored learner sense; pending review.', 1, NULL, 'active', CURRENT_TIMESTAMP) ON CONFLICT(id) DO UPDATE SET word = excluded.word, normalized_word = excluded.normalized_word, part_of_speech = excluded.part_of_speech, meaning_zh = excluded.meaning_zh, definition_en = excluded.definition_en, usage_note = excluded.usage_note, sense_order = excluded.sense_order, publish_status = excluded.publish_status, updated_at = CURRENT_TIMESTAMP;
INSERT INTO vocabulary_examples (id, vocabulary_id, word, normalized_word, sense_id, sentence_en, sentence_zh, source_type, source_ref, difficulty, example_order, publish_status, updated_at) VALUES ('shape-example-1', 'shape', 'shape', 'shape', 'shape-sense-1', 'The table has a strange shape.', 'ŤŅôŚľ†ś°ĆŚ≠źÁöĄŚĹĘÁä∂ŚĺąŚ•áśÄ™„Äā', 'manual', 'top-1000-public-content-v1-self-authored', 'easy', 1, 'active', CURRENT_TIMESTAMP) ON CONFLICT(id) DO UPDATE SET word = excluded.word, normalized_word = excluded.normalized_word, sense_id = excluded.sense_id, sentence_en = excluded.sentence_en, sentence_zh = excluded.sentence_zh, source_type = excluded.source_type, source_ref = excluded.source_ref, difficulty = excluded.difficulty, example_order = excluded.example_order, publish_status = excluded.publish_status, updated_at = CURRENT_TIMESTAMP;
INSERT INTO vocabulary_scenario_links (vocabulary_id, word, normalized_word, scenario_id, relevance, created_at) VALUES ('shape', 'shape', 'shape', 'problem-solving', 80, CURRENT_TIMESTAMP) ON CONFLICT(vocabulary_id, scenario_id) DO UPDATE SET word = excluded.word, normalized_word = excluded.normalized_word, relevance = excluded.relevance;

UPDATE core_vocabulary SET word = 'sea', meaning_zh = 'śĶ∑śīč', definition_en = 'a large area of salt water', primary_part_of_speech = 'noun', phonetic_us = '/siňź/', phonetic_uk = '/siňź/', updated_at = CURRENT_TIMESTAMP WHERE id = 'sea';
UPDATE vocabulary_pronunciations SET phonetic = CASE accent WHEN 'us' THEN '/siňź/' WHEN 'uk' THEN '/siňź/' ELSE phonetic END, phonetic_source = 'manual-curation-pending-review', updated_at = CURRENT_TIMESTAMP WHERE vocabulary_id = 'sea' AND accent IN ('us', 'uk');
INSERT INTO vocabulary_senses (id, vocabulary_id, word, normalized_word, part_of_speech, meaning_zh, definition_en, usage_note, sense_order, level, publish_status, updated_at) VALUES ('sea-sense-1', 'sea', 'sea', 'sea', 'noun', 'śĶ∑śīč', 'a large area of salt water', 'Self-authored learner sense; pending review.', 1, NULL, 'active', CURRENT_TIMESTAMP) ON CONFLICT(id) DO UPDATE SET word = excluded.word, normalized_word = excluded.normalized_word, part_of_speech = excluded.part_of_speech, meaning_zh = excluded.meaning_zh, definition_en = excluded.definition_en, usage_note = excluded.usage_note, sense_order = excluded.sense_order, publish_status = excluded.publish_status, updated_at = CURRENT_TIMESTAMP;
INSERT INTO vocabulary_examples (id, vocabulary_id, word, normalized_word, sense_id, sentence_en, sentence_zh, source_type, source_ref, difficulty, example_order, publish_status, updated_at) VALUES ('sea-example-1', 'sea', 'sea', 'sea', 'sea-sense-1', 'The village is near the sea.', 'ŤŅôšł™śĚĎŚļĄťĚ†śĶ∑„Äā', 'manual', 'top-1000-public-content-v1-self-authored', 'easy', 1, 'active', CURRENT_TIMESTAMP) ON CONFLICT(id) DO UPDATE SET word = excluded.word, normalized_word = excluded.normalized_word, sense_id = excluded.sense_id, sentence_en = excluded.sentence_en, sentence_zh = excluded.sentence_zh, source_type = excluded.source_type, source_ref = excluded.source_ref, difficulty = excluded.difficulty, example_order = excluded.example_order, publish_status = excluded.publish_status, updated_at = CURRENT_TIMESTAMP;
INSERT INTO vocabulary_scenario_links (vocabulary_id, word, normalized_word, scenario_id, relevance, created_at) VALUES ('sea', 'sea', 'sea', 'daily', 80, CURRENT_TIMESTAMP) ON CONFLICT(vocabulary_id, scenario_id) DO UPDATE SET word = excluded.word, normalized_word = excluded.normalized_word, relevance = excluded.relevance;

UPDATE core_vocabulary SET word = 'immediately', meaning_zh = 'ÁęčŚć≥Śúį', definition_en = 'without delay', primary_part_of_speech = 'adverb', phonetic_us = '/ňĆ…™mňąiňźdňĆiňź…ôtliňź/', phonetic_uk = '/ňĆ…™mňąiňźdňĆiňź…ôtliňź/', updated_at = CURRENT_TIMESTAMP WHERE id = 'immediately';
UPDATE vocabulary_pronunciations SET phonetic = CASE accent WHEN 'us' THEN '/ňĆ…™mňąiňźdňĆiňź…ôtliňź/' WHEN 'uk' THEN '/ňĆ…™mňąiňźdňĆiňź…ôtliňź/' ELSE phonetic END, phonetic_source = 'manual-curation-pending-review', updated_at = CURRENT_TIMESTAMP WHERE vocabulary_id = 'immediately' AND accent IN ('us', 'uk');
INSERT INTO vocabulary_senses (id, vocabulary_id, word, normalized_word, part_of_speech, meaning_zh, definition_en, usage_note, sense_order, level, publish_status, updated_at) VALUES ('immediately-sense-1', 'immediately', 'immediately', 'immediately', 'adverb', 'ÁęčŚć≥Śúį', 'without delay', 'Self-authored learner sense; pending review.', 1, NULL, 'active', CURRENT_TIMESTAMP) ON CONFLICT(id) DO UPDATE SET word = excluded.word, normalized_word = excluded.normalized_word, part_of_speech = excluded.part_of_speech, meaning_zh = excluded.meaning_zh, definition_en = excluded.definition_en, usage_note = excluded.usage_note, sense_order = excluded.sense_order, publish_status = excluded.publish_status, updated_at = CURRENT_TIMESTAMP;
INSERT INTO vocabulary_examples (id, vocabulary_id, word, normalized_word, sense_id, sentence_en, sentence_zh, source_type, source_ref, difficulty, example_order, publish_status, updated_at) VALUES ('immediately-example-1', 'immediately', 'immediately', 'immediately', 'immediately-sense-1', 'Please call me immediately.', 'ŤĮ∑ť©¨šłäÁĽôśąĎśČďÁĒĶŤĮĚ„Äā', 'manual', 'top-1000-public-content-v1-self-authored', 'easy', 1, 'active', CURRENT_TIMESTAMP) ON CONFLICT(id) DO UPDATE SET word = excluded.word, normalized_word = excluded.normalized_word, sense_id = excluded.sense_id, sentence_en = excluded.sentence_en, sentence_zh = excluded.sentence_zh, source_type = excluded.source_type, source_ref = excluded.source_ref, difficulty = excluded.difficulty, example_order = excluded.example_order, publish_status = excluded.publish_status, updated_at = CURRENT_TIMESTAMP;
INSERT INTO vocabulary_scenario_links (vocabulary_id, word, normalized_word, scenario_id, relevance, created_at) VALUES ('immediately', 'immediately', 'immediately', 'time', 80, CURRENT_TIMESTAMP) ON CONFLICT(vocabulary_id, scenario_id) DO UPDATE SET word = excluded.word, normalized_word = excluded.normalized_word, relevance = excluded.relevance;

UPDATE core_vocabulary SET word = 'welcome', meaning_zh = 'ś¨ĘŤŅé', definition_en = 'a friendly greeting or acceptance', primary_part_of_speech = 'noun', phonetic_us = '/ňąw…õlk…ôm/', phonetic_uk = '/ňąw…õlk…ôm/', updated_at = CURRENT_TIMESTAMP WHERE id = 'welcome';
UPDATE vocabulary_pronunciations SET phonetic = CASE accent WHEN 'us' THEN '/ňąw…õlk…ôm/' WHEN 'uk' THEN '/ňąw…õlk…ôm/' ELSE phonetic END, phonetic_source = 'manual-curation-pending-review', updated_at = CURRENT_TIMESTAMP WHERE vocabulary_id = 'welcome' AND accent IN ('us', 'uk');
INSERT INTO vocabulary_senses (id, vocabulary_id, word, normalized_word, part_of_speech, meaning_zh, definition_en, usage_note, sense_order, level, publish_status, updated_at) VALUES ('welcome-sense-1', 'welcome', 'welcome', 'welcome', 'noun', 'ś¨ĘŤŅé', 'a friendly greeting or acceptance', 'Self-authored learner sense; pending review.', 1, NULL, 'active', CURRENT_TIMESTAMP) ON CONFLICT(id) DO UPDATE SET word = excluded.word, normalized_word = excluded.normalized_word, part_of_speech = excluded.part_of_speech, meaning_zh = excluded.meaning_zh, definition_en = excluded.definition_en, usage_note = excluded.usage_note, sense_order = excluded.sense_order, publish_status = excluded.publish_status, updated_at = CURRENT_TIMESTAMP;
INSERT INTO vocabulary_examples (id, vocabulary_id, word, normalized_word, sense_id, sentence_en, sentence_zh, source_type, source_ref, difficulty, example_order, publish_status, updated_at) VALUES ('welcome-example-1', 'welcome', 'welcome', 'welcome', 'welcome-sense-1', 'They gave us a warm welcome.', 'šĽĖšĽ¨ÁÉ≠śÉÖś¨ĘŤŅéšļÜśąĎšĽ¨„Äā', 'manual', 'top-1000-public-content-v1-self-authored', 'easy', 1, 'active', CURRENT_TIMESTAMP) ON CONFLICT(id) DO UPDATE SET word = excluded.word, normalized_word = excluded.normalized_word, sense_id = excluded.sense_id, sentence_en = excluded.sentence_en, sentence_zh = excluded.sentence_zh, source_type = excluded.source_type, source_ref = excluded.source_ref, difficulty = excluded.difficulty, example_order = excluded.example_order, publish_status = excluded.publish_status, updated_at = CURRENT_TIMESTAMP;
INSERT INTO vocabulary_scenario_links (vocabulary_id, word, normalized_word, scenario_id, relevance, created_at) VALUES ('welcome', 'welcome', 'welcome', 'communication', 80, CURRENT_TIMESTAMP) ON CONFLICT(vocabulary_id, scenario_id) DO UPDATE SET word = excluded.word, normalized_word = excluded.normalized_word, relevance = excluded.relevance;

UPDATE core_vocabulary SET word = 'smile', meaning_zh = 'ŚĺģÁ¨Ď', definition_en = 'to make a happy expression with your mouth', primary_part_of_speech = 'verb', phonetic_us = '/sma…™l/', phonetic_uk = '/sma…™l/', updated_at = CURRENT_TIMESTAMP WHERE id = 'smile';
UPDATE vocabulary_pronunciations SET phonetic = CASE accent WHEN 'us' THEN '/sma…™l/' WHEN 'uk' THEN '/sma…™l/' ELSE phonetic END, phonetic_source = 'manual-curation-pending-review', updated_at = CURRENT_TIMESTAMP WHERE vocabulary_id = 'smile' AND accent IN ('us', 'uk');
INSERT INTO vocabulary_senses (id, vocabulary_id, word, normalized_word, part_of_speech, meaning_zh, definition_en, usage_note, sense_order, level, publish_status, updated_at) VALUES ('smile-sense-1', 'smile', 'smile', 'smile', 'verb', 'ŚĺģÁ¨Ď', 'to make a happy expression with your mouth', 'Self-authored learner sense; pending review.', 1, NULL, 'active', CURRENT_TIMESTAMP) ON CONFLICT(id) DO UPDATE SET word = excluded.word, normalized_word = excluded.normalized_word, part_of_speech = excluded.part_of_speech, meaning_zh = excluded.meaning_zh, definition_en = excluded.definition_en, usage_note = excluded.usage_note, sense_order = excluded.sense_order, publish_status = excluded.publish_status, updated_at = CURRENT_TIMESTAMP;
INSERT INTO vocabulary_examples (id, vocabulary_id, word, normalized_word, sense_id, sentence_en, sentence_zh, source_type, source_ref, difficulty, example_order, publish_status, updated_at) VALUES ('smile-example-1', 'smile', 'smile', 'smile', 'smile-sense-1', 'She smiled at the child.', 'Ś•ĻŚĮĻťā£šł™Ś≠©Ś≠źŚĺģÁ¨Ď„Äā', 'manual', 'top-1000-public-content-v1-self-authored', 'easy', 1, 'active', CURRENT_TIMESTAMP) ON CONFLICT(id) DO UPDATE SET word = excluded.word, normalized_word = excluded.normalized_word, sense_id = excluded.sense_id, sentence_en = excluded.sentence_en, sentence_zh = excluded.sentence_zh, source_type = excluded.source_type, source_ref = excluded.source_ref, difficulty = excluded.difficulty, example_order = excluded.example_order, publish_status = excluded.publish_status, updated_at = CURRENT_TIMESTAMP;
INSERT INTO vocabulary_scenario_links (vocabulary_id, word, normalized_word, scenario_id, relevance, created_at) VALUES ('smile', 'smile', 'smile', 'communication', 80, CURRENT_TIMESTAMP) ON CONFLICT(vocabulary_id, scenario_id) DO UPDATE SET word = excluded.word, normalized_word = excluded.normalized_word, relevance = excluded.relevance;

UPDATE core_vocabulary SET word = 'communication', meaning_zh = 'šļ§śĶĀÔľõťÄöšŅ°', definition_en = 'the act of sharing information or feelings', primary_part_of_speech = 'noun', phonetic_us = '/k…ômjňĆuňźn…ôkňąe…™ É…ôn/', phonetic_uk = '/k…ômjňĆuňźn…ôkňąe…™ É…ôn/', updated_at = CURRENT_TIMESTAMP WHERE id = 'communication';
UPDATE vocabulary_pronunciations SET phonetic = CASE accent WHEN 'us' THEN '/k…ômjňĆuňźn…ôkňąe…™ É…ôn/' WHEN 'uk' THEN '/k…ômjňĆuňźn…ôkňąe…™ É…ôn/' ELSE phonetic END, phonetic_source = 'manual-curation-pending-review', updated_at = CURRENT_TIMESTAMP WHERE vocabulary_id = 'communication' AND accent IN ('us', 'uk');
INSERT INTO vocabulary_senses (id, vocabulary_id, word, normalized_word, part_of_speech, meaning_zh, definition_en, usage_note, sense_order, level, publish_status, updated_at) VALUES ('communication-sense-1', 'communication', 'communication', 'communication', 'noun', 'šļ§śĶĀÔľõťÄöšŅ°', 'the act of sharing information or feelings', 'Self-authored learner sense; pending review.', 1, NULL, 'active', CURRENT_TIMESTAMP) ON CONFLICT(id) DO UPDATE SET word = excluded.word, normalized_word = excluded.normalized_word, part_of_speech = excluded.part_of_speech, meaning_zh = excluded.meaning_zh, definition_en = excluded.definition_en, usage_note = excluded.usage_note, sense_order = excluded.sense_order, publish_status = excluded.publish_status, updated_at = CURRENT_TIMESTAMP;
INSERT INTO vocabulary_examples (id, vocabulary_id, word, normalized_word, sense_id, sentence_en, sentence_zh, source_type, source_ref, difficulty, example_order, publish_status, updated_at) VALUES ('communication-example-1', 'communication', 'communication', 'communication', 'communication-sense-1', 'Good communication prevents mistakes.', 'ŤČĮŚ•ĹÁöĄś≤üťÄöŚŹĮšĽ•ťĀŅŚÖćťĒôŤĮĮ„Äā', 'manual', 'top-1000-public-content-v1-self-authored', 'easy', 1, 'active', CURRENT_TIMESTAMP) ON CONFLICT(id) DO UPDATE SET word = excluded.word, normalized_word = excluded.normalized_word, sense_id = excluded.sense_id, sentence_en = excluded.sentence_en, sentence_zh = excluded.sentence_zh, source_type = excluded.source_type, source_ref = excluded.source_ref, difficulty = excluded.difficulty, example_order = excluded.example_order, publish_status = excluded.publish_status, updated_at = CURRENT_TIMESTAMP;
INSERT INTO vocabulary_scenario_links (vocabulary_id, word, normalized_word, scenario_id, relevance, created_at) VALUES ('communication', 'communication', 'communication', 'communication', 80, CURRENT_TIMESTAMP) ON CONFLICT(vocabulary_id, scenario_id) DO UPDATE SET word = excluded.word, normalized_word = excluded.normalized_word, relevance = excluded.relevance;

UPDATE core_vocabulary SET word = 'agent', meaning_zh = 'šĽ£ÁźÜšļļ', definition_en = 'a person or system that acts for someone else', primary_part_of_speech = 'noun', phonetic_us = '/ňąe…™d í…ônt/', phonetic_uk = '/ňąe…™d í…ônt/', updated_at = CURRENT_TIMESTAMP WHERE id = 'agent';
UPDATE vocabulary_pronunciations SET phonetic = CASE accent WHEN 'us' THEN '/ňąe…™d í…ônt/' WHEN 'uk' THEN '/ňąe…™d í…ônt/' ELSE phonetic END, phonetic_source = 'manual-curation-pending-review', updated_at = CURRENT_TIMESTAMP WHERE vocabulary_id = 'agent' AND accent IN ('us', 'uk');
INSERT INTO vocabulary_senses (id, vocabulary_id, word, normalized_word, part_of_speech, meaning_zh, definition_en, usage_note, sense_order, level, publish_status, updated_at) VALUES ('agent-sense-1', 'agent', 'agent', 'agent', 'noun', 'šĽ£ÁźÜšļļ', 'a person or system that acts for someone else', 'Self-authored learner sense; pending review.', 1, NULL, 'active', CURRENT_TIMESTAMP) ON CONFLICT(id) DO UPDATE SET word = excluded.word, normalized_word = excluded.normalized_word, part_of_speech = excluded.part_of_speech, meaning_zh = excluded.meaning_zh, definition_en = excluded.definition_en, usage_note = excluded.usage_note, sense_order = excluded.sense_order, publish_status = excluded.publish_status, updated_at = CURRENT_TIMESTAMP;
INSERT INTO vocabulary_examples (id, vocabulary_id, word, normalized_word, sense_id, sentence_en, sentence_zh, source_type, source_ref, difficulty, example_order, publish_status, updated_at) VALUES ('agent-example-1', 'agent', 'agent', 'agent', 'agent-sense-1', 'The agent helped us buy tickets.', 'šĽ£ÁźÜšļļŚłģśąĎšĽ¨šĻįÁ•®„Äā', 'manual', 'top-1000-public-content-v1-self-authored', 'easy', 1, 'active', CURRENT_TIMESTAMP) ON CONFLICT(id) DO UPDATE SET word = excluded.word, normalized_word = excluded.normalized_word, sense_id = excluded.sense_id, sentence_en = excluded.sentence_en, sentence_zh = excluded.sentence_zh, source_type = excluded.source_type, source_ref = excluded.source_ref, difficulty = excluded.difficulty, example_order = excluded.example_order, publish_status = excluded.publish_status, updated_at = CURRENT_TIMESTAMP;
INSERT INTO vocabulary_scenario_links (vocabulary_id, word, normalized_word, scenario_id, relevance, created_at) VALUES ('agent', 'agent', 'agent', 'work', 80, CURRENT_TIMESTAMP) ON CONFLICT(vocabulary_id, scenario_id) DO UPDATE SET word = excluded.word, normalized_word = excluded.normalized_word, relevance = excluded.relevance;

UPDATE core_vocabulary SET word = 'traditional', meaning_zh = 'šľ†ÁĽüÁöĄ', definition_en = 'connected with long-established customs or ways', primary_part_of_speech = 'adjective', phonetic_us = '/tr…ôdňą…™ É…ôn…ôl/', phonetic_uk = '/tr…ôdňą…™ É…ôn…ôl/', updated_at = CURRENT_TIMESTAMP WHERE id = 'traditional';
UPDATE vocabulary_pronunciations SET phonetic = CASE accent WHEN 'us' THEN '/tr…ôdňą…™ É…ôn…ôl/' WHEN 'uk' THEN '/tr…ôdňą…™ É…ôn…ôl/' ELSE phonetic END, phonetic_source = 'manual-curation-pending-review', updated_at = CURRENT_TIMESTAMP WHERE vocabulary_id = 'traditional' AND accent IN ('us', 'uk');
INSERT INTO vocabulary_senses (id, vocabulary_id, word, normalized_word, part_of_speech, meaning_zh, definition_en, usage_note, sense_order, level, publish_status, updated_at) VALUES ('traditional-sense-1', 'traditional', 'traditional', 'traditional', 'adjective', 'šľ†ÁĽüÁöĄ', 'connected with long-established customs or ways', 'Self-authored learner sense; pending review.', 1, NULL, 'active', CURRENT_TIMESTAMP) ON CONFLICT(id) DO UPDATE SET word = excluded.word, normalized_word = excluded.normalized_word, part_of_speech = excluded.part_of_speech, meaning_zh = excluded.meaning_zh, definition_en = excluded.definition_en, usage_note = excluded.usage_note, sense_order = excluded.sense_order, publish_status = excluded.publish_status, updated_at = CURRENT_TIMESTAMP;
INSERT INTO vocabulary_examples (id, vocabulary_id, word, normalized_word, sense_id, sentence_en, sentence_zh, source_type, source_ref, difficulty, example_order, publish_status, updated_at) VALUES ('traditional-example-1', 'traditional', 'traditional', 'traditional', 'traditional-sense-1', 'They cooked a traditional meal.', 'šĽĖšĽ¨ŚĀöšļÜšłÄť°Ņšľ†ÁĽüť§ź„Äā', 'manual', 'top-1000-public-content-v1-self-authored', 'easy', 1, 'active', CURRENT_TIMESTAMP) ON CONFLICT(id) DO UPDATE SET word = excluded.word, normalized_word = excluded.normalized_word, sense_id = excluded.sense_id, sentence_en = excluded.sentence_en, sentence_zh = excluded.sentence_zh, source_type = excluded.source_type, source_ref = excluded.source_ref, difficulty = excluded.difficulty, example_order = excluded.example_order, publish_status = excluded.publish_status, updated_at = CURRENT_TIMESTAMP;
INSERT INTO vocabulary_scenario_links (vocabulary_id, word, normalized_word, scenario_id, relevance, created_at) VALUES ('traditional', 'traditional', 'traditional', 'problem-solving', 80, CURRENT_TIMESTAMP) ON CONFLICT(vocabulary_id, scenario_id) DO UPDATE SET word = excluded.word, normalized_word = excluded.normalized_word, relevance = excluded.relevance;

UPDATE core_vocabulary SET word = 'replace', meaning_zh = 'šĽ£śõŅ', definition_en = 'to take the place of something or someone', primary_part_of_speech = 'verb', phonetic_us = '/ňĆriňźplňąe…™s/', phonetic_uk = '/ňĆriňźplňąe…™s/', updated_at = CURRENT_TIMESTAMP WHERE id = 'replace';
UPDATE vocabulary_pronunciations SET phonetic = CASE accent WHEN 'us' THEN '/ňĆriňźplňąe…™s/' WHEN 'uk' THEN '/ňĆriňźplňąe…™s/' ELSE phonetic END, phonetic_source = 'manual-curation-pending-review', updated_at = CURRENT_TIMESTAMP WHERE vocabulary_id = 'replace' AND accent IN ('us', 'uk');
INSERT INTO vocabulary_senses (id, vocabulary_id, word, normalized_word, part_of_speech, meaning_zh, definition_en, usage_note, sense_order, level, publish_status, updated_at) VALUES ('replace-sense-1', 'replace', 'replace', 'replace', 'verb', 'šĽ£śõŅ', 'to take the place of something or someone', 'Self-authored learner sense; pending review.', 1, NULL, 'active', CURRENT_TIMESTAMP) ON CONFLICT(id) DO UPDATE SET word = excluded.word, normalized_word = excluded.normalized_word, part_of_speech = excluded.part_of_speech, meaning_zh = excluded.meaning_zh, definition_en = excluded.definition_en, usage_note = excluded.usage_note, sense_order = excluded.sense_order, publish_status = excluded.publish_status, updated_at = CURRENT_TIMESTAMP;
INSERT INTO vocabulary_examples (id, vocabulary_id, word, normalized_word, sense_id, sentence_en, sentence_zh, source_type, source_ref, difficulty, example_order, publish_status, updated_at) VALUES ('replace-example-1', 'replace', 'replace', 'replace', 'replace-sense-1', 'We need to replace the old chair.', 'śąĎšĽ¨ťúÄŤ¶ĀśõīśćĘŤŅôśääśóßś§ÖŚ≠ź„Äā', 'manual', 'top-1000-public-content-v1-self-authored', 'easy', 1, 'active', CURRENT_TIMESTAMP) ON CONFLICT(id) DO UPDATE SET word = excluded.word, normalized_word = excluded.normalized_word, sense_id = excluded.sense_id, sentence_en = excluded.sentence_en, sentence_zh = excluded.sentence_zh, source_type = excluded.source_type, source_ref = excluded.source_ref, difficulty = excluded.difficulty, example_order = excluded.example_order, publish_status = excluded.publish_status, updated_at = CURRENT_TIMESTAMP;
INSERT INTO vocabulary_scenario_links (vocabulary_id, word, normalized_word, scenario_id, relevance, created_at) VALUES ('replace', 'replace', 'replace', 'problem-solving', 80, CURRENT_TIMESTAMP) ON CONFLICT(vocabulary_id, scenario_id) DO UPDATE SET word = excluded.word, normalized_word = excluded.normalized_word, relevance = excluded.relevance;

UPDATE core_vocabulary SET word = 'judge', meaning_zh = 'Śģ°Śą§ÔľõŤ£ĀŚÜ≥', definition_en = 'to decide or form an opinion about something', primary_part_of_speech = 'verb', phonetic_us = '/d í Ćd í/', phonetic_uk = '/d í Ćd í/', updated_at = CURRENT_TIMESTAMP WHERE id = 'judge';
UPDATE vocabulary_pronunciations SET phonetic = CASE accent WHEN 'us' THEN '/d í Ćd í/' WHEN 'uk' THEN '/d í Ćd í/' ELSE phonetic END, phonetic_source = 'manual-curation-pending-review', updated_at = CURRENT_TIMESTAMP WHERE vocabulary_id = 'judge' AND accent IN ('us', 'uk');
INSERT INTO vocabulary_senses (id, vocabulary_id, word, normalized_word, part_of_speech, meaning_zh, definition_en, usage_note, sense_order, level, publish_status, updated_at) VALUES ('judge-sense-1', 'judge', 'judge', 'judge', 'verb', 'Śģ°Śą§ÔľõŤ£ĀŚÜ≥', 'to decide or form an opinion about something', 'Self-authored learner sense; pending review.', 1, NULL, 'active', CURRENT_TIMESTAMP) ON CONFLICT(id) DO UPDATE SET word = excluded.word, normalized_word = excluded.normalized_word, part_of_speech = excluded.part_of_speech, meaning_zh = excluded.meaning_zh, definition_en = excluded.definition_en, usage_note = excluded.usage_note, sense_order = excluded.sense_order, publish_status = excluded.publish_status, updated_at = CURRENT_TIMESTAMP;
INSERT INTO vocabulary_examples (id, vocabulary_id, word, normalized_word, sense_id, sentence_en, sentence_zh, source_type, source_ref, difficulty, example_order, publish_status, updated_at) VALUES ('judge-example-1', 'judge', 'judge', 'judge', 'judge-sense-1', 'Do not judge too quickly.', 'šłćŤ¶ĀŚ§™ŚŅęšłčŚą§śĖ≠„Äā', 'manual', 'top-1000-public-content-v1-self-authored', 'easy', 1, 'active', CURRENT_TIMESTAMP) ON CONFLICT(id) DO UPDATE SET word = excluded.word, normalized_word = excluded.normalized_word, sense_id = excluded.sense_id, sentence_en = excluded.sentence_en, sentence_zh = excluded.sentence_zh, source_type = excluded.source_type, source_ref = excluded.source_ref, difficulty = excluded.difficulty, example_order = excluded.example_order, publish_status = excluded.publish_status, updated_at = CURRENT_TIMESTAMP;
INSERT INTO vocabulary_scenario_links (vocabulary_id, word, normalized_word, scenario_id, relevance, created_at) VALUES ('judge', 'judge', 'judge', 'problem-solving', 80, CURRENT_TIMESTAMP) ON CONFLICT(vocabulary_id, scenario_id) DO UPDATE SET word = excluded.word, normalized_word = excluded.normalized_word, relevance = excluded.relevance;

UPDATE core_vocabulary SET word = 'herself', meaning_zh = 'Ś•ĻŤá™Ś∑Ī', definition_en = 'the reflexive form of she', primary_part_of_speech = 'pronoun', phonetic_us = '/h…ösňą…õlf/', phonetic_uk = '/h…ösňą…õlf/', updated_at = CURRENT_TIMESTAMP WHERE id = 'herself';
UPDATE vocabulary_pronunciations SET phonetic = CASE accent WHEN 'us' THEN '/h…ösňą…õlf/' WHEN 'uk' THEN '/h…ösňą…õlf/' ELSE phonetic END, phonetic_source = 'manual-curation-pending-review', updated_at = CURRENT_TIMESTAMP WHERE vocabulary_id = 'herself' AND accent IN ('us', 'uk');
INSERT INTO vocabulary_senses (id, vocabulary_id, word, normalized_word, part_of_speech, meaning_zh, definition_en, usage_note, sense_order, level, publish_status, updated_at) VALUES ('herself-sense-1', 'herself', 'herself', 'herself', 'pronoun', 'Ś•ĻŤá™Ś∑Ī', 'the reflexive form of she', 'Self-authored learner sense; pending review.', 1, NULL, 'active', CURRENT_TIMESTAMP) ON CONFLICT(id) DO UPDATE SET word = excluded.word, normalized_word = excluded.normalized_word, part_of_speech = excluded.part_of_speech, meaning_zh = excluded.meaning_zh, definition_en = excluded.definition_en, usage_note = excluded.usage_note, sense_order = excluded.sense_order, publish_status = excluded.publish_status, updated_at = CURRENT_TIMESTAMP;
INSERT INTO vocabulary_examples (id, vocabulary_id, word, normalized_word, sense_id, sentence_en, sentence_zh, source_type, source_ref, difficulty, example_order, publish_status, updated_at) VALUES ('herself-example-1', 'herself', 'herself', 'herself', 'herself-sense-1', 'She taught herself English.', 'Ś•ĻŤá™Ś≠¶šļÜŤčĪŤĮ≠„Äā', 'manual', 'top-1000-public-content-v1-self-authored', 'easy', 1, 'active', CURRENT_TIMESTAMP) ON CONFLICT(id) DO UPDATE SET word = excluded.word, normalized_word = excluded.normalized_word, sense_id = excluded.sense_id, sentence_en = excluded.sentence_en, sentence_zh = excluded.sentence_zh, source_type = excluded.source_type, source_ref = excluded.source_ref, difficulty = excluded.difficulty, example_order = excluded.example_order, publish_status = excluded.publish_status, updated_at = CURRENT_TIMESTAMP;
INSERT INTO vocabulary_scenario_links (vocabulary_id, word, normalized_word, scenario_id, relevance, created_at) VALUES ('herself', 'herself', 'herself', 'problem-solving', 80, CURRENT_TIMESTAMP) ON CONFLICT(vocabulary_id, scenario_id) DO UPDATE SET word = excluded.word, normalized_word = excluded.normalized_word, relevance = excluded.relevance;

UPDATE core_vocabulary SET word = 'suddenly', meaning_zh = 'Á™ĀÁĄ∂Śúį', definition_en = 'quickly and unexpectedly', primary_part_of_speech = 'adverb', phonetic_us = '/ňąs Ćd…ônliňź/', phonetic_uk = '/ňąs Ćd…ônliňź/', updated_at = CURRENT_TIMESTAMP WHERE id = 'suddenly';
UPDATE vocabulary_pronunciations SET phonetic = CASE accent WHEN 'us' THEN '/ňąs Ćd…ônliňź/' WHEN 'uk' THEN '/ňąs Ćd…ônliňź/' ELSE phonetic END, phonetic_source = 'manual-curation-pending-review', updated_at = CURRENT_TIMESTAMP WHERE vocabulary_id = 'suddenly' AND accent IN ('us', 'uk');
INSERT INTO vocabulary_senses (id, vocabulary_id, word, normalized_word, part_of_speech, meaning_zh, definition_en, usage_note, sense_order, level, publish_status, updated_at) VALUES ('suddenly-sense-1', 'suddenly', 'suddenly', 'suddenly', 'adverb', 'Á™ĀÁĄ∂Śúį', 'quickly and unexpectedly', 'Self-authored learner sense; pending review.', 1, NULL, 'active', CURRENT_TIMESTAMP) ON CONFLICT(id) DO UPDATE SET word = excluded.word, normalized_word = excluded.normalized_word, part_of_speech = excluded.part_of_speech, meaning_zh = excluded.meaning_zh, definition_en = excluded.definition_en, usage_note = excluded.usage_note, sense_order = excluded.sense_order, publish_status = excluded.publish_status, updated_at = CURRENT_TIMESTAMP;
INSERT INTO vocabulary_examples (id, vocabulary_id, word, normalized_word, sense_id, sentence_en, sentence_zh, source_type, source_ref, difficulty, example_order, publish_status, updated_at) VALUES ('suddenly-example-1', 'suddenly', 'suddenly', 'suddenly', 'suddenly-sense-1', 'Suddenly, the lights went out.', 'Á™ĀÁĄ∂ÔľĆÁĀĮÁĀ≠šļÜ„Äā', 'manual', 'top-1000-public-content-v1-self-authored', 'easy', 1, 'active', CURRENT_TIMESTAMP) ON CONFLICT(id) DO UPDATE SET word = excluded.word, normalized_word = excluded.normalized_word, sense_id = excluded.sense_id, sentence_en = excluded.sentence_en, sentence_zh = excluded.sentence_zh, source_type = excluded.source_type, source_ref = excluded.source_ref, difficulty = excluded.difficulty, example_order = excluded.example_order, publish_status = excluded.publish_status, updated_at = CURRENT_TIMESTAMP;
INSERT INTO vocabulary_scenario_links (vocabulary_id, word, normalized_word, scenario_id, relevance, created_at) VALUES ('suddenly', 'suddenly', 'suddenly', 'time', 80, CURRENT_TIMESTAMP) ON CONFLICT(vocabulary_id, scenario_id) DO UPDATE SET word = excluded.word, normalized_word = excluded.normalized_word, relevance = excluded.relevance;

UPDATE core_vocabulary SET word = 'generation', meaning_zh = 'šłÄšĽ£šļļ', definition_en = 'all people born around the same time, or one stage in a family', primary_part_of_speech = 'noun', phonetic_us = '/ňĆd í…õn…öňąe…™ É…ôn/', phonetic_uk = '/ňĆd í…õn…öňąe…™ É…ôn/', updated_at = CURRENT_TIMESTAMP WHERE id = 'generation';
UPDATE vocabulary_pronunciations SET phonetic = CASE accent WHEN 'us' THEN '/ňĆd í…õn…öňąe…™ É…ôn/' WHEN 'uk' THEN '/ňĆd í…õn…öňąe…™ É…ôn/' ELSE phonetic END, phonetic_source = 'manual-curation-pending-review', updated_at = CURRENT_TIMESTAMP WHERE vocabulary_id = 'generation' AND accent IN ('us', 'uk');
INSERT INTO vocabulary_senses (id, vocabulary_id, word, normalized_word, part_of_speech, meaning_zh, definition_en, usage_note, sense_order, level, publish_status, updated_at) VALUES ('generation-sense-1', 'generation', 'generation', 'generation', 'noun', 'šłÄšĽ£šļļ', 'all people born around the same time, or one stage in a family', 'Self-authored learner sense; pending review.', 1, NULL, 'active', CURRENT_TIMESTAMP) ON CONFLICT(id) DO UPDATE SET word = excluded.word, normalized_word = excluded.normalized_word, part_of_speech = excluded.part_of_speech, meaning_zh = excluded.meaning_zh, definition_en = excluded.definition_en, usage_note = excluded.usage_note, sense_order = excluded.sense_order, publish_status = excluded.publish_status, updated_at = CURRENT_TIMESTAMP;
INSERT INTO vocabulary_examples (id, vocabulary_id, word, normalized_word, sense_id, sentence_en, sentence_zh, source_type, source_ref, difficulty, example_order, publish_status, updated_at) VALUES ('generation-example-1', 'generation', 'generation', 'generation', 'generation-sense-1', 'Each generation learns differently.', 'śĮŹšłÄšĽ£šļļÁöĄŚ≠¶šĻ†śĖĻŚľŹťÉĹšłćŚźĆ„Äā', 'manual', 'top-1000-public-content-v1-self-authored', 'easy', 1, 'active', CURRENT_TIMESTAMP) ON CONFLICT(id) DO UPDATE SET word = excluded.word, normalized_word = excluded.normalized_word, sense_id = excluded.sense_id, sentence_en = excluded.sentence_en, sentence_zh = excluded.sentence_zh, source_type = excluded.source_type, source_ref = excluded.source_ref, difficulty = excluded.difficulty, example_order = excluded.example_order, publish_status = excluded.publish_status, updated_at = CURRENT_TIMESTAMP;
INSERT INTO vocabulary_scenario_links (vocabulary_id, word, normalized_word, scenario_id, relevance, created_at) VALUES ('generation', 'generation', 'generation', 'problem-solving', 80, CURRENT_TIMESTAMP) ON CONFLICT(vocabulary_id, scenario_id) DO UPDATE SET word = excluded.word, normalized_word = excluded.normalized_word, relevance = excluded.relevance;

UPDATE core_vocabulary SET word = 'estimate', meaning_zh = 'šľįŤģ°ÔľõšľįšĽ∑', definition_en = 'a careful guess about size, cost, or amount', primary_part_of_speech = 'noun', phonetic_us = '/ňąest…™m…ôt/', phonetic_uk = '/ňąest…™m…ôt/', updated_at = CURRENT_TIMESTAMP WHERE id = 'estimate';
UPDATE vocabulary_pronunciations SET phonetic = CASE accent WHEN 'us' THEN '/ňąest…™m…ôt/' WHEN 'uk' THEN '/ňąest…™m…ôt/' ELSE phonetic END, phonetic_source = 'manual-curation-pending-review', updated_at = CURRENT_TIMESTAMP WHERE vocabulary_id = 'estimate' AND accent IN ('us', 'uk');
INSERT INTO vocabulary_senses (id, vocabulary_id, word, normalized_word, part_of_speech, meaning_zh, definition_en, usage_note, sense_order, level, publish_status, updated_at) VALUES ('estimate-sense-1', 'estimate', 'estimate', 'estimate', 'noun', 'šľįŤģ°ÔľõšľįšĽ∑', 'a careful guess about size, cost, or amount', 'Self-authored learner sense; pending review.', 1, NULL, 'active', CURRENT_TIMESTAMP) ON CONFLICT(id) DO UPDATE SET word = excluded.word, normalized_word = excluded.normalized_word, part_of_speech = excluded.part_of_speech, meaning_zh = excluded.meaning_zh, definition_en = excluded.definition_en, usage_note = excluded.usage_note, sense_order = excluded.sense_order, publish_status = excluded.publish_status, updated_at = CURRENT_TIMESTAMP;
INSERT INTO vocabulary_examples (id, vocabulary_id, word, normalized_word, sense_id, sentence_en, sentence_zh, source_type, source_ref, difficulty, example_order, publish_status, updated_at) VALUES ('estimate-example-1', 'estimate', 'estimate', 'estimate', 'estimate-sense-1', 'The estimate was close to the real cost.', 'ŤŅôšł™šľįÁģóśé•ŤŅĎŚģěťôÖśąźśú¨„Äā', 'manual', 'top-1000-public-content-v1-self-authored', 'easy', 1, 'active', CURRENT_TIMESTAMP) ON CONFLICT(id) DO UPDATE SET word = excluded.word, normalized_word = excluded.normalized_word, sense_id = excluded.sense_id, sentence_en = excluded.sentence_en, sentence_zh = excluded.sentence_zh, source_type = excluded.source_type, source_ref = excluded.source_ref, difficulty = excluded.difficulty, example_order = excluded.example_order, publish_status = excluded.publish_status, updated_at = CURRENT_TIMESTAMP;
INSERT INTO vocabulary_scenario_links (vocabulary_id, word, normalized_word, scenario_id, relevance, created_at) VALUES ('estimate', 'estimate', 'estimate', 'thinking', 80, CURRENT_TIMESTAMP) ON CONFLICT(vocabulary_id, scenario_id) DO UPDATE SET word = excluded.word, normalized_word = excluded.normalized_word, relevance = excluded.relevance;

UPDATE core_vocabulary SET word = 'favorite', meaning_zh = 'śúÄŚĖúś¨ĘÁöĄ', definition_en = 'liked more than others', primary_part_of_speech = 'adjective', phonetic_us = '/ňąfe…™v…ôr…™t/', phonetic_uk = '/ňąfe…™v…ôr…™t/', updated_at = CURRENT_TIMESTAMP WHERE id = 'favorite';
UPDATE vocabulary_pronunciations SET phonetic = CASE accent WHEN 'us' THEN '/ňąfe…™v…ôr…™t/' WHEN 'uk' THEN '/ňąfe…™v…ôr…™t/' ELSE phonetic END, phonetic_source = 'manual-curation-pending-review', updated_at = CURRENT_TIMESTAMP WHERE vocabulary_id = 'favorite' AND accent IN ('us', 'uk');
INSERT INTO vocabulary_senses (id, vocabulary_id, word, normalized_word, part_of_speech, meaning_zh, definition_en, usage_note, sense_order, level, publish_status, updated_at) VALUES ('favorite-sense-1', 'favorite', 'favorite', 'favorite', 'adjective', 'śúÄŚĖúś¨ĘÁöĄ', 'liked more than others', 'Self-authored learner sense; pending review.', 1, NULL, 'active', CURRENT_TIMESTAMP) ON CONFLICT(id) DO UPDATE SET word = excluded.word, normalized_word = excluded.normalized_word, part_of_speech = excluded.part_of_speech, meaning_zh = excluded.meaning_zh, definition_en = excluded.definition_en, usage_note = excluded.usage_note, sense_order = excluded.sense_order, publish_status = excluded.publish_status, updated_at = CURRENT_TIMESTAMP;
INSERT INTO vocabulary_examples (id, vocabulary_id, word, normalized_word, sense_id, sentence_en, sentence_zh, source_type, source_ref, difficulty, example_order, publish_status, updated_at) VALUES ('favorite-example-1', 'favorite', 'favorite', 'favorite', 'favorite-sense-1', 'Blue is my favorite color.', 'ŤďĚŤČ≤śėĮśąĎśúÄŚĖúś¨ĘÁöĄťĘúŤČ≤„Äā', 'manual', 'top-1000-public-content-v1-self-authored', 'easy', 1, 'active', CURRENT_TIMESTAMP) ON CONFLICT(id) DO UPDATE SET word = excluded.word, normalized_word = excluded.normalized_word, sense_id = excluded.sense_id, sentence_en = excluded.sentence_en, sentence_zh = excluded.sentence_zh, source_type = excluded.source_type, source_ref = excluded.source_ref, difficulty = excluded.difficulty, example_order = excluded.example_order, publish_status = excluded.publish_status, updated_at = CURRENT_TIMESTAMP;
INSERT INTO vocabulary_scenario_links (vocabulary_id, word, normalized_word, scenario_id, relevance, created_at) VALUES ('favorite', 'favorite', 'favorite', 'problem-solving', 80, CURRENT_TIMESTAMP) ON CONFLICT(vocabulary_id, scenario_id) DO UPDATE SET word = excluded.word, normalized_word = excluded.normalized_word, relevance = excluded.relevance;
