-- Top 3000 public vocabulary content v1, part 10.
-- Learner bootstrap content for words 1181-1200.
-- Definitions are WordNet-assisted where needed; examples are WordNet examples or generated learner sentences.
-- Phonetics are bootstrap IPA values and remain tracked for manual review.

UPDATE core_vocabulary SET word = 'reality', meaning_zh = '现实', definition_en = 'all of your experiences that determine how things appear to you', primary_part_of_speech = 'noun', phonetic_us = '/ˌriːˈælətˌiː/', phonetic_uk = '/ˌriːˈælətˌiː/', updated_at = CURRENT_TIMESTAMP WHERE id = 'reality';
UPDATE vocabulary_pronunciations SET phonetic = CASE accent WHEN 'us' THEN '/ˌriːˈælətˌiː/' WHEN 'uk' THEN '/ˌriːˈælətˌiː/' ELSE phonetic END, phonetic_source = 'manual-curation-pending-review', updated_at = CURRENT_TIMESTAMP WHERE vocabulary_id = 'reality' AND accent IN ('us', 'uk');
INSERT INTO vocabulary_senses (id, vocabulary_id, word, normalized_word, part_of_speech, meaning_zh, definition_en, usage_note, sense_order, level, publish_status, updated_at) VALUES ('reality-sense-1', 'reality', 'reality', 'reality', 'noun', '现实', 'all of your experiences that determine how things appear to you', 'Learner bootstrap sense; WordNet-assisted and pending human review.', 1, NULL, 'active', CURRENT_TIMESTAMP) ON CONFLICT(id) DO UPDATE SET word = excluded.word, normalized_word = excluded.normalized_word, part_of_speech = excluded.part_of_speech, meaning_zh = excluded.meaning_zh, definition_en = excluded.definition_en, usage_note = excluded.usage_note, sense_order = excluded.sense_order, publish_status = excluded.publish_status, updated_at = CURRENT_TIMESTAMP;
INSERT INTO vocabulary_examples (id, vocabulary_id, word, normalized_word, sense_id, sentence_en, sentence_zh, source_type, source_ref, difficulty, example_order, publish_status, updated_at) VALUES ('reality-example-1', 'reality', 'reality', 'reality', 'reality-sense-1', 'For them demons were as much a part of reality as trees were', '', 'imported', 'wordnet-3.0', 'easy', 1, 'active', CURRENT_TIMESTAMP) ON CONFLICT(id) DO UPDATE SET word = excluded.word, normalized_word = excluded.normalized_word, sense_id = excluded.sense_id, sentence_en = excluded.sentence_en, sentence_zh = excluded.sentence_zh, source_type = excluded.source_type, source_ref = excluded.source_ref, difficulty = excluded.difficulty, example_order = excluded.example_order, publish_status = excluded.publish_status, updated_at = CURRENT_TIMESTAMP;
INSERT INTO vocabulary_scenario_links (vocabulary_id, word, normalized_word, scenario_id, relevance, created_at) VALUES ('reality', 'reality', 'reality', 'study', 70, CURRENT_TIMESTAMP) ON CONFLICT(vocabulary_id, scenario_id) DO UPDATE SET word = excluded.word, normalized_word = excluded.normalized_word, relevance = excluded.relevance;

UPDATE core_vocabulary SET word = 'photograph', meaning_zh = '照片', definition_en = 'a representation of a person or scene in the form of a print or transparent slide; recorded by a camera on light-sensitive material', primary_part_of_speech = 'noun', phonetic_us = '/ˈfoʊtəɡrˌæf/', phonetic_uk = '/ˈfoʊtəɡrˌæf/', updated_at = CURRENT_TIMESTAMP WHERE id = 'photograph';
UPDATE vocabulary_pronunciations SET phonetic = CASE accent WHEN 'us' THEN '/ˈfoʊtəɡrˌæf/' WHEN 'uk' THEN '/ˈfoʊtəɡrˌæf/' ELSE phonetic END, phonetic_source = 'manual-curation-pending-review', updated_at = CURRENT_TIMESTAMP WHERE vocabulary_id = 'photograph' AND accent IN ('us', 'uk');
INSERT INTO vocabulary_senses (id, vocabulary_id, word, normalized_word, part_of_speech, meaning_zh, definition_en, usage_note, sense_order, level, publish_status, updated_at) VALUES ('photograph-sense-1', 'photograph', 'photograph', 'photograph', 'noun', '照片', 'a representation of a person or scene in the form of a print or transparent slide; recorded by a camera on light-sensitive material', 'Learner bootstrap sense; WordNet-assisted and pending human review.', 1, NULL, 'active', CURRENT_TIMESTAMP) ON CONFLICT(id) DO UPDATE SET word = excluded.word, normalized_word = excluded.normalized_word, part_of_speech = excluded.part_of_speech, meaning_zh = excluded.meaning_zh, definition_en = excluded.definition_en, usage_note = excluded.usage_note, sense_order = excluded.sense_order, publish_status = excluded.publish_status, updated_at = CURRENT_TIMESTAMP;
INSERT INTO vocabulary_examples (id, vocabulary_id, word, normalized_word, sense_id, sentence_en, sentence_zh, source_type, source_ref, difficulty, example_order, publish_status, updated_at) VALUES ('photograph-example-1', 'photograph', 'photograph', 'photograph', 'photograph-sense-1', 'The photograph was important in the discussion.', '', 'generated', 'top-3000-public-content-v1-wordnet-assisted', 'easy', 1, 'active', CURRENT_TIMESTAMP) ON CONFLICT(id) DO UPDATE SET word = excluded.word, normalized_word = excluded.normalized_word, sense_id = excluded.sense_id, sentence_en = excluded.sentence_en, sentence_zh = excluded.sentence_zh, source_type = excluded.source_type, source_ref = excluded.source_ref, difficulty = excluded.difficulty, example_order = excluded.example_order, publish_status = excluded.publish_status, updated_at = CURRENT_TIMESTAMP;
INSERT INTO vocabulary_scenario_links (vocabulary_id, word, normalized_word, scenario_id, relevance, created_at) VALUES ('photograph', 'photograph', 'photograph', 'daily', 70, CURRENT_TIMESTAMP) ON CONFLICT(vocabulary_id, scenario_id) DO UPDATE SET word = excluded.word, normalized_word = excluded.normalized_word, relevance = excluded.relevance;

UPDATE core_vocabulary SET word = 'artist', meaning_zh = '艺术家', definition_en = 'a person whose creative work shows sensitivity and imagination', primary_part_of_speech = 'noun', phonetic_us = '/ˈɑrtəst/', phonetic_uk = '/ˈɑːtəst/', updated_at = CURRENT_TIMESTAMP WHERE id = 'artist';
UPDATE vocabulary_pronunciations SET phonetic = CASE accent WHEN 'us' THEN '/ˈɑrtəst/' WHEN 'uk' THEN '/ˈɑːtəst/' ELSE phonetic END, phonetic_source = 'manual-curation-pending-review', updated_at = CURRENT_TIMESTAMP WHERE vocabulary_id = 'artist' AND accent IN ('us', 'uk');
INSERT INTO vocabulary_senses (id, vocabulary_id, word, normalized_word, part_of_speech, meaning_zh, definition_en, usage_note, sense_order, level, publish_status, updated_at) VALUES ('artist-sense-1', 'artist', 'artist', 'artist', 'noun', '艺术家', 'a person whose creative work shows sensitivity and imagination', 'Learner bootstrap sense; WordNet-assisted and pending human review.', 1, NULL, 'active', CURRENT_TIMESTAMP) ON CONFLICT(id) DO UPDATE SET word = excluded.word, normalized_word = excluded.normalized_word, part_of_speech = excluded.part_of_speech, meaning_zh = excluded.meaning_zh, definition_en = excluded.definition_en, usage_note = excluded.usage_note, sense_order = excluded.sense_order, publish_status = excluded.publish_status, updated_at = CURRENT_TIMESTAMP;
INSERT INTO vocabulary_examples (id, vocabulary_id, word, normalized_word, sense_id, sentence_en, sentence_zh, source_type, source_ref, difficulty, example_order, publish_status, updated_at) VALUES ('artist-example-1', 'artist', 'artist', 'artist', 'artist-sense-1', 'The artist was important in the discussion.', '', 'generated', 'top-3000-public-content-v1-wordnet-assisted', 'easy', 1, 'active', CURRENT_TIMESTAMP) ON CONFLICT(id) DO UPDATE SET word = excluded.word, normalized_word = excluded.normalized_word, sense_id = excluded.sense_id, sentence_en = excluded.sentence_en, sentence_zh = excluded.sentence_zh, source_type = excluded.source_type, source_ref = excluded.source_ref, difficulty = excluded.difficulty, example_order = excluded.example_order, publish_status = excluded.publish_status, updated_at = CURRENT_TIMESTAMP;
INSERT INTO vocabulary_scenario_links (vocabulary_id, word, normalized_word, scenario_id, relevance, created_at) VALUES ('artist', 'artist', 'artist', 'thinking', 70, CURRENT_TIMESTAMP) ON CONFLICT(vocabulary_id, scenario_id) DO UPDATE SET word = excluded.word, normalized_word = excluded.normalized_word, relevance = excluded.relevance;

UPDATE core_vocabulary SET word = 'conflict', meaning_zh = '冲突；矛盾', definition_en = 'a serious disagreement or opposition between people, ideas, or interests', primary_part_of_speech = 'noun', phonetic_us = '/ˈkɑːnflɪkt/', phonetic_uk = '/ˈkɒnflɪkt/', updated_at = CURRENT_TIMESTAMP WHERE id = 'conflict';
UPDATE vocabulary_pronunciations SET phonetic = CASE accent WHEN 'us' THEN '/ˈkɑːnflɪkt/' WHEN 'uk' THEN '/ˈkɒnflɪkt/' ELSE phonetic END, phonetic_source = 'manual-curation-pending-review', updated_at = CURRENT_TIMESTAMP WHERE vocabulary_id = 'conflict' AND accent IN ('us', 'uk');
INSERT INTO vocabulary_senses (id, vocabulary_id, word, normalized_word, part_of_speech, meaning_zh, definition_en, usage_note, sense_order, level, publish_status, updated_at) VALUES ('conflict-sense-1', 'conflict', 'conflict', 'conflict', 'noun', '冲突；矛盾', 'a serious disagreement or opposition between people, ideas, or interests', 'Learner bootstrap sense; WordNet-assisted and pending human review.', 1, NULL, 'active', CURRENT_TIMESTAMP) ON CONFLICT(id) DO UPDATE SET word = excluded.word, normalized_word = excluded.normalized_word, part_of_speech = excluded.part_of_speech, meaning_zh = excluded.meaning_zh, definition_en = excluded.definition_en, usage_note = excluded.usage_note, sense_order = excluded.sense_order, publish_status = excluded.publish_status, updated_at = CURRENT_TIMESTAMP;
INSERT INTO vocabulary_examples (id, vocabulary_id, word, normalized_word, sense_id, sentence_en, sentence_zh, source_type, source_ref, difficulty, example_order, publish_status, updated_at) VALUES ('conflict-example-1', 'conflict', 'conflict', 'conflict', 'conflict-sense-1', 'The conflict was resolved after a calm discussion.', '', 'generated', 'top-3000-public-content-v1-wordnet-assisted', 'easy', 1, 'active', CURRENT_TIMESTAMP) ON CONFLICT(id) DO UPDATE SET word = excluded.word, normalized_word = excluded.normalized_word, sense_id = excluded.sense_id, sentence_en = excluded.sentence_en, sentence_zh = excluded.sentence_zh, source_type = excluded.source_type, source_ref = excluded.source_ref, difficulty = excluded.difficulty, example_order = excluded.example_order, publish_status = excluded.publish_status, updated_at = CURRENT_TIMESTAMP;
INSERT INTO vocabulary_scenario_links (vocabulary_id, word, normalized_word, scenario_id, relevance, created_at) VALUES ('conflict', 'conflict', 'conflict', 'thinking', 70, CURRENT_TIMESTAMP) ON CONFLICT(vocabulary_id, scenario_id) DO UPDATE SET word = excluded.word, normalized_word = excluded.normalized_word, relevance = excluded.relevance;

UPDATE core_vocabulary SET word = 'entire', meaning_zh = '全部的；完整的', definition_en = 'including every part; complete', primary_part_of_speech = 'adjective', phonetic_us = '/ɪntˈaɪɚ/', phonetic_uk = '/ɪntˈaɪə/', updated_at = CURRENT_TIMESTAMP WHERE id = 'entire';
UPDATE vocabulary_pronunciations SET phonetic = CASE accent WHEN 'us' THEN '/ɪntˈaɪɚ/' WHEN 'uk' THEN '/ɪntˈaɪə/' ELSE phonetic END, phonetic_source = 'manual-curation-pending-review', updated_at = CURRENT_TIMESTAMP WHERE vocabulary_id = 'entire' AND accent IN ('us', 'uk');
INSERT INTO vocabulary_senses (id, vocabulary_id, word, normalized_word, part_of_speech, meaning_zh, definition_en, usage_note, sense_order, level, publish_status, updated_at) VALUES ('entire-sense-1', 'entire', 'entire', 'entire', 'adjective', '全部的；完整的', 'including every part; complete', 'Learner bootstrap sense; WordNet-assisted and pending human review.', 1, NULL, 'active', CURRENT_TIMESTAMP) ON CONFLICT(id) DO UPDATE SET word = excluded.word, normalized_word = excluded.normalized_word, part_of_speech = excluded.part_of_speech, meaning_zh = excluded.meaning_zh, definition_en = excluded.definition_en, usage_note = excluded.usage_note, sense_order = excluded.sense_order, publish_status = excluded.publish_status, updated_at = CURRENT_TIMESTAMP;
INSERT INTO vocabulary_examples (id, vocabulary_id, word, normalized_word, sense_id, sentence_en, sentence_zh, source_type, source_ref, difficulty, example_order, publish_status, updated_at) VALUES ('entire-example-1', 'entire', 'entire', 'entire', 'entire-sense-1', 'He read the entire article before class.', '', 'generated', 'top-3000-public-content-v1-wordnet-assisted', 'easy', 1, 'active', CURRENT_TIMESTAMP) ON CONFLICT(id) DO UPDATE SET word = excluded.word, normalized_word = excluded.normalized_word, sense_id = excluded.sense_id, sentence_en = excluded.sentence_en, sentence_zh = excluded.sentence_zh, source_type = excluded.source_type, source_ref = excluded.source_ref, difficulty = excluded.difficulty, example_order = excluded.example_order, publish_status = excluded.publish_status, updated_at = CURRENT_TIMESTAMP;
INSERT INTO vocabulary_scenario_links (vocabulary_id, word, normalized_word, scenario_id, relevance, created_at) VALUES ('entire', 'entire', 'entire', 'emotion', 70, CURRENT_TIMESTAMP) ON CONFLICT(vocabulary_id, scenario_id) DO UPDATE SET word = excluded.word, normalized_word = excluded.normalized_word, relevance = excluded.relevance;

UPDATE core_vocabulary SET word = 'presence', meaning_zh = '在场；出现', definition_en = 'the state of being present; current existence', primary_part_of_speech = 'noun', phonetic_us = '/ˈprɛzəns/', phonetic_uk = '/ˈprɛzəns/', updated_at = CURRENT_TIMESTAMP WHERE id = 'presence';
UPDATE vocabulary_pronunciations SET phonetic = CASE accent WHEN 'us' THEN '/ˈprɛzəns/' WHEN 'uk' THEN '/ˈprɛzəns/' ELSE phonetic END, phonetic_source = 'manual-curation-pending-review', updated_at = CURRENT_TIMESTAMP WHERE vocabulary_id = 'presence' AND accent IN ('us', 'uk');
INSERT INTO vocabulary_senses (id, vocabulary_id, word, normalized_word, part_of_speech, meaning_zh, definition_en, usage_note, sense_order, level, publish_status, updated_at) VALUES ('presence-sense-1', 'presence', 'presence', 'presence', 'noun', '在场；出现', 'the state of being present; current existence', 'Learner bootstrap sense; WordNet-assisted and pending human review.', 1, NULL, 'active', CURRENT_TIMESTAMP) ON CONFLICT(id) DO UPDATE SET word = excluded.word, normalized_word = excluded.normalized_word, part_of_speech = excluded.part_of_speech, meaning_zh = excluded.meaning_zh, definition_en = excluded.definition_en, usage_note = excluded.usage_note, sense_order = excluded.sense_order, publish_status = excluded.publish_status, updated_at = CURRENT_TIMESTAMP;
INSERT INTO vocabulary_examples (id, vocabulary_id, word, normalized_word, sense_id, sentence_en, sentence_zh, source_type, source_ref, difficulty, example_order, publish_status, updated_at) VALUES ('presence-example-1', 'presence', 'presence', 'presence', 'presence-sense-1', 'He tested for the presence of radon', '', 'imported', 'wordnet-3.0', 'easy', 1, 'active', CURRENT_TIMESTAMP) ON CONFLICT(id) DO UPDATE SET word = excluded.word, normalized_word = excluded.normalized_word, sense_id = excluded.sense_id, sentence_en = excluded.sentence_en, sentence_zh = excluded.sentence_zh, source_type = excluded.source_type, source_ref = excluded.source_ref, difficulty = excluded.difficulty, example_order = excluded.example_order, publish_status = excluded.publish_status, updated_at = CURRENT_TIMESTAMP;
INSERT INTO vocabulary_scenario_links (vocabulary_id, word, normalized_word, scenario_id, relevance, created_at) VALUES ('presence', 'presence', 'presence', 'thinking', 70, CURRENT_TIMESTAMP) ON CONFLICT(vocabulary_id, scenario_id) DO UPDATE SET word = excluded.word, normalized_word = excluded.normalized_word, relevance = excluded.relevance;

UPDATE core_vocabulary SET word = 'crowd', meaning_zh = '人群', definition_en = 'a large number of things or people considered together', primary_part_of_speech = 'noun', phonetic_us = '/kraʊd/', phonetic_uk = '/kraʊd/', updated_at = CURRENT_TIMESTAMP WHERE id = 'crowd';
UPDATE vocabulary_pronunciations SET phonetic = CASE accent WHEN 'us' THEN '/kraʊd/' WHEN 'uk' THEN '/kraʊd/' ELSE phonetic END, phonetic_source = 'manual-curation-pending-review', updated_at = CURRENT_TIMESTAMP WHERE vocabulary_id = 'crowd' AND accent IN ('us', 'uk');
INSERT INTO vocabulary_senses (id, vocabulary_id, word, normalized_word, part_of_speech, meaning_zh, definition_en, usage_note, sense_order, level, publish_status, updated_at) VALUES ('crowd-sense-1', 'crowd', 'crowd', 'crowd', 'noun', '人群', 'a large number of things or people considered together', 'Learner bootstrap sense; WordNet-assisted and pending human review.', 1, NULL, 'active', CURRENT_TIMESTAMP) ON CONFLICT(id) DO UPDATE SET word = excluded.word, normalized_word = excluded.normalized_word, part_of_speech = excluded.part_of_speech, meaning_zh = excluded.meaning_zh, definition_en = excluded.definition_en, usage_note = excluded.usage_note, sense_order = excluded.sense_order, publish_status = excluded.publish_status, updated_at = CURRENT_TIMESTAMP;
INSERT INTO vocabulary_examples (id, vocabulary_id, word, normalized_word, sense_id, sentence_en, sentence_zh, source_type, source_ref, difficulty, example_order, publish_status, updated_at) VALUES ('crowd-example-1', 'crowd', 'crowd', 'crowd', 'crowd-sense-1', 'A crowd of insects assembled around the flowers', '', 'imported', 'wordnet-3.0', 'easy', 1, 'active', CURRENT_TIMESTAMP) ON CONFLICT(id) DO UPDATE SET word = excluded.word, normalized_word = excluded.normalized_word, sense_id = excluded.sense_id, sentence_en = excluded.sentence_en, sentence_zh = excluded.sentence_zh, source_type = excluded.source_type, source_ref = excluded.source_ref, difficulty = excluded.difficulty, example_order = excluded.example_order, publish_status = excluded.publish_status, updated_at = CURRENT_TIMESTAMP;
INSERT INTO vocabulary_scenario_links (vocabulary_id, word, normalized_word, scenario_id, relevance, created_at) VALUES ('crowd', 'crowd', 'crowd', 'work', 70, CURRENT_TIMESTAMP) ON CONFLICT(vocabulary_id, scenario_id) DO UPDATE SET word = excluded.word, normalized_word = excluded.normalized_word, relevance = excluded.relevance;

UPDATE core_vocabulary SET word = 'corner', meaning_zh = '角，角落', definition_en = 'an interior angle formed by two meeting walls', primary_part_of_speech = 'noun', phonetic_us = '/ˈkɔrnɚ/', phonetic_uk = '/ˈkɔːnə/', updated_at = CURRENT_TIMESTAMP WHERE id = 'corner';
UPDATE vocabulary_pronunciations SET phonetic = CASE accent WHEN 'us' THEN '/ˈkɔrnɚ/' WHEN 'uk' THEN '/ˈkɔːnə/' ELSE phonetic END, phonetic_source = 'manual-curation-pending-review', updated_at = CURRENT_TIMESTAMP WHERE vocabulary_id = 'corner' AND accent IN ('us', 'uk');
INSERT INTO vocabulary_senses (id, vocabulary_id, word, normalized_word, part_of_speech, meaning_zh, definition_en, usage_note, sense_order, level, publish_status, updated_at) VALUES ('corner-sense-1', 'corner', 'corner', 'corner', 'noun', '角，角落', 'an interior angle formed by two meeting walls', 'Learner bootstrap sense; WordNet-assisted and pending human review.', 1, NULL, 'active', CURRENT_TIMESTAMP) ON CONFLICT(id) DO UPDATE SET word = excluded.word, normalized_word = excluded.normalized_word, part_of_speech = excluded.part_of_speech, meaning_zh = excluded.meaning_zh, definition_en = excluded.definition_en, usage_note = excluded.usage_note, sense_order = excluded.sense_order, publish_status = excluded.publish_status, updated_at = CURRENT_TIMESTAMP;
INSERT INTO vocabulary_examples (id, vocabulary_id, word, normalized_word, sense_id, sentence_en, sentence_zh, source_type, source_ref, difficulty, example_order, publish_status, updated_at) VALUES ('corner-example-1', 'corner', 'corner', 'corner', 'corner-sense-1', 'A piano was in one corner of the room', '', 'imported', 'wordnet-3.0', 'easy', 1, 'active', CURRENT_TIMESTAMP) ON CONFLICT(id) DO UPDATE SET word = excluded.word, normalized_word = excluded.normalized_word, sense_id = excluded.sense_id, sentence_en = excluded.sentence_en, sentence_zh = excluded.sentence_zh, source_type = excluded.source_type, source_ref = excluded.source_ref, difficulty = excluded.difficulty, example_order = excluded.example_order, publish_status = excluded.publish_status, updated_at = CURRENT_TIMESTAMP;
INSERT INTO vocabulary_scenario_links (vocabulary_id, word, normalized_word, scenario_id, relevance, created_at) VALUES ('corner', 'corner', 'corner', 'daily', 70, CURRENT_TIMESTAMP) ON CONFLICT(vocabulary_id, scenario_id) DO UPDATE SET word = excluded.word, normalized_word = excluded.normalized_word, relevance = excluded.relevance;

UPDATE core_vocabulary SET word = 'gas', meaning_zh = '气体；汽油', definition_en = 'a fluid in the gaseous state having neither independent shape nor volume and being able to expand indefinitely', primary_part_of_speech = 'noun', phonetic_us = '/ɡæs/', phonetic_uk = '/ɡæs/', updated_at = CURRENT_TIMESTAMP WHERE id = 'gas';
UPDATE vocabulary_pronunciations SET phonetic = CASE accent WHEN 'us' THEN '/ɡæs/' WHEN 'uk' THEN '/ɡæs/' ELSE phonetic END, phonetic_source = 'manual-curation-pending-review', updated_at = CURRENT_TIMESTAMP WHERE vocabulary_id = 'gas' AND accent IN ('us', 'uk');
INSERT INTO vocabulary_senses (id, vocabulary_id, word, normalized_word, part_of_speech, meaning_zh, definition_en, usage_note, sense_order, level, publish_status, updated_at) VALUES ('gas-sense-1', 'gas', 'gas', 'gas', 'noun', '气体；汽油', 'a fluid in the gaseous state having neither independent shape nor volume and being able to expand indefinitely', 'Learner bootstrap sense; WordNet-assisted and pending human review.', 1, NULL, 'active', CURRENT_TIMESTAMP) ON CONFLICT(id) DO UPDATE SET word = excluded.word, normalized_word = excluded.normalized_word, part_of_speech = excluded.part_of_speech, meaning_zh = excluded.meaning_zh, definition_en = excluded.definition_en, usage_note = excluded.usage_note, sense_order = excluded.sense_order, publish_status = excluded.publish_status, updated_at = CURRENT_TIMESTAMP;
INSERT INTO vocabulary_examples (id, vocabulary_id, word, normalized_word, sense_id, sentence_en, sentence_zh, source_type, source_ref, difficulty, example_order, publish_status, updated_at) VALUES ('gas-example-1', 'gas', 'gas', 'gas', 'gas-sense-1', 'The gas was important in the discussion.', '', 'generated', 'top-3000-public-content-v1-wordnet-assisted', 'easy', 1, 'active', CURRENT_TIMESTAMP) ON CONFLICT(id) DO UPDATE SET word = excluded.word, normalized_word = excluded.normalized_word, sense_id = excluded.sense_id, sentence_en = excluded.sentence_en, sentence_zh = excluded.sentence_zh, source_type = excluded.source_type, source_ref = excluded.source_ref, difficulty = excluded.difficulty, example_order = excluded.example_order, publish_status = excluded.publish_status, updated_at = CURRENT_TIMESTAMP;
INSERT INTO vocabulary_scenario_links (vocabulary_id, word, normalized_word, scenario_id, relevance, created_at) VALUES ('gas', 'gas', 'gas', 'thinking', 70, CURRENT_TIMESTAMP) ON CONFLICT(vocabulary_id, scenario_id) DO UPDATE SET word = excluded.word, normalized_word = excluded.normalized_word, relevance = excluded.relevance;

UPDATE core_vocabulary SET word = 'shift', meaning_zh = '转换', definition_en = 'make a shift in or exchange of', primary_part_of_speech = 'verb', phonetic_us = '/ʃɪft/', phonetic_uk = '/ʃɪft/', updated_at = CURRENT_TIMESTAMP WHERE id = 'shift';
UPDATE vocabulary_pronunciations SET phonetic = CASE accent WHEN 'us' THEN '/ʃɪft/' WHEN 'uk' THEN '/ʃɪft/' ELSE phonetic END, phonetic_source = 'manual-curation-pending-review', updated_at = CURRENT_TIMESTAMP WHERE vocabulary_id = 'shift' AND accent IN ('us', 'uk');
INSERT INTO vocabulary_senses (id, vocabulary_id, word, normalized_word, part_of_speech, meaning_zh, definition_en, usage_note, sense_order, level, publish_status, updated_at) VALUES ('shift-sense-1', 'shift', 'shift', 'shift', 'verb', '转换', 'make a shift in or exchange of', 'Learner bootstrap sense; WordNet-assisted and pending human review.', 1, NULL, 'active', CURRENT_TIMESTAMP) ON CONFLICT(id) DO UPDATE SET word = excluded.word, normalized_word = excluded.normalized_word, part_of_speech = excluded.part_of_speech, meaning_zh = excluded.meaning_zh, definition_en = excluded.definition_en, usage_note = excluded.usage_note, sense_order = excluded.sense_order, publish_status = excluded.publish_status, updated_at = CURRENT_TIMESTAMP;
INSERT INTO vocabulary_examples (id, vocabulary_id, word, normalized_word, sense_id, sentence_en, sentence_zh, source_type, source_ref, difficulty, example_order, publish_status, updated_at) VALUES ('shift-example-1', 'shift', 'shift', 'shift', 'shift-sense-1', 'They tried to shift carefully.', '', 'generated', 'top-3000-public-content-v1-wordnet-assisted', 'easy', 1, 'active', CURRENT_TIMESTAMP) ON CONFLICT(id) DO UPDATE SET word = excluded.word, normalized_word = excluded.normalized_word, sense_id = excluded.sense_id, sentence_en = excluded.sentence_en, sentence_zh = excluded.sentence_zh, source_type = excluded.source_type, source_ref = excluded.source_ref, difficulty = excluded.difficulty, example_order = excluded.example_order, publish_status = excluded.publish_status, updated_at = CURRENT_TIMESTAMP;
INSERT INTO vocabulary_scenario_links (vocabulary_id, word, normalized_word, scenario_id, relevance, created_at) VALUES ('shift', 'shift', 'shift', 'problem-solving', 70, CURRENT_TIMESTAMP) ON CONFLICT(vocabulary_id, scenario_id) DO UPDATE SET word = excluded.word, normalized_word = excluded.normalized_word, relevance = excluded.relevance;

UPDATE core_vocabulary SET word = 'net', meaning_zh = '网状物', definition_en = 'a computer network consisting of a worldwide network of computer networks that use the TCP/IP network protocols to facilitate data transmission and exchange', primary_part_of_speech = 'noun', phonetic_us = '/nɛt/', phonetic_uk = '/nɛt/', updated_at = CURRENT_TIMESTAMP WHERE id = 'net';
UPDATE vocabulary_pronunciations SET phonetic = CASE accent WHEN 'us' THEN '/nɛt/' WHEN 'uk' THEN '/nɛt/' ELSE phonetic END, phonetic_source = 'manual-curation-pending-review', updated_at = CURRENT_TIMESTAMP WHERE vocabulary_id = 'net' AND accent IN ('us', 'uk');
INSERT INTO vocabulary_senses (id, vocabulary_id, word, normalized_word, part_of_speech, meaning_zh, definition_en, usage_note, sense_order, level, publish_status, updated_at) VALUES ('net-sense-1', 'net', 'net', 'net', 'noun', '网状物', 'a computer network consisting of a worldwide network of computer networks that use the TCP/IP network protocols to facilitate data transmission and exchange', 'Learner bootstrap sense; WordNet-assisted and pending human review.', 1, NULL, 'active', CURRENT_TIMESTAMP) ON CONFLICT(id) DO UPDATE SET word = excluded.word, normalized_word = excluded.normalized_word, part_of_speech = excluded.part_of_speech, meaning_zh = excluded.meaning_zh, definition_en = excluded.definition_en, usage_note = excluded.usage_note, sense_order = excluded.sense_order, publish_status = excluded.publish_status, updated_at = CURRENT_TIMESTAMP;
INSERT INTO vocabulary_examples (id, vocabulary_id, word, normalized_word, sense_id, sentence_en, sentence_zh, source_type, source_ref, difficulty, example_order, publish_status, updated_at) VALUES ('net-example-1', 'net', 'net', 'net', 'net-sense-1', 'The net was important in the discussion.', '', 'generated', 'top-3000-public-content-v1-wordnet-assisted', 'easy', 1, 'active', CURRENT_TIMESTAMP) ON CONFLICT(id) DO UPDATE SET word = excluded.word, normalized_word = excluded.normalized_word, sense_id = excluded.sense_id, sentence_en = excluded.sentence_en, sentence_zh = excluded.sentence_zh, source_type = excluded.source_type, source_ref = excluded.source_ref, difficulty = excluded.difficulty, example_order = excluded.example_order, publish_status = excluded.publish_status, updated_at = CURRENT_TIMESTAMP;
INSERT INTO vocabulary_scenario_links (vocabulary_id, word, normalized_word, scenario_id, relevance, created_at) VALUES ('net', 'net', 'net', 'daily', 70, CURRENT_TIMESTAMP) ON CONFLICT(vocabulary_id, scenario_id) DO UPDATE SET word = excluded.word, normalized_word = excluded.normalized_word, relevance = excluded.relevance;

UPDATE core_vocabulary SET word = 'category', meaning_zh = '种类', definition_en = 'a collection of things sharing a common attribute', primary_part_of_speech = 'noun', phonetic_us = '/ˈkætəɡˌɔriː/', phonetic_uk = '/ˈkætəɡˌɔːiː/', updated_at = CURRENT_TIMESTAMP WHERE id = 'category';
UPDATE vocabulary_pronunciations SET phonetic = CASE accent WHEN 'us' THEN '/ˈkætəɡˌɔriː/' WHEN 'uk' THEN '/ˈkætəɡˌɔːiː/' ELSE phonetic END, phonetic_source = 'manual-curation-pending-review', updated_at = CURRENT_TIMESTAMP WHERE vocabulary_id = 'category' AND accent IN ('us', 'uk');
INSERT INTO vocabulary_senses (id, vocabulary_id, word, normalized_word, part_of_speech, meaning_zh, definition_en, usage_note, sense_order, level, publish_status, updated_at) VALUES ('category-sense-1', 'category', 'category', 'category', 'noun', '种类', 'a collection of things sharing a common attribute', 'Learner bootstrap sense; WordNet-assisted and pending human review.', 1, NULL, 'active', CURRENT_TIMESTAMP) ON CONFLICT(id) DO UPDATE SET word = excluded.word, normalized_word = excluded.normalized_word, part_of_speech = excluded.part_of_speech, meaning_zh = excluded.meaning_zh, definition_en = excluded.definition_en, usage_note = excluded.usage_note, sense_order = excluded.sense_order, publish_status = excluded.publish_status, updated_at = CURRENT_TIMESTAMP;
INSERT INTO vocabulary_examples (id, vocabulary_id, word, normalized_word, sense_id, sentence_en, sentence_zh, source_type, source_ref, difficulty, example_order, publish_status, updated_at) VALUES ('category-example-1', 'category', 'category', 'category', 'category-sense-1', 'The category was important in the discussion.', '', 'generated', 'top-3000-public-content-v1-wordnet-assisted', 'easy', 1, 'active', CURRENT_TIMESTAMP) ON CONFLICT(id) DO UPDATE SET word = excluded.word, normalized_word = excluded.normalized_word, sense_id = excluded.sense_id, sentence_en = excluded.sentence_en, sentence_zh = excluded.sentence_zh, source_type = excluded.source_type, source_ref = excluded.source_ref, difficulty = excluded.difficulty, example_order = excluded.example_order, publish_status = excluded.publish_status, updated_at = CURRENT_TIMESTAMP;
INSERT INTO vocabulary_scenario_links (vocabulary_id, word, normalized_word, scenario_id, relevance, created_at) VALUES ('category', 'category', 'category', 'work', 70, CURRENT_TIMESTAMP) ON CONFLICT(vocabulary_id, scenario_id) DO UPDATE SET word = excluded.word, normalized_word = excluded.normalized_word, relevance = excluded.relevance;

UPDATE core_vocabulary SET word = 'secretary', meaning_zh = '秘书', definition_en = 'an assistant who handles correspondence and clerical work for a boss or an organization', primary_part_of_speech = 'noun', phonetic_us = '/ˈsɛkrətˌɛriː/', phonetic_uk = '/ˈsɛkrətˌeəiː/', updated_at = CURRENT_TIMESTAMP WHERE id = 'secretary';
UPDATE vocabulary_pronunciations SET phonetic = CASE accent WHEN 'us' THEN '/ˈsɛkrətˌɛriː/' WHEN 'uk' THEN '/ˈsɛkrətˌeəiː/' ELSE phonetic END, phonetic_source = 'manual-curation-pending-review', updated_at = CURRENT_TIMESTAMP WHERE vocabulary_id = 'secretary' AND accent IN ('us', 'uk');
INSERT INTO vocabulary_senses (id, vocabulary_id, word, normalized_word, part_of_speech, meaning_zh, definition_en, usage_note, sense_order, level, publish_status, updated_at) VALUES ('secretary-sense-1', 'secretary', 'secretary', 'secretary', 'noun', '秘书', 'an assistant who handles correspondence and clerical work for a boss or an organization', 'Learner bootstrap sense; WordNet-assisted and pending human review.', 1, NULL, 'active', CURRENT_TIMESTAMP) ON CONFLICT(id) DO UPDATE SET word = excluded.word, normalized_word = excluded.normalized_word, part_of_speech = excluded.part_of_speech, meaning_zh = excluded.meaning_zh, definition_en = excluded.definition_en, usage_note = excluded.usage_note, sense_order = excluded.sense_order, publish_status = excluded.publish_status, updated_at = CURRENT_TIMESTAMP;
INSERT INTO vocabulary_examples (id, vocabulary_id, word, normalized_word, sense_id, sentence_en, sentence_zh, source_type, source_ref, difficulty, example_order, publish_status, updated_at) VALUES ('secretary-example-1', 'secretary', 'secretary', 'secretary', 'secretary-sense-1', 'The secretary was important in the discussion.', '', 'generated', 'top-3000-public-content-v1-wordnet-assisted', 'easy', 1, 'active', CURRENT_TIMESTAMP) ON CONFLICT(id) DO UPDATE SET word = excluded.word, normalized_word = excluded.normalized_word, sense_id = excluded.sense_id, sentence_en = excluded.sentence_en, sentence_zh = excluded.sentence_zh, source_type = excluded.source_type, source_ref = excluded.source_ref, difficulty = excluded.difficulty, example_order = excluded.example_order, publish_status = excluded.publish_status, updated_at = CURRENT_TIMESTAMP;
INSERT INTO vocabulary_scenario_links (vocabulary_id, word, normalized_word, scenario_id, relevance, created_at) VALUES ('secretary', 'secretary', 'secretary', 'thinking', 70, CURRENT_TIMESTAMP) ON CONFLICT(vocabulary_id, scenario_id) DO UPDATE SET word = excluded.word, normalized_word = excluded.normalized_word, relevance = excluded.relevance;

UPDATE core_vocabulary SET word = 'defense', meaning_zh = '防卫', definition_en = '(psychiatry) an unconscious process that tries to reduce the anxiety associated with instinctive desires', primary_part_of_speech = 'noun', phonetic_us = '/dɪfˈɛns/', phonetic_uk = '/dɪfˈɛns/', updated_at = CURRENT_TIMESTAMP WHERE id = 'defense';
UPDATE vocabulary_pronunciations SET phonetic = CASE accent WHEN 'us' THEN '/dɪfˈɛns/' WHEN 'uk' THEN '/dɪfˈɛns/' ELSE phonetic END, phonetic_source = 'manual-curation-pending-review', updated_at = CURRENT_TIMESTAMP WHERE vocabulary_id = 'defense' AND accent IN ('us', 'uk');
INSERT INTO vocabulary_senses (id, vocabulary_id, word, normalized_word, part_of_speech, meaning_zh, definition_en, usage_note, sense_order, level, publish_status, updated_at) VALUES ('defense-sense-1', 'defense', 'defense', 'defense', 'noun', '防卫', '(psychiatry) an unconscious process that tries to reduce the anxiety associated with instinctive desires', 'Learner bootstrap sense; WordNet-assisted and pending human review.', 1, NULL, 'active', CURRENT_TIMESTAMP) ON CONFLICT(id) DO UPDATE SET word = excluded.word, normalized_word = excluded.normalized_word, part_of_speech = excluded.part_of_speech, meaning_zh = excluded.meaning_zh, definition_en = excluded.definition_en, usage_note = excluded.usage_note, sense_order = excluded.sense_order, publish_status = excluded.publish_status, updated_at = CURRENT_TIMESTAMP;
INSERT INTO vocabulary_examples (id, vocabulary_id, word, normalized_word, sense_id, sentence_en, sentence_zh, source_type, source_ref, difficulty, example_order, publish_status, updated_at) VALUES ('defense-example-1', 'defense', 'defense', 'defense', 'defense-sense-1', 'The defense was important in the discussion.', '', 'generated', 'top-3000-public-content-v1-wordnet-assisted', 'easy', 1, 'active', CURRENT_TIMESTAMP) ON CONFLICT(id) DO UPDATE SET word = excluded.word, normalized_word = excluded.normalized_word, sense_id = excluded.sense_id, sentence_en = excluded.sentence_en, sentence_zh = excluded.sentence_zh, source_type = excluded.source_type, source_ref = excluded.source_ref, difficulty = excluded.difficulty, example_order = excluded.example_order, publish_status = excluded.publish_status, updated_at = CURRENT_TIMESTAMP;
INSERT INTO vocabulary_scenario_links (vocabulary_id, word, normalized_word, scenario_id, relevance, created_at) VALUES ('defense', 'defense', 'defense', 'thinking', 70, CURRENT_TIMESTAMP) ON CONFLICT(vocabulary_id, scenario_id) DO UPDATE SET word = excluded.word, normalized_word = excluded.normalized_word, relevance = excluded.relevance;

UPDATE core_vocabulary SET word = 'quick', meaning_zh = '快速的', definition_en = 'moving quickly and lightly', primary_part_of_speech = 'adjective', phonetic_us = '/kwɪk/', phonetic_uk = '/kwɪk/', updated_at = CURRENT_TIMESTAMP WHERE id = 'quick';
UPDATE vocabulary_pronunciations SET phonetic = CASE accent WHEN 'us' THEN '/kwɪk/' WHEN 'uk' THEN '/kwɪk/' ELSE phonetic END, phonetic_source = 'manual-curation-pending-review', updated_at = CURRENT_TIMESTAMP WHERE vocabulary_id = 'quick' AND accent IN ('us', 'uk');
INSERT INTO vocabulary_senses (id, vocabulary_id, word, normalized_word, part_of_speech, meaning_zh, definition_en, usage_note, sense_order, level, publish_status, updated_at) VALUES ('quick-sense-1', 'quick', 'quick', 'quick', 'adjective', '快速的', 'moving quickly and lightly', 'Learner bootstrap sense; WordNet-assisted and pending human review.', 1, NULL, 'active', CURRENT_TIMESTAMP) ON CONFLICT(id) DO UPDATE SET word = excluded.word, normalized_word = excluded.normalized_word, part_of_speech = excluded.part_of_speech, meaning_zh = excluded.meaning_zh, definition_en = excluded.definition_en, usage_note = excluded.usage_note, sense_order = excluded.sense_order, publish_status = excluded.publish_status, updated_at = CURRENT_TIMESTAMP;
INSERT INTO vocabulary_examples (id, vocabulary_id, word, normalized_word, sense_id, sentence_en, sentence_zh, source_type, source_ref, difficulty, example_order, publish_status, updated_at) VALUES ('quick-example-1', 'quick', 'quick', 'quick', 'quick-sense-1', 'This is a quick example.', '', 'generated', 'top-3000-public-content-v1-wordnet-assisted', 'easy', 1, 'active', CURRENT_TIMESTAMP) ON CONFLICT(id) DO UPDATE SET word = excluded.word, normalized_word = excluded.normalized_word, sense_id = excluded.sense_id, sentence_en = excluded.sentence_en, sentence_zh = excluded.sentence_zh, source_type = excluded.source_type, source_ref = excluded.source_ref, difficulty = excluded.difficulty, example_order = excluded.example_order, publish_status = excluded.publish_status, updated_at = CURRENT_TIMESTAMP;
INSERT INTO vocabulary_scenario_links (vocabulary_id, word, normalized_word, scenario_id, relevance, created_at) VALUES ('quick', 'quick', 'quick', 'emotion', 70, CURRENT_TIMESTAMP) ON CONFLICT(vocabulary_id, scenario_id) DO UPDATE SET word = excluded.word, normalized_word = excluded.normalized_word, relevance = excluded.relevance;

UPDATE core_vocabulary SET word = 'cook', meaning_zh = '烹饪', definition_en = 'prepare for eating by applying heat', primary_part_of_speech = 'verb', phonetic_us = '/kʊk/', phonetic_uk = '/kʊk/', updated_at = CURRENT_TIMESTAMP WHERE id = 'cook';
UPDATE vocabulary_pronunciations SET phonetic = CASE accent WHEN 'us' THEN '/kʊk/' WHEN 'uk' THEN '/kʊk/' ELSE phonetic END, phonetic_source = 'manual-curation-pending-review', updated_at = CURRENT_TIMESTAMP WHERE vocabulary_id = 'cook' AND accent IN ('us', 'uk');
INSERT INTO vocabulary_senses (id, vocabulary_id, word, normalized_word, part_of_speech, meaning_zh, definition_en, usage_note, sense_order, level, publish_status, updated_at) VALUES ('cook-sense-1', 'cook', 'cook', 'cook', 'verb', '烹饪', 'prepare for eating by applying heat', 'Learner bootstrap sense; WordNet-assisted and pending human review.', 1, NULL, 'active', CURRENT_TIMESTAMP) ON CONFLICT(id) DO UPDATE SET word = excluded.word, normalized_word = excluded.normalized_word, part_of_speech = excluded.part_of_speech, meaning_zh = excluded.meaning_zh, definition_en = excluded.definition_en, usage_note = excluded.usage_note, sense_order = excluded.sense_order, publish_status = excluded.publish_status, updated_at = CURRENT_TIMESTAMP;
INSERT INTO vocabulary_examples (id, vocabulary_id, word, normalized_word, sense_id, sentence_en, sentence_zh, source_type, source_ref, difficulty, example_order, publish_status, updated_at) VALUES ('cook-example-1', 'cook', 'cook', 'cook', 'cook-sense-1', 'Cook me dinner, please', '', 'imported', 'wordnet-3.0', 'easy', 1, 'active', CURRENT_TIMESTAMP) ON CONFLICT(id) DO UPDATE SET word = excluded.word, normalized_word = excluded.normalized_word, sense_id = excluded.sense_id, sentence_en = excluded.sentence_en, sentence_zh = excluded.sentence_zh, source_type = excluded.source_type, source_ref = excluded.source_ref, difficulty = excluded.difficulty, example_order = excluded.example_order, publish_status = excluded.publish_status, updated_at = CURRENT_TIMESTAMP;
INSERT INTO vocabulary_scenario_links (vocabulary_id, word, normalized_word, scenario_id, relevance, created_at) VALUES ('cook', 'cook', 'cook', 'problem-solving', 70, CURRENT_TIMESTAMP) ON CONFLICT(vocabulary_id, scenario_id) DO UPDATE SET word = excluded.word, normalized_word = excluded.normalized_word, relevance = excluded.relevance;

UPDATE core_vocabulary SET word = 'spread', meaning_zh = '传播', definition_en = 'cause to become widely known', primary_part_of_speech = 'verb', phonetic_us = '/sprɛd/', phonetic_uk = '/sprɛd/', updated_at = CURRENT_TIMESTAMP WHERE id = 'spread';
UPDATE vocabulary_pronunciations SET phonetic = CASE accent WHEN 'us' THEN '/sprɛd/' WHEN 'uk' THEN '/sprɛd/' ELSE phonetic END, phonetic_source = 'manual-curation-pending-review', updated_at = CURRENT_TIMESTAMP WHERE vocabulary_id = 'spread' AND accent IN ('us', 'uk');
INSERT INTO vocabulary_senses (id, vocabulary_id, word, normalized_word, part_of_speech, meaning_zh, definition_en, usage_note, sense_order, level, publish_status, updated_at) VALUES ('spread-sense-1', 'spread', 'spread', 'spread', 'verb', '传播', 'cause to become widely known', 'Learner bootstrap sense; WordNet-assisted and pending human review.', 1, NULL, 'active', CURRENT_TIMESTAMP) ON CONFLICT(id) DO UPDATE SET word = excluded.word, normalized_word = excluded.normalized_word, part_of_speech = excluded.part_of_speech, meaning_zh = excluded.meaning_zh, definition_en = excluded.definition_en, usage_note = excluded.usage_note, sense_order = excluded.sense_order, publish_status = excluded.publish_status, updated_at = CURRENT_TIMESTAMP;
INSERT INTO vocabulary_examples (id, vocabulary_id, word, normalized_word, sense_id, sentence_en, sentence_zh, source_type, source_ref, difficulty, example_order, publish_status, updated_at) VALUES ('spread-example-1', 'spread', 'spread', 'spread', 'spread-sense-1', 'They tried to spread carefully.', '', 'generated', 'top-3000-public-content-v1-wordnet-assisted', 'easy', 1, 'active', CURRENT_TIMESTAMP) ON CONFLICT(id) DO UPDATE SET word = excluded.word, normalized_word = excluded.normalized_word, sense_id = excluded.sense_id, sentence_en = excluded.sentence_en, sentence_zh = excluded.sentence_zh, source_type = excluded.source_type, source_ref = excluded.source_ref, difficulty = excluded.difficulty, example_order = excluded.example_order, publish_status = excluded.publish_status, updated_at = CURRENT_TIMESTAMP;
INSERT INTO vocabulary_scenario_links (vocabulary_id, word, normalized_word, scenario_id, relevance, created_at) VALUES ('spread', 'spread', 'spread', 'communication', 70, CURRENT_TIMESTAMP) ON CONFLICT(vocabulary_id, scenario_id) DO UPDATE SET word = excluded.word, normalized_word = excluded.normalized_word, relevance = excluded.relevance;

UPDATE core_vocabulary SET word = 'nuclear', meaning_zh = '原子能的；核能的', definition_en = '(weapons) deriving destructive energy from the release of atomic energy', primary_part_of_speech = 'adjective', phonetic_us = '/ˈnuːkliːɚ/', phonetic_uk = '/ˈnuːkliːə/', updated_at = CURRENT_TIMESTAMP WHERE id = 'nuclear';
UPDATE vocabulary_pronunciations SET phonetic = CASE accent WHEN 'us' THEN '/ˈnuːkliːɚ/' WHEN 'uk' THEN '/ˈnuːkliːə/' ELSE phonetic END, phonetic_source = 'manual-curation-pending-review', updated_at = CURRENT_TIMESTAMP WHERE vocabulary_id = 'nuclear' AND accent IN ('us', 'uk');
INSERT INTO vocabulary_senses (id, vocabulary_id, word, normalized_word, part_of_speech, meaning_zh, definition_en, usage_note, sense_order, level, publish_status, updated_at) VALUES ('nuclear-sense-1', 'nuclear', 'nuclear', 'nuclear', 'adjective', '原子能的；核能的', '(weapons) deriving destructive energy from the release of atomic energy', 'Learner bootstrap sense; WordNet-assisted and pending human review.', 1, NULL, 'active', CURRENT_TIMESTAMP) ON CONFLICT(id) DO UPDATE SET word = excluded.word, normalized_word = excluded.normalized_word, part_of_speech = excluded.part_of_speech, meaning_zh = excluded.meaning_zh, definition_en = excluded.definition_en, usage_note = excluded.usage_note, sense_order = excluded.sense_order, publish_status = excluded.publish_status, updated_at = CURRENT_TIMESTAMP;
INSERT INTO vocabulary_examples (id, vocabulary_id, word, normalized_word, sense_id, sentence_en, sentence_zh, source_type, source_ref, difficulty, example_order, publish_status, updated_at) VALUES ('nuclear-example-1', 'nuclear', 'nuclear', 'nuclear', 'nuclear-sense-1', 'This is a nuclear example.', '', 'generated', 'top-3000-public-content-v1-wordnet-assisted', 'easy', 1, 'active', CURRENT_TIMESTAMP) ON CONFLICT(id) DO UPDATE SET word = excluded.word, normalized_word = excluded.normalized_word, sense_id = excluded.sense_id, sentence_en = excluded.sentence_en, sentence_zh = excluded.sentence_zh, source_type = excluded.source_type, source_ref = excluded.source_ref, difficulty = excluded.difficulty, example_order = excluded.example_order, publish_status = excluded.publish_status, updated_at = CURRENT_TIMESTAMP;
INSERT INTO vocabulary_scenario_links (vocabulary_id, word, normalized_word, scenario_id, relevance, created_at) VALUES ('nuclear', 'nuclear', 'nuclear', 'emotion', 70, CURRENT_TIMESTAMP) ON CONFLICT(vocabulary_id, scenario_id) DO UPDATE SET word = excluded.word, normalized_word = excluded.normalized_word, relevance = excluded.relevance;

UPDATE core_vocabulary SET word = 'scale', meaning_zh = '规模', definition_en = 'an ordered reference standard', primary_part_of_speech = 'noun', phonetic_us = '/skeɪl/', phonetic_uk = '/skeɪl/', updated_at = CURRENT_TIMESTAMP WHERE id = 'scale';
UPDATE vocabulary_pronunciations SET phonetic = CASE accent WHEN 'us' THEN '/skeɪl/' WHEN 'uk' THEN '/skeɪl/' ELSE phonetic END, phonetic_source = 'manual-curation-pending-review', updated_at = CURRENT_TIMESTAMP WHERE vocabulary_id = 'scale' AND accent IN ('us', 'uk');
INSERT INTO vocabulary_senses (id, vocabulary_id, word, normalized_word, part_of_speech, meaning_zh, definition_en, usage_note, sense_order, level, publish_status, updated_at) VALUES ('scale-sense-1', 'scale', 'scale', 'scale', 'noun', '规模', 'an ordered reference standard', 'Learner bootstrap sense; WordNet-assisted and pending human review.', 1, NULL, 'active', CURRENT_TIMESTAMP) ON CONFLICT(id) DO UPDATE SET word = excluded.word, normalized_word = excluded.normalized_word, part_of_speech = excluded.part_of_speech, meaning_zh = excluded.meaning_zh, definition_en = excluded.definition_en, usage_note = excluded.usage_note, sense_order = excluded.sense_order, publish_status = excluded.publish_status, updated_at = CURRENT_TIMESTAMP;
INSERT INTO vocabulary_examples (id, vocabulary_id, word, normalized_word, sense_id, sentence_en, sentence_zh, source_type, source_ref, difficulty, example_order, publish_status, updated_at) VALUES ('scale-example-1', 'scale', 'scale', 'scale', 'scale-sense-1', 'Judging on a scale of 1 to 10', '', 'imported', 'wordnet-3.0', 'easy', 1, 'active', CURRENT_TIMESTAMP) ON CONFLICT(id) DO UPDATE SET word = excluded.word, normalized_word = excluded.normalized_word, sense_id = excluded.sense_id, sentence_en = excluded.sentence_en, sentence_zh = excluded.sentence_zh, source_type = excluded.source_type, source_ref = excluded.source_ref, difficulty = excluded.difficulty, example_order = excluded.example_order, publish_status = excluded.publish_status, updated_at = CURRENT_TIMESTAMP;
INSERT INTO vocabulary_scenario_links (vocabulary_id, word, normalized_word, scenario_id, relevance, created_at) VALUES ('scale', 'scale', 'scale', 'thinking', 70, CURRENT_TIMESTAMP) ON CONFLICT(vocabulary_id, scenario_id) DO UPDATE SET word = excluded.word, normalized_word = excluded.normalized_word, relevance = excluded.relevance;

UPDATE core_vocabulary SET word = 'driver', meaning_zh = '司机', definition_en = 'the operator of a motor vehicle', primary_part_of_speech = 'noun', phonetic_us = '/ˈdraɪvɚ/', phonetic_uk = '/ˈdraɪvə/', updated_at = CURRENT_TIMESTAMP WHERE id = 'driver';
UPDATE vocabulary_pronunciations SET phonetic = CASE accent WHEN 'us' THEN '/ˈdraɪvɚ/' WHEN 'uk' THEN '/ˈdraɪvə/' ELSE phonetic END, phonetic_source = 'manual-curation-pending-review', updated_at = CURRENT_TIMESTAMP WHERE vocabulary_id = 'driver' AND accent IN ('us', 'uk');
INSERT INTO vocabulary_senses (id, vocabulary_id, word, normalized_word, part_of_speech, meaning_zh, definition_en, usage_note, sense_order, level, publish_status, updated_at) VALUES ('driver-sense-1', 'driver', 'driver', 'driver', 'noun', '司机', 'the operator of a motor vehicle', 'Learner bootstrap sense; WordNet-assisted and pending human review.', 1, NULL, 'active', CURRENT_TIMESTAMP) ON CONFLICT(id) DO UPDATE SET word = excluded.word, normalized_word = excluded.normalized_word, part_of_speech = excluded.part_of_speech, meaning_zh = excluded.meaning_zh, definition_en = excluded.definition_en, usage_note = excluded.usage_note, sense_order = excluded.sense_order, publish_status = excluded.publish_status, updated_at = CURRENT_TIMESTAMP;
INSERT INTO vocabulary_examples (id, vocabulary_id, word, normalized_word, sense_id, sentence_en, sentence_zh, source_type, source_ref, difficulty, example_order, publish_status, updated_at) VALUES ('driver-example-1', 'driver', 'driver', 'driver', 'driver-sense-1', 'The driver was important in the discussion.', '', 'generated', 'top-3000-public-content-v1-wordnet-assisted', 'easy', 1, 'active', CURRENT_TIMESTAMP) ON CONFLICT(id) DO UPDATE SET word = excluded.word, normalized_word = excluded.normalized_word, sense_id = excluded.sense_id, sentence_en = excluded.sentence_en, sentence_zh = excluded.sentence_zh, source_type = excluded.source_type, source_ref = excluded.source_ref, difficulty = excluded.difficulty, example_order = excluded.example_order, publish_status = excluded.publish_status, updated_at = CURRENT_TIMESTAMP;
INSERT INTO vocabulary_scenario_links (vocabulary_id, word, normalized_word, scenario_id, relevance, created_at) VALUES ('driver', 'driver', 'driver', 'thinking', 70, CURRENT_TIMESTAMP) ON CONFLICT(vocabulary_id, scenario_id) DO UPDATE SET word = excluded.word, normalized_word = excluded.normalized_word, relevance = excluded.relevance;
