-- Top 3000 public vocabulary content v1, part 20.
-- Learner bootstrap content for words 1381-1400.
-- Definitions are WordNet-assisted where needed; examples are WordNet examples or generated learner sentences.
-- Phonetics are bootstrap IPA values and remain tracked for manual review.

UPDATE core_vocabulary SET word = 'egg', meaning_zh = '蛋', definition_en = 'oval reproductive body of a fowl (especially a hen) used as food', primary_part_of_speech = 'noun', phonetic_us = '/ɛɡ/', phonetic_uk = '/ɛɡ/', updated_at = CURRENT_TIMESTAMP WHERE id = 'egg';
UPDATE vocabulary_pronunciations SET phonetic = CASE accent WHEN 'us' THEN '/ɛɡ/' WHEN 'uk' THEN '/ɛɡ/' ELSE phonetic END, phonetic_source = 'manual-curation-pending-review', updated_at = CURRENT_TIMESTAMP WHERE vocabulary_id = 'egg' AND accent IN ('us', 'uk');
INSERT INTO vocabulary_senses (id, vocabulary_id, word, normalized_word, part_of_speech, meaning_zh, definition_en, usage_note, sense_order, level, publish_status, updated_at) VALUES ('egg-sense-1', 'egg', 'egg', 'egg', 'noun', '蛋', 'oval reproductive body of a fowl (especially a hen) used as food', 'Learner bootstrap sense; WordNet-assisted and pending human review.', 1, NULL, 'active', CURRENT_TIMESTAMP) ON CONFLICT(id) DO UPDATE SET word = excluded.word, normalized_word = excluded.normalized_word, part_of_speech = excluded.part_of_speech, meaning_zh = excluded.meaning_zh, definition_en = excluded.definition_en, usage_note = excluded.usage_note, sense_order = excluded.sense_order, publish_status = excluded.publish_status, updated_at = CURRENT_TIMESTAMP;
INSERT INTO vocabulary_examples (id, vocabulary_id, word, normalized_word, sense_id, sentence_en, sentence_zh, source_type, source_ref, difficulty, example_order, publish_status, updated_at) VALUES ('egg-example-1', 'egg', 'egg', 'egg', 'egg-sense-1', 'The egg was important in the discussion.', '', 'generated', 'top-3000-public-content-v1-wordnet-assisted', 'easy', 1, 'active', CURRENT_TIMESTAMP) ON CONFLICT(id) DO UPDATE SET word = excluded.word, normalized_word = excluded.normalized_word, sense_id = excluded.sense_id, sentence_en = excluded.sentence_en, sentence_zh = excluded.sentence_zh, source_type = excluded.source_type, source_ref = excluded.source_ref, difficulty = excluded.difficulty, example_order = excluded.example_order, publish_status = excluded.publish_status, updated_at = CURRENT_TIMESTAMP;
INSERT INTO vocabulary_scenario_links (vocabulary_id, word, normalized_word, scenario_id, relevance, created_at) VALUES ('egg', 'egg', 'egg', 'daily', 70, CURRENT_TIMESTAMP) ON CONFLICT(vocabulary_id, scenario_id) DO UPDATE SET word = excluded.word, normalized_word = excluded.normalized_word, relevance = excluded.relevance;

UPDATE core_vocabulary SET word = 'concert', meaning_zh = '音乐会', definition_en = 'a performance of music by players or singers not involving theatrical staging', primary_part_of_speech = 'noun', phonetic_us = '/ˈkɑnsɚt/', phonetic_uk = '/ˈkɑnsət/', updated_at = CURRENT_TIMESTAMP WHERE id = 'concert';
UPDATE vocabulary_pronunciations SET phonetic = CASE accent WHEN 'us' THEN '/ˈkɑnsɚt/' WHEN 'uk' THEN '/ˈkɑnsət/' ELSE phonetic END, phonetic_source = 'manual-curation-pending-review', updated_at = CURRENT_TIMESTAMP WHERE vocabulary_id = 'concert' AND accent IN ('us', 'uk');
INSERT INTO vocabulary_senses (id, vocabulary_id, word, normalized_word, part_of_speech, meaning_zh, definition_en, usage_note, sense_order, level, publish_status, updated_at) VALUES ('concert-sense-1', 'concert', 'concert', 'concert', 'noun', '音乐会', 'a performance of music by players or singers not involving theatrical staging', 'Learner bootstrap sense; WordNet-assisted and pending human review.', 1, NULL, 'active', CURRENT_TIMESTAMP) ON CONFLICT(id) DO UPDATE SET word = excluded.word, normalized_word = excluded.normalized_word, part_of_speech = excluded.part_of_speech, meaning_zh = excluded.meaning_zh, definition_en = excluded.definition_en, usage_note = excluded.usage_note, sense_order = excluded.sense_order, publish_status = excluded.publish_status, updated_at = CURRENT_TIMESTAMP;
INSERT INTO vocabulary_examples (id, vocabulary_id, word, normalized_word, sense_id, sentence_en, sentence_zh, source_type, source_ref, difficulty, example_order, publish_status, updated_at) VALUES ('concert-example-1', 'concert', 'concert', 'concert', 'concert-sense-1', 'The concert was important in the discussion.', '', 'generated', 'top-3000-public-content-v1-wordnet-assisted', 'easy', 1, 'active', CURRENT_TIMESTAMP) ON CONFLICT(id) DO UPDATE SET word = excluded.word, normalized_word = excluded.normalized_word, sense_id = excluded.sense_id, sentence_en = excluded.sentence_en, sentence_zh = excluded.sentence_zh, source_type = excluded.source_type, source_ref = excluded.source_ref, difficulty = excluded.difficulty, example_order = excluded.example_order, publish_status = excluded.publish_status, updated_at = CURRENT_TIMESTAMP;
INSERT INTO vocabulary_scenario_links (vocabulary_id, word, normalized_word, scenario_id, relevance, created_at) VALUES ('concert', 'concert', 'concert', 'study', 70, CURRENT_TIMESTAMP) ON CONFLICT(vocabulary_id, scenario_id) DO UPDATE SET word = excluded.word, normalized_word = excluded.normalized_word, relevance = excluded.relevance;
INSERT INTO vocabulary_scenario_links (vocabulary_id, word, normalized_word, scenario_id, relevance, created_at) VALUES ('concert', 'concert', 'concert', 'communication', 70, CURRENT_TIMESTAMP) ON CONFLICT(vocabulary_id, scenario_id) DO UPDATE SET word = excluded.word, normalized_word = excluded.normalized_word, relevance = excluded.relevance;

UPDATE core_vocabulary SET word = 'shock', meaning_zh = '震惊', definition_en = 'the feeling of distress and disbelief that you have when something bad happens accidentally', primary_part_of_speech = 'noun', phonetic_us = '/ʃɑk/', phonetic_uk = '/ʃɑk/', updated_at = CURRENT_TIMESTAMP WHERE id = 'shock';
UPDATE vocabulary_pronunciations SET phonetic = CASE accent WHEN 'us' THEN '/ʃɑk/' WHEN 'uk' THEN '/ʃɑk/' ELSE phonetic END, phonetic_source = 'manual-curation-pending-review', updated_at = CURRENT_TIMESTAMP WHERE vocabulary_id = 'shock' AND accent IN ('us', 'uk');
INSERT INTO vocabulary_senses (id, vocabulary_id, word, normalized_word, part_of_speech, meaning_zh, definition_en, usage_note, sense_order, level, publish_status, updated_at) VALUES ('shock-sense-1', 'shock', 'shock', 'shock', 'noun', '震惊', 'the feeling of distress and disbelief that you have when something bad happens accidentally', 'Learner bootstrap sense; WordNet-assisted and pending human review.', 1, NULL, 'active', CURRENT_TIMESTAMP) ON CONFLICT(id) DO UPDATE SET word = excluded.word, normalized_word = excluded.normalized_word, part_of_speech = excluded.part_of_speech, meaning_zh = excluded.meaning_zh, definition_en = excluded.definition_en, usage_note = excluded.usage_note, sense_order = excluded.sense_order, publish_status = excluded.publish_status, updated_at = CURRENT_TIMESTAMP;
INSERT INTO vocabulary_examples (id, vocabulary_id, word, normalized_word, sense_id, sentence_en, sentence_zh, source_type, source_ref, difficulty, example_order, publish_status, updated_at) VALUES ('shock-example-1', 'shock', 'shock', 'shock', 'shock-sense-1', 'He was numb with shock', '', 'imported', 'wordnet-3.0', 'easy', 1, 'active', CURRENT_TIMESTAMP) ON CONFLICT(id) DO UPDATE SET word = excluded.word, normalized_word = excluded.normalized_word, sense_id = excluded.sense_id, sentence_en = excluded.sentence_en, sentence_zh = excluded.sentence_zh, source_type = excluded.source_type, source_ref = excluded.source_ref, difficulty = excluded.difficulty, example_order = excluded.example_order, publish_status = excluded.publish_status, updated_at = CURRENT_TIMESTAMP;
INSERT INTO vocabulary_scenario_links (vocabulary_id, word, normalized_word, scenario_id, relevance, created_at) VALUES ('shock', 'shock', 'shock', 'emotion', 70, CURRENT_TIMESTAMP) ON CONFLICT(vocabulary_id, scenario_id) DO UPDATE SET word = excluded.word, normalized_word = excluded.normalized_word, relevance = excluded.relevance;

UPDATE core_vocabulary SET word = 'comfortable', meaning_zh = '舒服的，自在的', definition_en = 'providing or experiencing physical well-being or relief (''comfy'' is informal)', primary_part_of_speech = 'adjective', phonetic_us = '/ˈkʌmfɚtəbəl/', phonetic_uk = '/ˈkʌmfətəbəl/', updated_at = CURRENT_TIMESTAMP WHERE id = 'comfortable';
UPDATE vocabulary_pronunciations SET phonetic = CASE accent WHEN 'us' THEN '/ˈkʌmfɚtəbəl/' WHEN 'uk' THEN '/ˈkʌmfətəbəl/' ELSE phonetic END, phonetic_source = 'manual-curation-pending-review', updated_at = CURRENT_TIMESTAMP WHERE vocabulary_id = 'comfortable' AND accent IN ('us', 'uk');
INSERT INTO vocabulary_senses (id, vocabulary_id, word, normalized_word, part_of_speech, meaning_zh, definition_en, usage_note, sense_order, level, publish_status, updated_at) VALUES ('comfortable-sense-1', 'comfortable', 'comfortable', 'comfortable', 'adjective', '舒服的，自在的', 'providing or experiencing physical well-being or relief (''comfy'' is informal)', 'Learner bootstrap sense; WordNet-assisted and pending human review.', 1, NULL, 'active', CURRENT_TIMESTAMP) ON CONFLICT(id) DO UPDATE SET word = excluded.word, normalized_word = excluded.normalized_word, part_of_speech = excluded.part_of_speech, meaning_zh = excluded.meaning_zh, definition_en = excluded.definition_en, usage_note = excluded.usage_note, sense_order = excluded.sense_order, publish_status = excluded.publish_status, updated_at = CURRENT_TIMESTAMP;
INSERT INTO vocabulary_examples (id, vocabulary_id, word, normalized_word, sense_id, sentence_en, sentence_zh, source_type, source_ref, difficulty, example_order, publish_status, updated_at) VALUES ('comfortable-example-1', 'comfortable', 'comfortable', 'comfortable', 'comfortable-sense-1', 'Made himself comfortable in an armchair', '', 'imported', 'wordnet-3.0', 'easy', 1, 'active', CURRENT_TIMESTAMP) ON CONFLICT(id) DO UPDATE SET word = excluded.word, normalized_word = excluded.normalized_word, sense_id = excluded.sense_id, sentence_en = excluded.sentence_en, sentence_zh = excluded.sentence_zh, source_type = excluded.source_type, source_ref = excluded.source_ref, difficulty = excluded.difficulty, example_order = excluded.example_order, publish_status = excluded.publish_status, updated_at = CURRENT_TIMESTAMP;
INSERT INTO vocabulary_scenario_links (vocabulary_id, word, normalized_word, scenario_id, relevance, created_at) VALUES ('comfortable', 'comfortable', 'comfortable', 'emotion', 70, CURRENT_TIMESTAMP) ON CONFLICT(vocabulary_id, scenario_id) DO UPDATE SET word = excluded.word, normalized_word = excluded.normalized_word, relevance = excluded.relevance;

UPDATE core_vocabulary SET word = 'usual', meaning_zh = '经常的', definition_en = 'occurring or encountered or experienced or observed frequently or in accordance with regular practice or procedure', primary_part_of_speech = 'adjective', phonetic_us = '/ˈjuːʒəwəl/', phonetic_uk = '/ˈjuːʒəwəl/', updated_at = CURRENT_TIMESTAMP WHERE id = 'usual';
UPDATE vocabulary_pronunciations SET phonetic = CASE accent WHEN 'us' THEN '/ˈjuːʒəwəl/' WHEN 'uk' THEN '/ˈjuːʒəwəl/' ELSE phonetic END, phonetic_source = 'manual-curation-pending-review', updated_at = CURRENT_TIMESTAMP WHERE vocabulary_id = 'usual' AND accent IN ('us', 'uk');
INSERT INTO vocabulary_senses (id, vocabulary_id, word, normalized_word, part_of_speech, meaning_zh, definition_en, usage_note, sense_order, level, publish_status, updated_at) VALUES ('usual-sense-1', 'usual', 'usual', 'usual', 'adjective', '经常的', 'occurring or encountered or experienced or observed frequently or in accordance with regular practice or procedure', 'Learner bootstrap sense; WordNet-assisted and pending human review.', 1, NULL, 'active', CURRENT_TIMESTAMP) ON CONFLICT(id) DO UPDATE SET word = excluded.word, normalized_word = excluded.normalized_word, part_of_speech = excluded.part_of_speech, meaning_zh = excluded.meaning_zh, definition_en = excluded.definition_en, usage_note = excluded.usage_note, sense_order = excluded.sense_order, publish_status = excluded.publish_status, updated_at = CURRENT_TIMESTAMP;
INSERT INTO vocabulary_examples (id, vocabulary_id, word, normalized_word, sense_id, sentence_en, sentence_zh, source_type, source_ref, difficulty, example_order, publish_status, updated_at) VALUES ('usual-example-1', 'usual', 'usual', 'usual', 'usual-sense-1', 'Grew the usual vegetables', '', 'imported', 'wordnet-3.0', 'easy', 1, 'active', CURRENT_TIMESTAMP) ON CONFLICT(id) DO UPDATE SET word = excluded.word, normalized_word = excluded.normalized_word, sense_id = excluded.sense_id, sentence_en = excluded.sentence_en, sentence_zh = excluded.sentence_zh, source_type = excluded.source_type, source_ref = excluded.source_ref, difficulty = excluded.difficulty, example_order = excluded.example_order, publish_status = excluded.publish_status, updated_at = CURRENT_TIMESTAMP;
INSERT INTO vocabulary_scenario_links (vocabulary_id, word, normalized_word, scenario_id, relevance, created_at) VALUES ('usual', 'usual', 'usual', 'emotion', 70, CURRENT_TIMESTAMP) ON CONFLICT(vocabulary_id, scenario_id) DO UPDATE SET word = excluded.word, normalized_word = excluded.normalized_word, relevance = excluded.relevance;

UPDATE core_vocabulary SET word = 'carefully', meaning_zh = '小心地', definition_en = 'taking care or paying attention', primary_part_of_speech = 'adverb', phonetic_us = '/ˈkɛrfəliː/', phonetic_uk = '/ˈkeəfəliː/', updated_at = CURRENT_TIMESTAMP WHERE id = 'carefully';
UPDATE vocabulary_pronunciations SET phonetic = CASE accent WHEN 'us' THEN '/ˈkɛrfəliː/' WHEN 'uk' THEN '/ˈkeəfəliː/' ELSE phonetic END, phonetic_source = 'manual-curation-pending-review', updated_at = CURRENT_TIMESTAMP WHERE vocabulary_id = 'carefully' AND accent IN ('us', 'uk');
INSERT INTO vocabulary_senses (id, vocabulary_id, word, normalized_word, part_of_speech, meaning_zh, definition_en, usage_note, sense_order, level, publish_status, updated_at) VALUES ('carefully-sense-1', 'carefully', 'carefully', 'carefully', 'adverb', '小心地', 'taking care or paying attention', 'Learner bootstrap sense; WordNet-assisted and pending human review.', 1, NULL, 'active', CURRENT_TIMESTAMP) ON CONFLICT(id) DO UPDATE SET word = excluded.word, normalized_word = excluded.normalized_word, part_of_speech = excluded.part_of_speech, meaning_zh = excluded.meaning_zh, definition_en = excluded.definition_en, usage_note = excluded.usage_note, sense_order = excluded.sense_order, publish_status = excluded.publish_status, updated_at = CURRENT_TIMESTAMP;
INSERT INTO vocabulary_examples (id, vocabulary_id, word, normalized_word, sense_id, sentence_en, sentence_zh, source_type, source_ref, difficulty, example_order, publish_status, updated_at) VALUES ('carefully-example-1', 'carefully', 'carefully', 'carefully', 'carefully-sense-1', 'She answered carefully.', '', 'generated', 'top-3000-public-content-v1-wordnet-assisted', 'easy', 1, 'active', CURRENT_TIMESTAMP) ON CONFLICT(id) DO UPDATE SET word = excluded.word, normalized_word = excluded.normalized_word, sense_id = excluded.sense_id, sentence_en = excluded.sentence_en, sentence_zh = excluded.sentence_zh, source_type = excluded.source_type, source_ref = excluded.source_ref, difficulty = excluded.difficulty, example_order = excluded.example_order, publish_status = excluded.publish_status, updated_at = CURRENT_TIMESTAMP;
INSERT INTO vocabulary_scenario_links (vocabulary_id, word, normalized_word, scenario_id, relevance, created_at) VALUES ('carefully', 'carefully', 'carefully', 'thinking', 70, CURRENT_TIMESTAMP) ON CONFLICT(vocabulary_id, scenario_id) DO UPDATE SET word = excluded.word, normalized_word = excluded.normalized_word, relevance = excluded.relevance;

UPDATE core_vocabulary SET word = 'pack', meaning_zh = '打包', definition_en = 'set up a committee or legislative body with one''s own supporters so as to influence the outcome', primary_part_of_speech = 'verb', phonetic_us = '/pæk/', phonetic_uk = '/pæk/', updated_at = CURRENT_TIMESTAMP WHERE id = 'pack';
UPDATE vocabulary_pronunciations SET phonetic = CASE accent WHEN 'us' THEN '/pæk/' WHEN 'uk' THEN '/pæk/' ELSE phonetic END, phonetic_source = 'manual-curation-pending-review', updated_at = CURRENT_TIMESTAMP WHERE vocabulary_id = 'pack' AND accent IN ('us', 'uk');
INSERT INTO vocabulary_senses (id, vocabulary_id, word, normalized_word, part_of_speech, meaning_zh, definition_en, usage_note, sense_order, level, publish_status, updated_at) VALUES ('pack-sense-1', 'pack', 'pack', 'pack', 'verb', '打包', 'set up a committee or legislative body with one''s own supporters so as to influence the outcome', 'Learner bootstrap sense; WordNet-assisted and pending human review.', 1, NULL, 'active', CURRENT_TIMESTAMP) ON CONFLICT(id) DO UPDATE SET word = excluded.word, normalized_word = excluded.normalized_word, part_of_speech = excluded.part_of_speech, meaning_zh = excluded.meaning_zh, definition_en = excluded.definition_en, usage_note = excluded.usage_note, sense_order = excluded.sense_order, publish_status = excluded.publish_status, updated_at = CURRENT_TIMESTAMP;
INSERT INTO vocabulary_examples (id, vocabulary_id, word, normalized_word, sense_id, sentence_en, sentence_zh, source_type, source_ref, difficulty, example_order, publish_status, updated_at) VALUES ('pack-example-1', 'pack', 'pack', 'pack', 'pack-sense-1', 'They tried to pack carefully.', '', 'generated', 'top-3000-public-content-v1-wordnet-assisted', 'easy', 1, 'active', CURRENT_TIMESTAMP) ON CONFLICT(id) DO UPDATE SET word = excluded.word, normalized_word = excluded.normalized_word, sense_id = excluded.sense_id, sentence_en = excluded.sentence_en, sentence_zh = excluded.sentence_zh, source_type = excluded.source_type, source_ref = excluded.source_ref, difficulty = excluded.difficulty, example_order = excluded.example_order, publish_status = excluded.publish_status, updated_at = CURRENT_TIMESTAMP;
INSERT INTO vocabulary_scenario_links (vocabulary_id, word, normalized_word, scenario_id, relevance, created_at) VALUES ('pack', 'pack', 'pack', 'problem-solving', 70, CURRENT_TIMESTAMP) ON CONFLICT(vocabulary_id, scenario_id) DO UPDATE SET word = excluded.word, normalized_word = excluded.normalized_word, relevance = excluded.relevance;

UPDATE core_vocabulary SET word = 'recall', meaning_zh = '回忆起', definition_en = 'recall knowledge from memory; have a recollection', primary_part_of_speech = 'verb', phonetic_us = '/ˈriːkˌɔl/', phonetic_uk = '/ˈriːkˌɔl/', updated_at = CURRENT_TIMESTAMP WHERE id = 'recall';
UPDATE vocabulary_pronunciations SET phonetic = CASE accent WHEN 'us' THEN '/ˈriːkˌɔl/' WHEN 'uk' THEN '/ˈriːkˌɔl/' ELSE phonetic END, phonetic_source = 'manual-curation-pending-review', updated_at = CURRENT_TIMESTAMP WHERE vocabulary_id = 'recall' AND accent IN ('us', 'uk');
INSERT INTO vocabulary_senses (id, vocabulary_id, word, normalized_word, part_of_speech, meaning_zh, definition_en, usage_note, sense_order, level, publish_status, updated_at) VALUES ('recall-sense-1', 'recall', 'recall', 'recall', 'verb', '回忆起', 'recall knowledge from memory; have a recollection', 'Learner bootstrap sense; WordNet-assisted and pending human review.', 1, NULL, 'active', CURRENT_TIMESTAMP) ON CONFLICT(id) DO UPDATE SET word = excluded.word, normalized_word = excluded.normalized_word, part_of_speech = excluded.part_of_speech, meaning_zh = excluded.meaning_zh, definition_en = excluded.definition_en, usage_note = excluded.usage_note, sense_order = excluded.sense_order, publish_status = excluded.publish_status, updated_at = CURRENT_TIMESTAMP;
INSERT INTO vocabulary_examples (id, vocabulary_id, word, normalized_word, sense_id, sentence_en, sentence_zh, source_type, source_ref, difficulty, example_order, publish_status, updated_at) VALUES ('recall-example-1', 'recall', 'recall', 'recall', 'recall-sense-1', 'They tried to recall carefully.', '', 'generated', 'top-3000-public-content-v1-wordnet-assisted', 'easy', 1, 'active', CURRENT_TIMESTAMP) ON CONFLICT(id) DO UPDATE SET word = excluded.word, normalized_word = excluded.normalized_word, sense_id = excluded.sense_id, sentence_en = excluded.sentence_en, sentence_zh = excluded.sentence_zh, source_type = excluded.source_type, source_ref = excluded.source_ref, difficulty = excluded.difficulty, example_order = excluded.example_order, publish_status = excluded.publish_status, updated_at = CURRENT_TIMESTAMP;
INSERT INTO vocabulary_scenario_links (vocabulary_id, word, normalized_word, scenario_id, relevance, created_at) VALUES ('recall', 'recall', 'recall', 'problem-solving', 70, CURRENT_TIMESTAMP) ON CONFLICT(vocabulary_id, scenario_id) DO UPDATE SET word = excluded.word, normalized_word = excluded.normalized_word, relevance = excluded.relevance;

UPDATE core_vocabulary SET word = 'wine', meaning_zh = '葡萄酒', definition_en = 'an alcoholic drink made from fermented grapes', primary_part_of_speech = 'noun', phonetic_us = '/waɪn/', phonetic_uk = '/waɪn/', updated_at = CURRENT_TIMESTAMP WHERE id = 'wine';
UPDATE vocabulary_pronunciations SET phonetic = CASE accent WHEN 'us' THEN '/waɪn/' WHEN 'uk' THEN '/waɪn/' ELSE phonetic END, phonetic_source = 'manual-curation-pending-review', updated_at = CURRENT_TIMESTAMP WHERE vocabulary_id = 'wine' AND accent IN ('us', 'uk');
INSERT INTO vocabulary_senses (id, vocabulary_id, word, normalized_word, part_of_speech, meaning_zh, definition_en, usage_note, sense_order, level, publish_status, updated_at) VALUES ('wine-sense-1', 'wine', 'wine', 'wine', 'noun', '葡萄酒', 'an alcoholic drink made from fermented grapes', 'Learner bootstrap sense; WordNet-assisted and pending human review.', 1, NULL, 'active', CURRENT_TIMESTAMP) ON CONFLICT(id) DO UPDATE SET word = excluded.word, normalized_word = excluded.normalized_word, part_of_speech = excluded.part_of_speech, meaning_zh = excluded.meaning_zh, definition_en = excluded.definition_en, usage_note = excluded.usage_note, sense_order = excluded.sense_order, publish_status = excluded.publish_status, updated_at = CURRENT_TIMESTAMP;
INSERT INTO vocabulary_examples (id, vocabulary_id, word, normalized_word, sense_id, sentence_en, sentence_zh, source_type, source_ref, difficulty, example_order, publish_status, updated_at) VALUES ('wine-example-1', 'wine', 'wine', 'wine', 'wine-sense-1', 'They served red wine with dinner.', '', 'generated', 'top-3000-public-content-v1-wordnet-assisted', 'easy', 1, 'active', CURRENT_TIMESTAMP) ON CONFLICT(id) DO UPDATE SET word = excluded.word, normalized_word = excluded.normalized_word, sense_id = excluded.sense_id, sentence_en = excluded.sentence_en, sentence_zh = excluded.sentence_zh, source_type = excluded.source_type, source_ref = excluded.source_ref, difficulty = excluded.difficulty, example_order = excluded.example_order, publish_status = excluded.publish_status, updated_at = CURRENT_TIMESTAMP;
INSERT INTO vocabulary_scenario_links (vocabulary_id, word, normalized_word, scenario_id, relevance, created_at) VALUES ('wine', 'wine', 'wine', 'daily', 70, CURRENT_TIMESTAMP) ON CONFLICT(vocabulary_id, scenario_id) DO UPDATE SET word = excluded.word, normalized_word = excluded.normalized_word, relevance = excluded.relevance;

UPDATE core_vocabulary SET word = 'camera', meaning_zh = '相机', definition_en = 'equipment for taking photographs (usually consisting of a lightproof box with a lens at one end and light-sensitive film at the other)', primary_part_of_speech = 'noun', phonetic_us = '/ˈkæmɚə/', phonetic_uk = '/ˈkæməə/', updated_at = CURRENT_TIMESTAMP WHERE id = 'camera';
UPDATE vocabulary_pronunciations SET phonetic = CASE accent WHEN 'us' THEN '/ˈkæmɚə/' WHEN 'uk' THEN '/ˈkæməə/' ELSE phonetic END, phonetic_source = 'manual-curation-pending-review', updated_at = CURRENT_TIMESTAMP WHERE vocabulary_id = 'camera' AND accent IN ('us', 'uk');
INSERT INTO vocabulary_senses (id, vocabulary_id, word, normalized_word, part_of_speech, meaning_zh, definition_en, usage_note, sense_order, level, publish_status, updated_at) VALUES ('camera-sense-1', 'camera', 'camera', 'camera', 'noun', '相机', 'equipment for taking photographs (usually consisting of a lightproof box with a lens at one end and light-sensitive film at the other)', 'Learner bootstrap sense; WordNet-assisted and pending human review.', 1, NULL, 'active', CURRENT_TIMESTAMP) ON CONFLICT(id) DO UPDATE SET word = excluded.word, normalized_word = excluded.normalized_word, part_of_speech = excluded.part_of_speech, meaning_zh = excluded.meaning_zh, definition_en = excluded.definition_en, usage_note = excluded.usage_note, sense_order = excluded.sense_order, publish_status = excluded.publish_status, updated_at = CURRENT_TIMESTAMP;
INSERT INTO vocabulary_examples (id, vocabulary_id, word, normalized_word, sense_id, sentence_en, sentence_zh, source_type, source_ref, difficulty, example_order, publish_status, updated_at) VALUES ('camera-example-1', 'camera', 'camera', 'camera', 'camera-sense-1', 'The camera was important in the discussion.', '', 'generated', 'top-3000-public-content-v1-wordnet-assisted', 'easy', 1, 'active', CURRENT_TIMESTAMP) ON CONFLICT(id) DO UPDATE SET word = excluded.word, normalized_word = excluded.normalized_word, sense_id = excluded.sense_id, sentence_en = excluded.sentence_en, sentence_zh = excluded.sentence_zh, source_type = excluded.source_type, source_ref = excluded.source_ref, difficulty = excluded.difficulty, example_order = excluded.example_order, publish_status = excluded.publish_status, updated_at = CURRENT_TIMESTAMP;
INSERT INTO vocabulary_scenario_links (vocabulary_id, word, normalized_word, scenario_id, relevance, created_at) VALUES ('camera', 'camera', 'camera', 'daily', 70, CURRENT_TIMESTAMP) ON CONFLICT(vocabulary_id, scenario_id) DO UPDATE SET word = excluded.word, normalized_word = excluded.normalized_word, relevance = excluded.relevance;

UPDATE core_vocabulary SET word = 'swim', meaning_zh = '游泳', definition_en = 'travel through water', primary_part_of_speech = 'verb', phonetic_us = '/swɪm/', phonetic_uk = '/swɪm/', updated_at = CURRENT_TIMESTAMP WHERE id = 'swim';
UPDATE vocabulary_pronunciations SET phonetic = CASE accent WHEN 'us' THEN '/swɪm/' WHEN 'uk' THEN '/swɪm/' ELSE phonetic END, phonetic_source = 'manual-curation-pending-review', updated_at = CURRENT_TIMESTAMP WHERE vocabulary_id = 'swim' AND accent IN ('us', 'uk');
INSERT INTO vocabulary_senses (id, vocabulary_id, word, normalized_word, part_of_speech, meaning_zh, definition_en, usage_note, sense_order, level, publish_status, updated_at) VALUES ('swim-sense-1', 'swim', 'swim', 'swim', 'verb', '游泳', 'travel through water', 'Learner bootstrap sense; WordNet-assisted and pending human review.', 1, NULL, 'active', CURRENT_TIMESTAMP) ON CONFLICT(id) DO UPDATE SET word = excluded.word, normalized_word = excluded.normalized_word, part_of_speech = excluded.part_of_speech, meaning_zh = excluded.meaning_zh, definition_en = excluded.definition_en, usage_note = excluded.usage_note, sense_order = excluded.sense_order, publish_status = excluded.publish_status, updated_at = CURRENT_TIMESTAMP;
INSERT INTO vocabulary_examples (id, vocabulary_id, word, normalized_word, sense_id, sentence_en, sentence_zh, source_type, source_ref, difficulty, example_order, publish_status, updated_at) VALUES ('swim-example-1', 'swim', 'swim', 'swim', 'swim-sense-1', 'We had to swim for 20 minutes to reach the shore', '', 'imported', 'wordnet-3.0', 'easy', 1, 'active', CURRENT_TIMESTAMP) ON CONFLICT(id) DO UPDATE SET word = excluded.word, normalized_word = excluded.normalized_word, sense_id = excluded.sense_id, sentence_en = excluded.sentence_en, sentence_zh = excluded.sentence_zh, source_type = excluded.source_type, source_ref = excluded.source_ref, difficulty = excluded.difficulty, example_order = excluded.example_order, publish_status = excluded.publish_status, updated_at = CURRENT_TIMESTAMP;
INSERT INTO vocabulary_scenario_links (vocabulary_id, word, normalized_word, scenario_id, relevance, created_at) VALUES ('swim', 'swim', 'swim', 'problem-solving', 70, CURRENT_TIMESTAMP) ON CONFLICT(vocabulary_id, scenario_id) DO UPDATE SET word = excluded.word, normalized_word = excluded.normalized_word, relevance = excluded.relevance;

UPDATE core_vocabulary SET word = 'manufacture', meaning_zh = '生产；制造', definition_en = 'to make goods in a factory or by an industrial process', primary_part_of_speech = 'verb', phonetic_us = '/ˌmænjəfˈæktʃɚ/', phonetic_uk = '/ˌmænjəfˈæktʃə/', updated_at = CURRENT_TIMESTAMP WHERE id = 'manufacture';
UPDATE vocabulary_pronunciations SET phonetic = CASE accent WHEN 'us' THEN '/ˌmænjəfˈæktʃɚ/' WHEN 'uk' THEN '/ˌmænjəfˈæktʃə/' ELSE phonetic END, phonetic_source = 'manual-curation-pending-review', updated_at = CURRENT_TIMESTAMP WHERE vocabulary_id = 'manufacture' AND accent IN ('us', 'uk');
INSERT INTO vocabulary_senses (id, vocabulary_id, word, normalized_word, part_of_speech, meaning_zh, definition_en, usage_note, sense_order, level, publish_status, updated_at) VALUES ('manufacture-sense-1', 'manufacture', 'manufacture', 'manufacture', 'verb', '生产；制造', 'to make goods in a factory or by an industrial process', 'Learner bootstrap sense; WordNet-assisted and pending human review.', 1, NULL, 'active', CURRENT_TIMESTAMP) ON CONFLICT(id) DO UPDATE SET word = excluded.word, normalized_word = excluded.normalized_word, part_of_speech = excluded.part_of_speech, meaning_zh = excluded.meaning_zh, definition_en = excluded.definition_en, usage_note = excluded.usage_note, sense_order = excluded.sense_order, publish_status = excluded.publish_status, updated_at = CURRENT_TIMESTAMP;
INSERT INTO vocabulary_examples (id, vocabulary_id, word, normalized_word, sense_id, sentence_en, sentence_zh, source_type, source_ref, difficulty, example_order, publish_status, updated_at) VALUES ('manufacture-example-1', 'manufacture', 'manufacture', 'manufacture', 'manufacture-sense-1', 'The factory can manufacture the parts locally.', '', 'generated', 'top-3000-public-content-v1-wordnet-assisted', 'easy', 1, 'active', CURRENT_TIMESTAMP) ON CONFLICT(id) DO UPDATE SET word = excluded.word, normalized_word = excluded.normalized_word, sense_id = excluded.sense_id, sentence_en = excluded.sentence_en, sentence_zh = excluded.sentence_zh, source_type = excluded.source_type, source_ref = excluded.source_ref, difficulty = excluded.difficulty, example_order = excluded.example_order, publish_status = excluded.publish_status, updated_at = CURRENT_TIMESTAMP;
INSERT INTO vocabulary_scenario_links (vocabulary_id, word, normalized_word, scenario_id, relevance, created_at) VALUES ('manufacture', 'manufacture', 'manufacture', 'problem-solving', 70, CURRENT_TIMESTAMP) ON CONFLICT(vocabulary_id, scenario_id) DO UPDATE SET word = excluded.word, normalized_word = excluded.normalized_word, relevance = excluded.relevance;

UPDATE core_vocabulary SET word = 'theater', meaning_zh = '剧院', definition_en = 'the art of writing and producing plays', primary_part_of_speech = 'noun', phonetic_us = '/ˈθiːətɚ/', phonetic_uk = '/ˈθiːətə/', updated_at = CURRENT_TIMESTAMP WHERE id = 'theater';
UPDATE vocabulary_pronunciations SET phonetic = CASE accent WHEN 'us' THEN '/ˈθiːətɚ/' WHEN 'uk' THEN '/ˈθiːətə/' ELSE phonetic END, phonetic_source = 'manual-curation-pending-review', updated_at = CURRENT_TIMESTAMP WHERE vocabulary_id = 'theater' AND accent IN ('us', 'uk');
INSERT INTO vocabulary_senses (id, vocabulary_id, word, normalized_word, part_of_speech, meaning_zh, definition_en, usage_note, sense_order, level, publish_status, updated_at) VALUES ('theater-sense-1', 'theater', 'theater', 'theater', 'noun', '剧院', 'the art of writing and producing plays', 'Learner bootstrap sense; WordNet-assisted and pending human review.', 1, NULL, 'active', CURRENT_TIMESTAMP) ON CONFLICT(id) DO UPDATE SET word = excluded.word, normalized_word = excluded.normalized_word, part_of_speech = excluded.part_of_speech, meaning_zh = excluded.meaning_zh, definition_en = excluded.definition_en, usage_note = excluded.usage_note, sense_order = excluded.sense_order, publish_status = excluded.publish_status, updated_at = CURRENT_TIMESTAMP;
INSERT INTO vocabulary_examples (id, vocabulary_id, word, normalized_word, sense_id, sentence_en, sentence_zh, source_type, source_ref, difficulty, example_order, publish_status, updated_at) VALUES ('theater-example-1', 'theater', 'theater', 'theater', 'theater-sense-1', 'The theater was important in the discussion.', '', 'generated', 'top-3000-public-content-v1-wordnet-assisted', 'easy', 1, 'active', CURRENT_TIMESTAMP) ON CONFLICT(id) DO UPDATE SET word = excluded.word, normalized_word = excluded.normalized_word, sense_id = excluded.sense_id, sentence_en = excluded.sentence_en, sentence_zh = excluded.sentence_zh, source_type = excluded.source_type, source_ref = excluded.source_ref, difficulty = excluded.difficulty, example_order = excluded.example_order, publish_status = excluded.publish_status, updated_at = CURRENT_TIMESTAMP;
INSERT INTO vocabulary_scenario_links (vocabulary_id, word, normalized_word, scenario_id, relevance, created_at) VALUES ('theater', 'theater', 'theater', 'study', 70, CURRENT_TIMESTAMP) ON CONFLICT(vocabulary_id, scenario_id) DO UPDATE SET word = excluded.word, normalized_word = excluded.normalized_word, relevance = excluded.relevance;
INSERT INTO vocabulary_scenario_links (vocabulary_id, word, normalized_word, scenario_id, relevance, created_at) VALUES ('theater', 'theater', 'theater', 'communication', 70, CURRENT_TIMESTAMP) ON CONFLICT(vocabulary_id, scenario_id) DO UPDATE SET word = excluded.word, normalized_word = excluded.normalized_word, relevance = excluded.relevance;

UPDATE core_vocabulary SET word = 'cycle', meaning_zh = '周期', definition_en = 'the unit of frequency; one hertz has a periodic interval of one second', primary_part_of_speech = 'noun', phonetic_us = '/ˈsaɪkəl/', phonetic_uk = '/ˈsaɪkəl/', updated_at = CURRENT_TIMESTAMP WHERE id = 'cycle';
UPDATE vocabulary_pronunciations SET phonetic = CASE accent WHEN 'us' THEN '/ˈsaɪkəl/' WHEN 'uk' THEN '/ˈsaɪkəl/' ELSE phonetic END, phonetic_source = 'manual-curation-pending-review', updated_at = CURRENT_TIMESTAMP WHERE vocabulary_id = 'cycle' AND accent IN ('us', 'uk');
INSERT INTO vocabulary_senses (id, vocabulary_id, word, normalized_word, part_of_speech, meaning_zh, definition_en, usage_note, sense_order, level, publish_status, updated_at) VALUES ('cycle-sense-1', 'cycle', 'cycle', 'cycle', 'noun', '周期', 'the unit of frequency; one hertz has a periodic interval of one second', 'Learner bootstrap sense; WordNet-assisted and pending human review.', 1, NULL, 'active', CURRENT_TIMESTAMP) ON CONFLICT(id) DO UPDATE SET word = excluded.word, normalized_word = excluded.normalized_word, part_of_speech = excluded.part_of_speech, meaning_zh = excluded.meaning_zh, definition_en = excluded.definition_en, usage_note = excluded.usage_note, sense_order = excluded.sense_order, publish_status = excluded.publish_status, updated_at = CURRENT_TIMESTAMP;
INSERT INTO vocabulary_examples (id, vocabulary_id, word, normalized_word, sense_id, sentence_en, sentence_zh, source_type, source_ref, difficulty, example_order, publish_status, updated_at) VALUES ('cycle-example-1', 'cycle', 'cycle', 'cycle', 'cycle-sense-1', 'The cycle was important in the discussion.', '', 'generated', 'top-3000-public-content-v1-wordnet-assisted', 'easy', 1, 'active', CURRENT_TIMESTAMP) ON CONFLICT(id) DO UPDATE SET word = excluded.word, normalized_word = excluded.normalized_word, sense_id = excluded.sense_id, sentence_en = excluded.sentence_en, sentence_zh = excluded.sentence_zh, source_type = excluded.source_type, source_ref = excluded.source_ref, difficulty = excluded.difficulty, example_order = excluded.example_order, publish_status = excluded.publish_status, updated_at = CURRENT_TIMESTAMP;
INSERT INTO vocabulary_scenario_links (vocabulary_id, word, normalized_word, scenario_id, relevance, created_at) VALUES ('cycle', 'cycle', 'cycle', 'time', 70, CURRENT_TIMESTAMP) ON CONFLICT(vocabulary_id, scenario_id) DO UPDATE SET word = excluded.word, normalized_word = excluded.normalized_word, relevance = excluded.relevance;

UPDATE core_vocabulary SET word = 'coffee', meaning_zh = '咖啡', definition_en = 'a beverage consisting of an infusion of ground coffee beans', primary_part_of_speech = 'noun', phonetic_us = '/ˈkɑfiː/', phonetic_uk = '/ˈkɑfiː/', updated_at = CURRENT_TIMESTAMP WHERE id = 'coffee';
UPDATE vocabulary_pronunciations SET phonetic = CASE accent WHEN 'us' THEN '/ˈkɑfiː/' WHEN 'uk' THEN '/ˈkɑfiː/' ELSE phonetic END, phonetic_source = 'manual-curation-pending-review', updated_at = CURRENT_TIMESTAMP WHERE vocabulary_id = 'coffee' AND accent IN ('us', 'uk');
INSERT INTO vocabulary_senses (id, vocabulary_id, word, normalized_word, part_of_speech, meaning_zh, definition_en, usage_note, sense_order, level, publish_status, updated_at) VALUES ('coffee-sense-1', 'coffee', 'coffee', 'coffee', 'noun', '咖啡', 'a beverage consisting of an infusion of ground coffee beans', 'Learner bootstrap sense; WordNet-assisted and pending human review.', 1, NULL, 'active', CURRENT_TIMESTAMP) ON CONFLICT(id) DO UPDATE SET word = excluded.word, normalized_word = excluded.normalized_word, part_of_speech = excluded.part_of_speech, meaning_zh = excluded.meaning_zh, definition_en = excluded.definition_en, usage_note = excluded.usage_note, sense_order = excluded.sense_order, publish_status = excluded.publish_status, updated_at = CURRENT_TIMESTAMP;
INSERT INTO vocabulary_examples (id, vocabulary_id, word, normalized_word, sense_id, sentence_en, sentence_zh, source_type, source_ref, difficulty, example_order, publish_status, updated_at) VALUES ('coffee-example-1', 'coffee', 'coffee', 'coffee', 'coffee-sense-1', 'He ordered a cup of coffee', '', 'imported', 'wordnet-3.0', 'easy', 1, 'active', CURRENT_TIMESTAMP) ON CONFLICT(id) DO UPDATE SET word = excluded.word, normalized_word = excluded.normalized_word, sense_id = excluded.sense_id, sentence_en = excluded.sentence_en, sentence_zh = excluded.sentence_zh, source_type = excluded.source_type, source_ref = excluded.source_ref, difficulty = excluded.difficulty, example_order = excluded.example_order, publish_status = excluded.publish_status, updated_at = CURRENT_TIMESTAMP;
INSERT INTO vocabulary_scenario_links (vocabulary_id, word, normalized_word, scenario_id, relevance, created_at) VALUES ('coffee', 'coffee', 'coffee', 'daily', 70, CURRENT_TIMESTAMP) ON CONFLICT(vocabulary_id, scenario_id) DO UPDATE SET word = excluded.word, normalized_word = excluded.normalized_word, relevance = excluded.relevance;

UPDATE core_vocabulary SET word = 'totally', meaning_zh = '完全地', definition_en = 'to a complete degree or to the full or entire extent (''whole'' is often used informally for ''wholly'')', primary_part_of_speech = 'adverb', phonetic_us = '/ˈtoʊtəliː/', phonetic_uk = '/ˈtoʊtəliː/', updated_at = CURRENT_TIMESTAMP WHERE id = 'totally';
UPDATE vocabulary_pronunciations SET phonetic = CASE accent WHEN 'us' THEN '/ˈtoʊtəliː/' WHEN 'uk' THEN '/ˈtoʊtəliː/' ELSE phonetic END, phonetic_source = 'manual-curation-pending-review', updated_at = CURRENT_TIMESTAMP WHERE vocabulary_id = 'totally' AND accent IN ('us', 'uk');
INSERT INTO vocabulary_senses (id, vocabulary_id, word, normalized_word, part_of_speech, meaning_zh, definition_en, usage_note, sense_order, level, publish_status, updated_at) VALUES ('totally-sense-1', 'totally', 'totally', 'totally', 'adverb', '完全地', 'to a complete degree or to the full or entire extent (''whole'' is often used informally for ''wholly'')', 'Learner bootstrap sense; WordNet-assisted and pending human review.', 1, NULL, 'active', CURRENT_TIMESTAMP) ON CONFLICT(id) DO UPDATE SET word = excluded.word, normalized_word = excluded.normalized_word, part_of_speech = excluded.part_of_speech, meaning_zh = excluded.meaning_zh, definition_en = excluded.definition_en, usage_note = excluded.usage_note, sense_order = excluded.sense_order, publish_status = excluded.publish_status, updated_at = CURRENT_TIMESTAMP;
INSERT INTO vocabulary_examples (id, vocabulary_id, word, normalized_word, sense_id, sentence_en, sentence_zh, source_type, source_ref, difficulty, example_order, publish_status, updated_at) VALUES ('totally-example-1', 'totally', 'totally', 'totally', 'totally-sense-1', 'A totally new situation', '', 'imported', 'wordnet-3.0', 'easy', 1, 'active', CURRENT_TIMESTAMP) ON CONFLICT(id) DO UPDATE SET word = excluded.word, normalized_word = excluded.normalized_word, sense_id = excluded.sense_id, sentence_en = excluded.sentence_en, sentence_zh = excluded.sentence_zh, source_type = excluded.source_type, source_ref = excluded.source_ref, difficulty = excluded.difficulty, example_order = excluded.example_order, publish_status = excluded.publish_status, updated_at = CURRENT_TIMESTAMP;
INSERT INTO vocabulary_scenario_links (vocabulary_id, word, normalized_word, scenario_id, relevance, created_at) VALUES ('totally', 'totally', 'totally', 'thinking', 70, CURRENT_TIMESTAMP) ON CONFLICT(vocabulary_id, scenario_id) DO UPDATE SET word = excluded.word, normalized_word = excluded.normalized_word, relevance = excluded.relevance;

UPDATE core_vocabulary SET word = 'museum', meaning_zh = '博物馆', definition_en = 'a depository for collecting and displaying objects having scientific or historical or artistic value', primary_part_of_speech = 'noun', phonetic_us = '/mjuːzˈiːəm/', phonetic_uk = '/mjuːzˈiːəm/', updated_at = CURRENT_TIMESTAMP WHERE id = 'museum';
UPDATE vocabulary_pronunciations SET phonetic = CASE accent WHEN 'us' THEN '/mjuːzˈiːəm/' WHEN 'uk' THEN '/mjuːzˈiːəm/' ELSE phonetic END, phonetic_source = 'manual-curation-pending-review', updated_at = CURRENT_TIMESTAMP WHERE vocabulary_id = 'museum' AND accent IN ('us', 'uk');
INSERT INTO vocabulary_senses (id, vocabulary_id, word, normalized_word, part_of_speech, meaning_zh, definition_en, usage_note, sense_order, level, publish_status, updated_at) VALUES ('museum-sense-1', 'museum', 'museum', 'museum', 'noun', '博物馆', 'a depository for collecting and displaying objects having scientific or historical or artistic value', 'Learner bootstrap sense; WordNet-assisted and pending human review.', 1, NULL, 'active', CURRENT_TIMESTAMP) ON CONFLICT(id) DO UPDATE SET word = excluded.word, normalized_word = excluded.normalized_word, part_of_speech = excluded.part_of_speech, meaning_zh = excluded.meaning_zh, definition_en = excluded.definition_en, usage_note = excluded.usage_note, sense_order = excluded.sense_order, publish_status = excluded.publish_status, updated_at = CURRENT_TIMESTAMP;
INSERT INTO vocabulary_examples (id, vocabulary_id, word, normalized_word, sense_id, sentence_en, sentence_zh, source_type, source_ref, difficulty, example_order, publish_status, updated_at) VALUES ('museum-example-1', 'museum', 'museum', 'museum', 'museum-sense-1', 'The museum was important in the discussion.', '', 'generated', 'top-3000-public-content-v1-wordnet-assisted', 'easy', 1, 'active', CURRENT_TIMESTAMP) ON CONFLICT(id) DO UPDATE SET word = excluded.word, normalized_word = excluded.normalized_word, sense_id = excluded.sense_id, sentence_en = excluded.sentence_en, sentence_zh = excluded.sentence_zh, source_type = excluded.source_type, source_ref = excluded.source_ref, difficulty = excluded.difficulty, example_order = excluded.example_order, publish_status = excluded.publish_status, updated_at = CURRENT_TIMESTAMP;
INSERT INTO vocabulary_scenario_links (vocabulary_id, word, normalized_word, scenario_id, relevance, created_at) VALUES ('museum', 'museum', 'museum', 'daily', 70, CURRENT_TIMESTAMP) ON CONFLICT(vocabulary_id, scenario_id) DO UPDATE SET word = excluded.word, normalized_word = excluded.normalized_word, relevance = excluded.relevance;

UPDATE core_vocabulary SET word = 'visitor', meaning_zh = '参观者', definition_en = 'someone who visits', primary_part_of_speech = 'noun', phonetic_us = '/ˈvɪzɪtɚ/', phonetic_uk = '/ˈvɪzɪtə/', updated_at = CURRENT_TIMESTAMP WHERE id = 'visitor';
UPDATE vocabulary_pronunciations SET phonetic = CASE accent WHEN 'us' THEN '/ˈvɪzɪtɚ/' WHEN 'uk' THEN '/ˈvɪzɪtə/' ELSE phonetic END, phonetic_source = 'manual-curation-pending-review', updated_at = CURRENT_TIMESTAMP WHERE vocabulary_id = 'visitor' AND accent IN ('us', 'uk');
INSERT INTO vocabulary_senses (id, vocabulary_id, word, normalized_word, part_of_speech, meaning_zh, definition_en, usage_note, sense_order, level, publish_status, updated_at) VALUES ('visitor-sense-1', 'visitor', 'visitor', 'visitor', 'noun', '参观者', 'someone who visits', 'Learner bootstrap sense; WordNet-assisted and pending human review.', 1, NULL, 'active', CURRENT_TIMESTAMP) ON CONFLICT(id) DO UPDATE SET word = excluded.word, normalized_word = excluded.normalized_word, part_of_speech = excluded.part_of_speech, meaning_zh = excluded.meaning_zh, definition_en = excluded.definition_en, usage_note = excluded.usage_note, sense_order = excluded.sense_order, publish_status = excluded.publish_status, updated_at = CURRENT_TIMESTAMP;
INSERT INTO vocabulary_examples (id, vocabulary_id, word, normalized_word, sense_id, sentence_en, sentence_zh, source_type, source_ref, difficulty, example_order, publish_status, updated_at) VALUES ('visitor-example-1', 'visitor', 'visitor', 'visitor', 'visitor-sense-1', 'The visitor was important in the discussion.', '', 'generated', 'top-3000-public-content-v1-wordnet-assisted', 'easy', 1, 'active', CURRENT_TIMESTAMP) ON CONFLICT(id) DO UPDATE SET word = excluded.word, normalized_word = excluded.normalized_word, sense_id = excluded.sense_id, sentence_en = excluded.sentence_en, sentence_zh = excluded.sentence_zh, source_type = excluded.source_type, source_ref = excluded.source_ref, difficulty = excluded.difficulty, example_order = excluded.example_order, publish_status = excluded.publish_status, updated_at = CURRENT_TIMESTAMP;
INSERT INTO vocabulary_scenario_links (vocabulary_id, word, normalized_word, scenario_id, relevance, created_at) VALUES ('visitor', 'visitor', 'visitor', 'thinking', 70, CURRENT_TIMESTAMP) ON CONFLICT(vocabulary_id, scenario_id) DO UPDATE SET word = excluded.word, normalized_word = excluded.normalized_word, relevance = excluded.relevance;

UPDATE core_vocabulary SET word = 'freedom', meaning_zh = '自由', definition_en = 'the condition of being free; the power to act or speak or think without externally imposed restraints', primary_part_of_speech = 'noun', phonetic_us = '/ˈfriːdəm/', phonetic_uk = '/ˈfriːdəm/', updated_at = CURRENT_TIMESTAMP WHERE id = 'freedom';
UPDATE vocabulary_pronunciations SET phonetic = CASE accent WHEN 'us' THEN '/ˈfriːdəm/' WHEN 'uk' THEN '/ˈfriːdəm/' ELSE phonetic END, phonetic_source = 'manual-curation-pending-review', updated_at = CURRENT_TIMESTAMP WHERE vocabulary_id = 'freedom' AND accent IN ('us', 'uk');
INSERT INTO vocabulary_senses (id, vocabulary_id, word, normalized_word, part_of_speech, meaning_zh, definition_en, usage_note, sense_order, level, publish_status, updated_at) VALUES ('freedom-sense-1', 'freedom', 'freedom', 'freedom', 'noun', '自由', 'the condition of being free; the power to act or speak or think without externally imposed restraints', 'Learner bootstrap sense; WordNet-assisted and pending human review.', 1, NULL, 'active', CURRENT_TIMESTAMP) ON CONFLICT(id) DO UPDATE SET word = excluded.word, normalized_word = excluded.normalized_word, part_of_speech = excluded.part_of_speech, meaning_zh = excluded.meaning_zh, definition_en = excluded.definition_en, usage_note = excluded.usage_note, sense_order = excluded.sense_order, publish_status = excluded.publish_status, updated_at = CURRENT_TIMESTAMP;
INSERT INTO vocabulary_examples (id, vocabulary_id, word, normalized_word, sense_id, sentence_en, sentence_zh, source_type, source_ref, difficulty, example_order, publish_status, updated_at) VALUES ('freedom-example-1', 'freedom', 'freedom', 'freedom', 'freedom-sense-1', 'The freedom was important in the discussion.', '', 'generated', 'top-3000-public-content-v1-wordnet-assisted', 'easy', 1, 'active', CURRENT_TIMESTAMP) ON CONFLICT(id) DO UPDATE SET word = excluded.word, normalized_word = excluded.normalized_word, sense_id = excluded.sense_id, sentence_en = excluded.sentence_en, sentence_zh = excluded.sentence_zh, source_type = excluded.source_type, source_ref = excluded.source_ref, difficulty = excluded.difficulty, example_order = excluded.example_order, publish_status = excluded.publish_status, updated_at = CURRENT_TIMESTAMP;
INSERT INTO vocabulary_scenario_links (vocabulary_id, word, normalized_word, scenario_id, relevance, created_at) VALUES ('freedom', 'freedom', 'freedom', 'thinking', 70, CURRENT_TIMESTAMP) ON CONFLICT(vocabulary_id, scenario_id) DO UPDATE SET word = excluded.word, normalized_word = excluded.normalized_word, relevance = excluded.relevance;

UPDATE core_vocabulary SET word = 'construction', meaning_zh = '建设', definition_en = 'the act of constructing something', primary_part_of_speech = 'noun', phonetic_us = '/kənstrˈʌkʃən/', phonetic_uk = '/kənstrˈʌkʃən/', updated_at = CURRENT_TIMESTAMP WHERE id = 'construction';
UPDATE vocabulary_pronunciations SET phonetic = CASE accent WHEN 'us' THEN '/kənstrˈʌkʃən/' WHEN 'uk' THEN '/kənstrˈʌkʃən/' ELSE phonetic END, phonetic_source = 'manual-curation-pending-review', updated_at = CURRENT_TIMESTAMP WHERE vocabulary_id = 'construction' AND accent IN ('us', 'uk');
INSERT INTO vocabulary_senses (id, vocabulary_id, word, normalized_word, part_of_speech, meaning_zh, definition_en, usage_note, sense_order, level, publish_status, updated_at) VALUES ('construction-sense-1', 'construction', 'construction', 'construction', 'noun', '建设', 'the act of constructing something', 'Learner bootstrap sense; WordNet-assisted and pending human review.', 1, NULL, 'active', CURRENT_TIMESTAMP) ON CONFLICT(id) DO UPDATE SET word = excluded.word, normalized_word = excluded.normalized_word, part_of_speech = excluded.part_of_speech, meaning_zh = excluded.meaning_zh, definition_en = excluded.definition_en, usage_note = excluded.usage_note, sense_order = excluded.sense_order, publish_status = excluded.publish_status, updated_at = CURRENT_TIMESTAMP;
INSERT INTO vocabulary_examples (id, vocabulary_id, word, normalized_word, sense_id, sentence_en, sentence_zh, source_type, source_ref, difficulty, example_order, publish_status, updated_at) VALUES ('construction-example-1', 'construction', 'construction', 'construction', 'construction-sense-1', 'During the construction we had to take a detour', '', 'imported', 'wordnet-3.0', 'easy', 1, 'active', CURRENT_TIMESTAMP) ON CONFLICT(id) DO UPDATE SET word = excluded.word, normalized_word = excluded.normalized_word, sense_id = excluded.sense_id, sentence_en = excluded.sentence_en, sentence_zh = excluded.sentence_zh, source_type = excluded.source_type, source_ref = excluded.source_ref, difficulty = excluded.difficulty, example_order = excluded.example_order, publish_status = excluded.publish_status, updated_at = CURRENT_TIMESTAMP;
INSERT INTO vocabulary_scenario_links (vocabulary_id, word, normalized_word, scenario_id, relevance, created_at) VALUES ('construction', 'construction', 'construction', 'work', 70, CURRENT_TIMESTAMP) ON CONFLICT(vocabulary_id, scenario_id) DO UPDATE SET word = excluded.word, normalized_word = excluded.normalized_word, relevance = excluded.relevance;
