-- Top 3000 public vocabulary content v1, part 32.
-- Learner bootstrap content for words 1621-1640.
-- Definitions are WordNet-assisted where needed; examples are WordNet examples or generated learner sentences.
-- Phonetics are bootstrap IPA values and remain tracked for manual review.

UPDATE core_vocabulary SET word = 'journey', meaning_zh = '行程；旅行', definition_en = 'the act of traveling from one place to another', primary_part_of_speech = 'noun', phonetic_us = '/ˈdʒɝniː/', phonetic_uk = '/ˈdʒɜːniː/', updated_at = CURRENT_TIMESTAMP WHERE id = 'journey';
UPDATE vocabulary_pronunciations SET phonetic = CASE accent WHEN 'us' THEN '/ˈdʒɝniː/' WHEN 'uk' THEN '/ˈdʒɜːniː/' ELSE phonetic END, phonetic_source = 'manual-curation-pending-review', updated_at = CURRENT_TIMESTAMP WHERE vocabulary_id = 'journey' AND accent IN ('us', 'uk');
INSERT INTO vocabulary_senses (id, vocabulary_id, word, normalized_word, part_of_speech, meaning_zh, definition_en, usage_note, sense_order, level, publish_status, updated_at) VALUES ('journey-sense-1', 'journey', 'journey', 'journey', 'noun', '行程；旅行', 'the act of traveling from one place to another', 'Learner bootstrap sense; WordNet-assisted and pending human review.', 1, NULL, 'active', CURRENT_TIMESTAMP) ON CONFLICT(id) DO UPDATE SET word = excluded.word, normalized_word = excluded.normalized_word, part_of_speech = excluded.part_of_speech, meaning_zh = excluded.meaning_zh, definition_en = excluded.definition_en, usage_note = excluded.usage_note, sense_order = excluded.sense_order, publish_status = excluded.publish_status, updated_at = CURRENT_TIMESTAMP;
INSERT INTO vocabulary_examples (id, vocabulary_id, word, normalized_word, sense_id, sentence_en, sentence_zh, source_type, source_ref, difficulty, example_order, publish_status, updated_at) VALUES ('journey-example-1', 'journey', 'journey', 'journey', 'journey-sense-1', 'The journey was important in the discussion.', '', 'generated', 'top-3000-public-content-v1-wordnet-assisted', 'easy', 1, 'active', CURRENT_TIMESTAMP) ON CONFLICT(id) DO UPDATE SET word = excluded.word, normalized_word = excluded.normalized_word, sense_id = excluded.sense_id, sentence_en = excluded.sentence_en, sentence_zh = excluded.sentence_zh, source_type = excluded.source_type, source_ref = excluded.source_ref, difficulty = excluded.difficulty, example_order = excluded.example_order, publish_status = excluded.publish_status, updated_at = CURRENT_TIMESTAMP;
INSERT INTO vocabulary_scenario_links (vocabulary_id, word, normalized_word, scenario_id, relevance, created_at) VALUES ('journey', 'journey', 'journey', 'work', 70, CURRENT_TIMESTAMP) ON CONFLICT(vocabulary_id, scenario_id) DO UPDATE SET word = excluded.word, normalized_word = excluded.normalized_word, relevance = excluded.relevance;

UPDATE core_vocabulary SET word = 'opposition', meaning_zh = '反对', definition_en = 'the action of opposing something that you disapprove or disagree with', primary_part_of_speech = 'noun', phonetic_us = '/ˌɑpəzˈɪʃən/', phonetic_uk = '/ˌɑpəzˈɪʃən/', updated_at = CURRENT_TIMESTAMP WHERE id = 'opposition';
UPDATE vocabulary_pronunciations SET phonetic = CASE accent WHEN 'us' THEN '/ˌɑpəzˈɪʃən/' WHEN 'uk' THEN '/ˌɑpəzˈɪʃən/' ELSE phonetic END, phonetic_source = 'manual-curation-pending-review', updated_at = CURRENT_TIMESTAMP WHERE vocabulary_id = 'opposition' AND accent IN ('us', 'uk');
INSERT INTO vocabulary_senses (id, vocabulary_id, word, normalized_word, part_of_speech, meaning_zh, definition_en, usage_note, sense_order, level, publish_status, updated_at) VALUES ('opposition-sense-1', 'opposition', 'opposition', 'opposition', 'noun', '反对', 'the action of opposing something that you disapprove or disagree with', 'Learner bootstrap sense; WordNet-assisted and pending human review.', 1, NULL, 'active', CURRENT_TIMESTAMP) ON CONFLICT(id) DO UPDATE SET word = excluded.word, normalized_word = excluded.normalized_word, part_of_speech = excluded.part_of_speech, meaning_zh = excluded.meaning_zh, definition_en = excluded.definition_en, usage_note = excluded.usage_note, sense_order = excluded.sense_order, publish_status = excluded.publish_status, updated_at = CURRENT_TIMESTAMP;
INSERT INTO vocabulary_examples (id, vocabulary_id, word, normalized_word, sense_id, sentence_en, sentence_zh, source_type, source_ref, difficulty, example_order, publish_status, updated_at) VALUES ('opposition-example-1', 'opposition', 'opposition', 'opposition', 'opposition-sense-1', 'Despite opposition from the newspapers he went ahead', '', 'imported', 'wordnet-3.0', 'easy', 1, 'active', CURRENT_TIMESTAMP) ON CONFLICT(id) DO UPDATE SET word = excluded.word, normalized_word = excluded.normalized_word, sense_id = excluded.sense_id, sentence_en = excluded.sentence_en, sentence_zh = excluded.sentence_zh, source_type = excluded.source_type, source_ref = excluded.source_ref, difficulty = excluded.difficulty, example_order = excluded.example_order, publish_status = excluded.publish_status, updated_at = CURRENT_TIMESTAMP;
INSERT INTO vocabulary_scenario_links (vocabulary_id, word, normalized_word, scenario_id, relevance, created_at) VALUES ('opposition', 'opposition', 'opposition', 'work', 70, CURRENT_TIMESTAMP) ON CONFLICT(vocabulary_id, scenario_id) DO UPDATE SET word = excluded.word, normalized_word = excluded.normalized_word, relevance = excluded.relevance;

UPDATE core_vocabulary SET word = 'relief', meaning_zh = '缓解；轻松', definition_en = 'the condition of being comfortable or relieved (especially after being relieved of distress)', primary_part_of_speech = 'noun', phonetic_us = '/rɪlˈiːf/', phonetic_uk = '/rɪlˈiːf/', updated_at = CURRENT_TIMESTAMP WHERE id = 'relief';
UPDATE vocabulary_pronunciations SET phonetic = CASE accent WHEN 'us' THEN '/rɪlˈiːf/' WHEN 'uk' THEN '/rɪlˈiːf/' ELSE phonetic END, phonetic_source = 'manual-curation-pending-review', updated_at = CURRENT_TIMESTAMP WHERE vocabulary_id = 'relief' AND accent IN ('us', 'uk');
INSERT INTO vocabulary_senses (id, vocabulary_id, word, normalized_word, part_of_speech, meaning_zh, definition_en, usage_note, sense_order, level, publish_status, updated_at) VALUES ('relief-sense-1', 'relief', 'relief', 'relief', 'noun', '缓解；轻松', 'the condition of being comfortable or relieved (especially after being relieved of distress)', 'Learner bootstrap sense; WordNet-assisted and pending human review.', 1, NULL, 'active', CURRENT_TIMESTAMP) ON CONFLICT(id) DO UPDATE SET word = excluded.word, normalized_word = excluded.normalized_word, part_of_speech = excluded.part_of_speech, meaning_zh = excluded.meaning_zh, definition_en = excluded.definition_en, usage_note = excluded.usage_note, sense_order = excluded.sense_order, publish_status = excluded.publish_status, updated_at = CURRENT_TIMESTAMP;
INSERT INTO vocabulary_examples (id, vocabulary_id, word, normalized_word, sense_id, sentence_en, sentence_zh, source_type, source_ref, difficulty, example_order, publish_status, updated_at) VALUES ('relief-example-1', 'relief', 'relief', 'relief', 'relief-sense-1', 'He enjoyed his relief from responsibility', '', 'imported', 'wordnet-3.0', 'easy', 1, 'active', CURRENT_TIMESTAMP) ON CONFLICT(id) DO UPDATE SET word = excluded.word, normalized_word = excluded.normalized_word, sense_id = excluded.sense_id, sentence_en = excluded.sentence_en, sentence_zh = excluded.sentence_zh, source_type = excluded.source_type, source_ref = excluded.source_ref, difficulty = excluded.difficulty, example_order = excluded.example_order, publish_status = excluded.publish_status, updated_at = CURRENT_TIMESTAMP;
INSERT INTO vocabulary_scenario_links (vocabulary_id, word, normalized_word, scenario_id, relevance, created_at) VALUES ('relief', 'relief', 'relief', 'emotion', 70, CURRENT_TIMESTAMP) ON CONFLICT(vocabulary_id, scenario_id) DO UPDATE SET word = excluded.word, normalized_word = excluded.normalized_word, relevance = excluded.relevance;

UPDATE core_vocabulary SET word = 'debt', meaning_zh = '欠款；债务', definition_en = 'money or goods or services owed by one person to another', primary_part_of_speech = 'noun', phonetic_us = '/dɛt/', phonetic_uk = '/dɛt/', updated_at = CURRENT_TIMESTAMP WHERE id = 'debt';
UPDATE vocabulary_pronunciations SET phonetic = CASE accent WHEN 'us' THEN '/dɛt/' WHEN 'uk' THEN '/dɛt/' ELSE phonetic END, phonetic_source = 'manual-curation-pending-review', updated_at = CURRENT_TIMESTAMP WHERE vocabulary_id = 'debt' AND accent IN ('us', 'uk');
INSERT INTO vocabulary_senses (id, vocabulary_id, word, normalized_word, part_of_speech, meaning_zh, definition_en, usage_note, sense_order, level, publish_status, updated_at) VALUES ('debt-sense-1', 'debt', 'debt', 'debt', 'noun', '欠款；债务', 'money or goods or services owed by one person to another', 'Learner bootstrap sense; WordNet-assisted and pending human review.', 1, NULL, 'active', CURRENT_TIMESTAMP) ON CONFLICT(id) DO UPDATE SET word = excluded.word, normalized_word = excluded.normalized_word, part_of_speech = excluded.part_of_speech, meaning_zh = excluded.meaning_zh, definition_en = excluded.definition_en, usage_note = excluded.usage_note, sense_order = excluded.sense_order, publish_status = excluded.publish_status, updated_at = CURRENT_TIMESTAMP;
INSERT INTO vocabulary_examples (id, vocabulary_id, word, normalized_word, sense_id, sentence_en, sentence_zh, source_type, source_ref, difficulty, example_order, publish_status, updated_at) VALUES ('debt-example-1', 'debt', 'debt', 'debt', 'debt-sense-1', 'The debt was important in the discussion.', '', 'generated', 'top-3000-public-content-v1-wordnet-assisted', 'easy', 1, 'active', CURRENT_TIMESTAMP) ON CONFLICT(id) DO UPDATE SET word = excluded.word, normalized_word = excluded.normalized_word, sense_id = excluded.sense_id, sentence_en = excluded.sentence_en, sentence_zh = excluded.sentence_zh, source_type = excluded.source_type, source_ref = excluded.source_ref, difficulty = excluded.difficulty, example_order = excluded.example_order, publish_status = excluded.publish_status, updated_at = CURRENT_TIMESTAMP;
INSERT INTO vocabulary_scenario_links (vocabulary_id, word, normalized_word, scenario_id, relevance, created_at) VALUES ('debt', 'debt', 'debt', 'work', 70, CURRENT_TIMESTAMP) ON CONFLICT(vocabulary_id, scenario_id) DO UPDATE SET word = excluded.word, normalized_word = excluded.normalized_word, relevance = excluded.relevance;

UPDATE core_vocabulary SET word = 'honor', meaning_zh = '敬意', definition_en = 'a tangible symbol signifying approval or distinction', primary_part_of_speech = 'noun', phonetic_us = '/ˈɑnɚ/', phonetic_uk = '/ˈɑnə/', updated_at = CURRENT_TIMESTAMP WHERE id = 'honor';
UPDATE vocabulary_pronunciations SET phonetic = CASE accent WHEN 'us' THEN '/ˈɑnɚ/' WHEN 'uk' THEN '/ˈɑnə/' ELSE phonetic END, phonetic_source = 'manual-curation-pending-review', updated_at = CURRENT_TIMESTAMP WHERE vocabulary_id = 'honor' AND accent IN ('us', 'uk');
INSERT INTO vocabulary_senses (id, vocabulary_id, word, normalized_word, part_of_speech, meaning_zh, definition_en, usage_note, sense_order, level, publish_status, updated_at) VALUES ('honor-sense-1', 'honor', 'honor', 'honor', 'noun', '敬意', 'a tangible symbol signifying approval or distinction', 'Learner bootstrap sense; WordNet-assisted and pending human review.', 1, NULL, 'active', CURRENT_TIMESTAMP) ON CONFLICT(id) DO UPDATE SET word = excluded.word, normalized_word = excluded.normalized_word, part_of_speech = excluded.part_of_speech, meaning_zh = excluded.meaning_zh, definition_en = excluded.definition_en, usage_note = excluded.usage_note, sense_order = excluded.sense_order, publish_status = excluded.publish_status, updated_at = CURRENT_TIMESTAMP;
INSERT INTO vocabulary_examples (id, vocabulary_id, word, normalized_word, sense_id, sentence_en, sentence_zh, source_type, source_ref, difficulty, example_order, publish_status, updated_at) VALUES ('honor-example-1', 'honor', 'honor', 'honor', 'honor-sense-1', 'The honor was important in the discussion.', '', 'generated', 'top-3000-public-content-v1-wordnet-assisted', 'easy', 1, 'active', CURRENT_TIMESTAMP) ON CONFLICT(id) DO UPDATE SET word = excluded.word, normalized_word = excluded.normalized_word, sense_id = excluded.sense_id, sentence_en = excluded.sentence_en, sentence_zh = excluded.sentence_zh, source_type = excluded.source_type, source_ref = excluded.source_ref, difficulty = excluded.difficulty, example_order = excluded.example_order, publish_status = excluded.publish_status, updated_at = CURRENT_TIMESTAMP;
INSERT INTO vocabulary_scenario_links (vocabulary_id, word, normalized_word, scenario_id, relevance, created_at) VALUES ('honor', 'honor', 'honor', 'study', 70, CURRENT_TIMESTAMP) ON CONFLICT(vocabulary_id, scenario_id) DO UPDATE SET word = excluded.word, normalized_word = excluded.normalized_word, relevance = excluded.relevance;
INSERT INTO vocabulary_scenario_links (vocabulary_id, word, normalized_word, scenario_id, relevance, created_at) VALUES ('honor', 'honor', 'honor', 'communication', 70, CURRENT_TIMESTAMP) ON CONFLICT(vocabulary_id, scenario_id) DO UPDATE SET word = excluded.word, normalized_word = excluded.normalized_word, relevance = excluded.relevance;

UPDATE core_vocabulary SET word = 'outcome', meaning_zh = '结果，结局', definition_en = 'something that results', primary_part_of_speech = 'noun', phonetic_us = '/ˈaʊtkˌʌm/', phonetic_uk = '/ˈaʊtkˌʌm/', updated_at = CURRENT_TIMESTAMP WHERE id = 'outcome';
UPDATE vocabulary_pronunciations SET phonetic = CASE accent WHEN 'us' THEN '/ˈaʊtkˌʌm/' WHEN 'uk' THEN '/ˈaʊtkˌʌm/' ELSE phonetic END, phonetic_source = 'manual-curation-pending-review', updated_at = CURRENT_TIMESTAMP WHERE vocabulary_id = 'outcome' AND accent IN ('us', 'uk');
INSERT INTO vocabulary_senses (id, vocabulary_id, word, normalized_word, part_of_speech, meaning_zh, definition_en, usage_note, sense_order, level, publish_status, updated_at) VALUES ('outcome-sense-1', 'outcome', 'outcome', 'outcome', 'noun', '结果，结局', 'something that results', 'Learner bootstrap sense; WordNet-assisted and pending human review.', 1, NULL, 'active', CURRENT_TIMESTAMP) ON CONFLICT(id) DO UPDATE SET word = excluded.word, normalized_word = excluded.normalized_word, part_of_speech = excluded.part_of_speech, meaning_zh = excluded.meaning_zh, definition_en = excluded.definition_en, usage_note = excluded.usage_note, sense_order = excluded.sense_order, publish_status = excluded.publish_status, updated_at = CURRENT_TIMESTAMP;
INSERT INTO vocabulary_examples (id, vocabulary_id, word, normalized_word, sense_id, sentence_en, sentence_zh, source_type, source_ref, difficulty, example_order, publish_status, updated_at) VALUES ('outcome-example-1', 'outcome', 'outcome', 'outcome', 'outcome-sense-1', 'The outcome was important in the discussion.', '', 'generated', 'top-3000-public-content-v1-wordnet-assisted', 'easy', 1, 'active', CURRENT_TIMESTAMP) ON CONFLICT(id) DO UPDATE SET word = excluded.word, normalized_word = excluded.normalized_word, sense_id = excluded.sense_id, sentence_en = excluded.sentence_en, sentence_zh = excluded.sentence_zh, source_type = excluded.source_type, source_ref = excluded.source_ref, difficulty = excluded.difficulty, example_order = excluded.example_order, publish_status = excluded.publish_status, updated_at = CURRENT_TIMESTAMP;
INSERT INTO vocabulary_scenario_links (vocabulary_id, word, normalized_word, scenario_id, relevance, created_at) VALUES ('outcome', 'outcome', 'outcome', 'thinking', 70, CURRENT_TIMESTAMP) ON CONFLICT(vocabulary_id, scenario_id) DO UPDATE SET word = excluded.word, normalized_word = excluded.normalized_word, relevance = excluded.relevance;

UPDATE core_vocabulary SET word = 'blame', meaning_zh = '责备；责怪', definition_en = 'harass with constant criticism', primary_part_of_speech = 'verb', phonetic_us = '/bleɪm/', phonetic_uk = '/bleɪm/', updated_at = CURRENT_TIMESTAMP WHERE id = 'blame';
UPDATE vocabulary_pronunciations SET phonetic = CASE accent WHEN 'us' THEN '/bleɪm/' WHEN 'uk' THEN '/bleɪm/' ELSE phonetic END, phonetic_source = 'manual-curation-pending-review', updated_at = CURRENT_TIMESTAMP WHERE vocabulary_id = 'blame' AND accent IN ('us', 'uk');
INSERT INTO vocabulary_senses (id, vocabulary_id, word, normalized_word, part_of_speech, meaning_zh, definition_en, usage_note, sense_order, level, publish_status, updated_at) VALUES ('blame-sense-1', 'blame', 'blame', 'blame', 'verb', '责备；责怪', 'harass with constant criticism', 'Learner bootstrap sense; WordNet-assisted and pending human review.', 1, NULL, 'active', CURRENT_TIMESTAMP) ON CONFLICT(id) DO UPDATE SET word = excluded.word, normalized_word = excluded.normalized_word, part_of_speech = excluded.part_of_speech, meaning_zh = excluded.meaning_zh, definition_en = excluded.definition_en, usage_note = excluded.usage_note, sense_order = excluded.sense_order, publish_status = excluded.publish_status, updated_at = CURRENT_TIMESTAMP;
INSERT INTO vocabulary_examples (id, vocabulary_id, word, normalized_word, sense_id, sentence_en, sentence_zh, source_type, source_ref, difficulty, example_order, publish_status, updated_at) VALUES ('blame-example-1', 'blame', 'blame', 'blame', 'blame-sense-1', 'They tried to blame carefully.', '', 'generated', 'top-3000-public-content-v1-wordnet-assisted', 'easy', 1, 'active', CURRENT_TIMESTAMP) ON CONFLICT(id) DO UPDATE SET word = excluded.word, normalized_word = excluded.normalized_word, sense_id = excluded.sense_id, sentence_en = excluded.sentence_en, sentence_zh = excluded.sentence_zh, source_type = excluded.source_type, source_ref = excluded.source_ref, difficulty = excluded.difficulty, example_order = excluded.example_order, publish_status = excluded.publish_status, updated_at = CURRENT_TIMESTAMP;
INSERT INTO vocabulary_scenario_links (vocabulary_id, word, normalized_word, scenario_id, relevance, created_at) VALUES ('blame', 'blame', 'blame', 'communication', 70, CURRENT_TIMESTAMP) ON CONFLICT(vocabulary_id, scenario_id) DO UPDATE SET word = excluded.word, normalized_word = excluded.normalized_word, relevance = excluded.relevance;

UPDATE core_vocabulary SET word = 'explanation', meaning_zh = '解释，说明', definition_en = 'a statement that makes something comprehensible by describing the relevant structure or operation or circumstances and similar things', primary_part_of_speech = 'noun', phonetic_us = '/ˌɛksplənˈeɪʃən/', phonetic_uk = '/ˌɛksplənˈeɪʃən/', updated_at = CURRENT_TIMESTAMP WHERE id = 'explanation';
UPDATE vocabulary_pronunciations SET phonetic = CASE accent WHEN 'us' THEN '/ˌɛksplənˈeɪʃən/' WHEN 'uk' THEN '/ˌɛksplənˈeɪʃən/' ELSE phonetic END, phonetic_source = 'manual-curation-pending-review', updated_at = CURRENT_TIMESTAMP WHERE vocabulary_id = 'explanation' AND accent IN ('us', 'uk');
INSERT INTO vocabulary_senses (id, vocabulary_id, word, normalized_word, part_of_speech, meaning_zh, definition_en, usage_note, sense_order, level, publish_status, updated_at) VALUES ('explanation-sense-1', 'explanation', 'explanation', 'explanation', 'noun', '解释，说明', 'a statement that makes something comprehensible by describing the relevant structure or operation or circumstances and similar things', 'Learner bootstrap sense; WordNet-assisted and pending human review.', 1, NULL, 'active', CURRENT_TIMESTAMP) ON CONFLICT(id) DO UPDATE SET word = excluded.word, normalized_word = excluded.normalized_word, part_of_speech = excluded.part_of_speech, meaning_zh = excluded.meaning_zh, definition_en = excluded.definition_en, usage_note = excluded.usage_note, sense_order = excluded.sense_order, publish_status = excluded.publish_status, updated_at = CURRENT_TIMESTAMP;
INSERT INTO vocabulary_examples (id, vocabulary_id, word, normalized_word, sense_id, sentence_en, sentence_zh, source_type, source_ref, difficulty, example_order, publish_status, updated_at) VALUES ('explanation-example-1', 'explanation', 'explanation', 'explanation', 'explanation-sense-1', 'The explanation was very simple', '', 'imported', 'wordnet-3.0', 'easy', 1, 'active', CURRENT_TIMESTAMP) ON CONFLICT(id) DO UPDATE SET word = excluded.word, normalized_word = excluded.normalized_word, sense_id = excluded.sense_id, sentence_en = excluded.sentence_en, sentence_zh = excluded.sentence_zh, source_type = excluded.source_type, source_ref = excluded.source_ref, difficulty = excluded.difficulty, example_order = excluded.example_order, publish_status = excluded.publish_status, updated_at = CURRENT_TIMESTAMP;
INSERT INTO vocabulary_scenario_links (vocabulary_id, word, normalized_word, scenario_id, relevance, created_at) VALUES ('explanation', 'explanation', 'explanation', 'study', 70, CURRENT_TIMESTAMP) ON CONFLICT(vocabulary_id, scenario_id) DO UPDATE SET word = excluded.word, normalized_word = excluded.normalized_word, relevance = excluded.relevance;
INSERT INTO vocabulary_scenario_links (vocabulary_id, word, normalized_word, scenario_id, relevance, created_at) VALUES ('explanation', 'explanation', 'explanation', 'communication', 70, CURRENT_TIMESTAMP) ON CONFLICT(vocabulary_id, scenario_id) DO UPDATE SET word = excluded.word, normalized_word = excluded.normalized_word, relevance = excluded.relevance;

UPDATE core_vocabulary SET word = 'arise', meaning_zh = '产生；发生', definition_en = 'come into existence; take on form or shape', primary_part_of_speech = 'verb', phonetic_us = '/ɚˈaɪz/', phonetic_uk = '/əˈaɪz/', updated_at = CURRENT_TIMESTAMP WHERE id = 'arise';
UPDATE vocabulary_pronunciations SET phonetic = CASE accent WHEN 'us' THEN '/ɚˈaɪz/' WHEN 'uk' THEN '/əˈaɪz/' ELSE phonetic END, phonetic_source = 'manual-curation-pending-review', updated_at = CURRENT_TIMESTAMP WHERE vocabulary_id = 'arise' AND accent IN ('us', 'uk');
INSERT INTO vocabulary_senses (id, vocabulary_id, word, normalized_word, part_of_speech, meaning_zh, definition_en, usage_note, sense_order, level, publish_status, updated_at) VALUES ('arise-sense-1', 'arise', 'arise', 'arise', 'verb', '产生；发生', 'come into existence; take on form or shape', 'Learner bootstrap sense; WordNet-assisted and pending human review.', 1, NULL, 'active', CURRENT_TIMESTAMP) ON CONFLICT(id) DO UPDATE SET word = excluded.word, normalized_word = excluded.normalized_word, part_of_speech = excluded.part_of_speech, meaning_zh = excluded.meaning_zh, definition_en = excluded.definition_en, usage_note = excluded.usage_note, sense_order = excluded.sense_order, publish_status = excluded.publish_status, updated_at = CURRENT_TIMESTAMP;
INSERT INTO vocabulary_examples (id, vocabulary_id, word, normalized_word, sense_id, sentence_en, sentence_zh, source_type, source_ref, difficulty, example_order, publish_status, updated_at) VALUES ('arise-example-1', 'arise', 'arise', 'arise', 'arise-sense-1', 'They tried to arise carefully.', '', 'generated', 'top-3000-public-content-v1-wordnet-assisted', 'easy', 1, 'active', CURRENT_TIMESTAMP) ON CONFLICT(id) DO UPDATE SET word = excluded.word, normalized_word = excluded.normalized_word, sense_id = excluded.sense_id, sentence_en = excluded.sentence_en, sentence_zh = excluded.sentence_zh, source_type = excluded.source_type, source_ref = excluded.source_ref, difficulty = excluded.difficulty, example_order = excluded.example_order, publish_status = excluded.publish_status, updated_at = CURRENT_TIMESTAMP;
INSERT INTO vocabulary_scenario_links (vocabulary_id, word, normalized_word, scenario_id, relevance, created_at) VALUES ('arise', 'arise', 'arise', 'problem-solving', 70, CURRENT_TIMESTAMP) ON CONFLICT(vocabulary_id, scenario_id) DO UPDATE SET word = excluded.word, normalized_word = excluded.normalized_word, relevance = excluded.relevance;

UPDATE core_vocabulary SET word = 'musical', meaning_zh = '音乐的', definition_en = 'a play or film whose action and dialogue is interspersed with singing and dancing', primary_part_of_speech = 'noun', phonetic_us = '/ˈmjuːzɪkəl/', phonetic_uk = '/ˈmjuːzɪkəl/', updated_at = CURRENT_TIMESTAMP WHERE id = 'musical';
UPDATE vocabulary_pronunciations SET phonetic = CASE accent WHEN 'us' THEN '/ˈmjuːzɪkəl/' WHEN 'uk' THEN '/ˈmjuːzɪkəl/' ELSE phonetic END, phonetic_source = 'manual-curation-pending-review', updated_at = CURRENT_TIMESTAMP WHERE vocabulary_id = 'musical' AND accent IN ('us', 'uk');
INSERT INTO vocabulary_senses (id, vocabulary_id, word, normalized_word, part_of_speech, meaning_zh, definition_en, usage_note, sense_order, level, publish_status, updated_at) VALUES ('musical-sense-1', 'musical', 'musical', 'musical', 'noun', '音乐的', 'a play or film whose action and dialogue is interspersed with singing and dancing', 'Learner bootstrap sense; WordNet-assisted and pending human review.', 1, NULL, 'active', CURRENT_TIMESTAMP) ON CONFLICT(id) DO UPDATE SET word = excluded.word, normalized_word = excluded.normalized_word, part_of_speech = excluded.part_of_speech, meaning_zh = excluded.meaning_zh, definition_en = excluded.definition_en, usage_note = excluded.usage_note, sense_order = excluded.sense_order, publish_status = excluded.publish_status, updated_at = CURRENT_TIMESTAMP;
INSERT INTO vocabulary_examples (id, vocabulary_id, word, normalized_word, sense_id, sentence_en, sentence_zh, source_type, source_ref, difficulty, example_order, publish_status, updated_at) VALUES ('musical-example-1', 'musical', 'musical', 'musical', 'musical-sense-1', 'The musical was important in the discussion.', '', 'generated', 'top-3000-public-content-v1-wordnet-assisted', 'easy', 1, 'active', CURRENT_TIMESTAMP) ON CONFLICT(id) DO UPDATE SET word = excluded.word, normalized_word = excluded.normalized_word, sense_id = excluded.sense_id, sentence_en = excluded.sentence_en, sentence_zh = excluded.sentence_zh, source_type = excluded.source_type, source_ref = excluded.source_ref, difficulty = excluded.difficulty, example_order = excluded.example_order, publish_status = excluded.publish_status, updated_at = CURRENT_TIMESTAMP;
INSERT INTO vocabulary_scenario_links (vocabulary_id, word, normalized_word, scenario_id, relevance, created_at) VALUES ('musical', 'musical', 'musical', 'study', 70, CURRENT_TIMESTAMP) ON CONFLICT(vocabulary_id, scenario_id) DO UPDATE SET word = excluded.word, normalized_word = excluded.normalized_word, relevance = excluded.relevance;
INSERT INTO vocabulary_scenario_links (vocabulary_id, word, normalized_word, scenario_id, relevance, created_at) VALUES ('musical', 'musical', 'musical', 'communication', 70, CURRENT_TIMESTAMP) ON CONFLICT(vocabulary_id, scenario_id) DO UPDATE SET word = excluded.word, normalized_word = excluded.normalized_word, relevance = excluded.relevance;

UPDATE core_vocabulary SET word = 'recover', meaning_zh = '恢复（健康）；挽回', definition_en = 'get or find back; recover the use of', primary_part_of_speech = 'verb', phonetic_us = '/rɪkˈʌvɚ/', phonetic_uk = '/rɪkˈʌvə/', updated_at = CURRENT_TIMESTAMP WHERE id = 'recover';
UPDATE vocabulary_pronunciations SET phonetic = CASE accent WHEN 'us' THEN '/rɪkˈʌvɚ/' WHEN 'uk' THEN '/rɪkˈʌvə/' ELSE phonetic END, phonetic_source = 'manual-curation-pending-review', updated_at = CURRENT_TIMESTAMP WHERE vocabulary_id = 'recover' AND accent IN ('us', 'uk');
INSERT INTO vocabulary_senses (id, vocabulary_id, word, normalized_word, part_of_speech, meaning_zh, definition_en, usage_note, sense_order, level, publish_status, updated_at) VALUES ('recover-sense-1', 'recover', 'recover', 'recover', 'verb', '恢复（健康）；挽回', 'get or find back; recover the use of', 'Learner bootstrap sense; WordNet-assisted and pending human review.', 1, NULL, 'active', CURRENT_TIMESTAMP) ON CONFLICT(id) DO UPDATE SET word = excluded.word, normalized_word = excluded.normalized_word, part_of_speech = excluded.part_of_speech, meaning_zh = excluded.meaning_zh, definition_en = excluded.definition_en, usage_note = excluded.usage_note, sense_order = excluded.sense_order, publish_status = excluded.publish_status, updated_at = CURRENT_TIMESTAMP;
INSERT INTO vocabulary_examples (id, vocabulary_id, word, normalized_word, sense_id, sentence_en, sentence_zh, source_type, source_ref, difficulty, example_order, publish_status, updated_at) VALUES ('recover-example-1', 'recover', 'recover', 'recover', 'recover-sense-1', 'They tried to recover carefully.', '', 'generated', 'top-3000-public-content-v1-wordnet-assisted', 'easy', 1, 'active', CURRENT_TIMESTAMP) ON CONFLICT(id) DO UPDATE SET word = excluded.word, normalized_word = excluded.normalized_word, sense_id = excluded.sense_id, sentence_en = excluded.sentence_en, sentence_zh = excluded.sentence_zh, source_type = excluded.source_type, source_ref = excluded.source_ref, difficulty = excluded.difficulty, example_order = excluded.example_order, publish_status = excluded.publish_status, updated_at = CURRENT_TIMESTAMP;
INSERT INTO vocabulary_scenario_links (vocabulary_id, word, normalized_word, scenario_id, relevance, created_at) VALUES ('recover', 'recover', 'recover', 'problem-solving', 70, CURRENT_TIMESTAMP) ON CONFLICT(vocabulary_id, scenario_id) DO UPDATE SET word = excluded.word, normalized_word = excluded.normalized_word, relevance = excluded.relevance;

UPDATE core_vocabulary SET word = 'dad', meaning_zh = '爸爸', definition_en = 'an informal term for a father; probably derived from baby talk', primary_part_of_speech = 'noun', phonetic_us = '/dæd/', phonetic_uk = '/dæd/', updated_at = CURRENT_TIMESTAMP WHERE id = 'dad';
UPDATE vocabulary_pronunciations SET phonetic = CASE accent WHEN 'us' THEN '/dæd/' WHEN 'uk' THEN '/dæd/' ELSE phonetic END, phonetic_source = 'manual-curation-pending-review', updated_at = CURRENT_TIMESTAMP WHERE vocabulary_id = 'dad' AND accent IN ('us', 'uk');
INSERT INTO vocabulary_senses (id, vocabulary_id, word, normalized_word, part_of_speech, meaning_zh, definition_en, usage_note, sense_order, level, publish_status, updated_at) VALUES ('dad-sense-1', 'dad', 'dad', 'dad', 'noun', '爸爸', 'an informal term for a father; probably derived from baby talk', 'Learner bootstrap sense; WordNet-assisted and pending human review.', 1, NULL, 'active', CURRENT_TIMESTAMP) ON CONFLICT(id) DO UPDATE SET word = excluded.word, normalized_word = excluded.normalized_word, part_of_speech = excluded.part_of_speech, meaning_zh = excluded.meaning_zh, definition_en = excluded.definition_en, usage_note = excluded.usage_note, sense_order = excluded.sense_order, publish_status = excluded.publish_status, updated_at = CURRENT_TIMESTAMP;
INSERT INTO vocabulary_examples (id, vocabulary_id, word, normalized_word, sense_id, sentence_en, sentence_zh, source_type, source_ref, difficulty, example_order, publish_status, updated_at) VALUES ('dad-example-1', 'dad', 'dad', 'dad', 'dad-sense-1', 'The dad was important in the discussion.', '', 'generated', 'top-3000-public-content-v1-wordnet-assisted', 'easy', 1, 'active', CURRENT_TIMESTAMP) ON CONFLICT(id) DO UPDATE SET word = excluded.word, normalized_word = excluded.normalized_word, sense_id = excluded.sense_id, sentence_en = excluded.sentence_en, sentence_zh = excluded.sentence_zh, source_type = excluded.source_type, source_ref = excluded.source_ref, difficulty = excluded.difficulty, example_order = excluded.example_order, publish_status = excluded.publish_status, updated_at = CURRENT_TIMESTAMP;
INSERT INTO vocabulary_scenario_links (vocabulary_id, word, normalized_word, scenario_id, relevance, created_at) VALUES ('dad', 'dad', 'dad', 'thinking', 70, CURRENT_TIMESTAMP) ON CONFLICT(vocabulary_id, scenario_id) DO UPDATE SET word = excluded.word, normalized_word = excluded.normalized_word, relevance = excluded.relevance;

UPDATE core_vocabulary SET word = 'stretch', meaning_zh = '拉长，撑大', definition_en = 'occupy a large, elongated area', primary_part_of_speech = 'verb', phonetic_us = '/strɛtʃ/', phonetic_uk = '/strɛtʃ/', updated_at = CURRENT_TIMESTAMP WHERE id = 'stretch';
UPDATE vocabulary_pronunciations SET phonetic = CASE accent WHEN 'us' THEN '/strɛtʃ/' WHEN 'uk' THEN '/strɛtʃ/' ELSE phonetic END, phonetic_source = 'manual-curation-pending-review', updated_at = CURRENT_TIMESTAMP WHERE vocabulary_id = 'stretch' AND accent IN ('us', 'uk');
INSERT INTO vocabulary_senses (id, vocabulary_id, word, normalized_word, part_of_speech, meaning_zh, definition_en, usage_note, sense_order, level, publish_status, updated_at) VALUES ('stretch-sense-1', 'stretch', 'stretch', 'stretch', 'verb', '拉长，撑大', 'occupy a large, elongated area', 'Learner bootstrap sense; WordNet-assisted and pending human review.', 1, NULL, 'active', CURRENT_TIMESTAMP) ON CONFLICT(id) DO UPDATE SET word = excluded.word, normalized_word = excluded.normalized_word, part_of_speech = excluded.part_of_speech, meaning_zh = excluded.meaning_zh, definition_en = excluded.definition_en, usage_note = excluded.usage_note, sense_order = excluded.sense_order, publish_status = excluded.publish_status, updated_at = CURRENT_TIMESTAMP;
INSERT INTO vocabulary_examples (id, vocabulary_id, word, normalized_word, sense_id, sentence_en, sentence_zh, source_type, source_ref, difficulty, example_order, publish_status, updated_at) VALUES ('stretch-example-1', 'stretch', 'stretch', 'stretch', 'stretch-sense-1', 'The park stretched beneath the train line', '', 'imported', 'wordnet-3.0', 'easy', 1, 'active', CURRENT_TIMESTAMP) ON CONFLICT(id) DO UPDATE SET word = excluded.word, normalized_word = excluded.normalized_word, sense_id = excluded.sense_id, sentence_en = excluded.sentence_en, sentence_zh = excluded.sentence_zh, source_type = excluded.source_type, source_ref = excluded.source_ref, difficulty = excluded.difficulty, example_order = excluded.example_order, publish_status = excluded.publish_status, updated_at = CURRENT_TIMESTAMP;
INSERT INTO vocabulary_scenario_links (vocabulary_id, word, normalized_word, scenario_id, relevance, created_at) VALUES ('stretch', 'stretch', 'stretch', 'problem-solving', 70, CURRENT_TIMESTAMP) ON CONFLICT(vocabulary_id, scenario_id) DO UPDATE SET word = excluded.word, normalized_word = excluded.normalized_word, relevance = excluded.relevance;

UPDATE core_vocabulary SET word = 'declare', meaning_zh = '宣布，声明', definition_en = 'announce publicly or officially', primary_part_of_speech = 'verb', phonetic_us = '/dɪklˈɛr/', phonetic_uk = '/dɪklˈeə/', updated_at = CURRENT_TIMESTAMP WHERE id = 'declare';
UPDATE vocabulary_pronunciations SET phonetic = CASE accent WHEN 'us' THEN '/dɪklˈɛr/' WHEN 'uk' THEN '/dɪklˈeə/' ELSE phonetic END, phonetic_source = 'manual-curation-pending-review', updated_at = CURRENT_TIMESTAMP WHERE vocabulary_id = 'declare' AND accent IN ('us', 'uk');
INSERT INTO vocabulary_senses (id, vocabulary_id, word, normalized_word, part_of_speech, meaning_zh, definition_en, usage_note, sense_order, level, publish_status, updated_at) VALUES ('declare-sense-1', 'declare', 'declare', 'declare', 'verb', '宣布，声明', 'announce publicly or officially', 'Learner bootstrap sense; WordNet-assisted and pending human review.', 1, NULL, 'active', CURRENT_TIMESTAMP) ON CONFLICT(id) DO UPDATE SET word = excluded.word, normalized_word = excluded.normalized_word, part_of_speech = excluded.part_of_speech, meaning_zh = excluded.meaning_zh, definition_en = excluded.definition_en, usage_note = excluded.usage_note, sense_order = excluded.sense_order, publish_status = excluded.publish_status, updated_at = CURRENT_TIMESTAMP;
INSERT INTO vocabulary_examples (id, vocabulary_id, word, normalized_word, sense_id, sentence_en, sentence_zh, source_type, source_ref, difficulty, example_order, publish_status, updated_at) VALUES ('declare-example-1', 'declare', 'declare', 'declare', 'declare-sense-1', 'The President declared war', '', 'imported', 'wordnet-3.0', 'easy', 1, 'active', CURRENT_TIMESTAMP) ON CONFLICT(id) DO UPDATE SET word = excluded.word, normalized_word = excluded.normalized_word, sense_id = excluded.sense_id, sentence_en = excluded.sentence_en, sentence_zh = excluded.sentence_zh, source_type = excluded.source_type, source_ref = excluded.source_ref, difficulty = excluded.difficulty, example_order = excluded.example_order, publish_status = excluded.publish_status, updated_at = CURRENT_TIMESTAMP;
INSERT INTO vocabulary_scenario_links (vocabulary_id, word, normalized_word, scenario_id, relevance, created_at) VALUES ('declare', 'declare', 'declare', 'communication', 70, CURRENT_TIMESTAMP) ON CONFLICT(vocabulary_id, scenario_id) DO UPDATE SET word = excluded.word, normalized_word = excluded.normalized_word, relevance = excluded.relevance;

UPDATE core_vocabulary SET word = 'retire', meaning_zh = '退休', definition_en = 'go into retirement; stop performing one''s work or withdraw from one''s position', primary_part_of_speech = 'verb', phonetic_us = '/rɪtˈaɪr/', phonetic_uk = '/rɪtˈaɪə/', updated_at = CURRENT_TIMESTAMP WHERE id = 'retire';
UPDATE vocabulary_pronunciations SET phonetic = CASE accent WHEN 'us' THEN '/rɪtˈaɪr/' WHEN 'uk' THEN '/rɪtˈaɪə/' ELSE phonetic END, phonetic_source = 'manual-curation-pending-review', updated_at = CURRENT_TIMESTAMP WHERE vocabulary_id = 'retire' AND accent IN ('us', 'uk');
INSERT INTO vocabulary_senses (id, vocabulary_id, word, normalized_word, part_of_speech, meaning_zh, definition_en, usage_note, sense_order, level, publish_status, updated_at) VALUES ('retire-sense-1', 'retire', 'retire', 'retire', 'verb', '退休', 'go into retirement; stop performing one''s work or withdraw from one''s position', 'Learner bootstrap sense; WordNet-assisted and pending human review.', 1, NULL, 'active', CURRENT_TIMESTAMP) ON CONFLICT(id) DO UPDATE SET word = excluded.word, normalized_word = excluded.normalized_word, part_of_speech = excluded.part_of_speech, meaning_zh = excluded.meaning_zh, definition_en = excluded.definition_en, usage_note = excluded.usage_note, sense_order = excluded.sense_order, publish_status = excluded.publish_status, updated_at = CURRENT_TIMESTAMP;
INSERT INTO vocabulary_examples (id, vocabulary_id, word, normalized_word, sense_id, sentence_en, sentence_zh, source_type, source_ref, difficulty, example_order, publish_status, updated_at) VALUES ('retire-example-1', 'retire', 'retire', 'retire', 'retire-sense-1', 'He retired at age 68', '', 'imported', 'wordnet-3.0', 'easy', 1, 'active', CURRENT_TIMESTAMP) ON CONFLICT(id) DO UPDATE SET word = excluded.word, normalized_word = excluded.normalized_word, sense_id = excluded.sense_id, sentence_en = excluded.sentence_en, sentence_zh = excluded.sentence_zh, source_type = excluded.source_type, source_ref = excluded.source_ref, difficulty = excluded.difficulty, example_order = excluded.example_order, publish_status = excluded.publish_status, updated_at = CURRENT_TIMESTAMP;
INSERT INTO vocabulary_scenario_links (vocabulary_id, word, normalized_word, scenario_id, relevance, created_at) VALUES ('retire', 'retire', 'retire', 'problem-solving', 70, CURRENT_TIMESTAMP) ON CONFLICT(vocabulary_id, scenario_id) DO UPDATE SET word = excluded.word, normalized_word = excluded.normalized_word, relevance = excluded.relevance;

UPDATE core_vocabulary SET word = 'tiny', meaning_zh = '极小的', definition_en = 'very small', primary_part_of_speech = 'adjective', phonetic_us = '/ˈtaɪniː/', phonetic_uk = '/ˈtaɪniː/', updated_at = CURRENT_TIMESTAMP WHERE id = 'tiny';
UPDATE vocabulary_pronunciations SET phonetic = CASE accent WHEN 'us' THEN '/ˈtaɪniː/' WHEN 'uk' THEN '/ˈtaɪniː/' ELSE phonetic END, phonetic_source = 'manual-curation-pending-review', updated_at = CURRENT_TIMESTAMP WHERE vocabulary_id = 'tiny' AND accent IN ('us', 'uk');
INSERT INTO vocabulary_senses (id, vocabulary_id, word, normalized_word, part_of_speech, meaning_zh, definition_en, usage_note, sense_order, level, publish_status, updated_at) VALUES ('tiny-sense-1', 'tiny', 'tiny', 'tiny', 'adjective', '极小的', 'very small', 'Learner bootstrap sense; WordNet-assisted and pending human review.', 1, NULL, 'active', CURRENT_TIMESTAMP) ON CONFLICT(id) DO UPDATE SET word = excluded.word, normalized_word = excluded.normalized_word, part_of_speech = excluded.part_of_speech, meaning_zh = excluded.meaning_zh, definition_en = excluded.definition_en, usage_note = excluded.usage_note, sense_order = excluded.sense_order, publish_status = excluded.publish_status, updated_at = CURRENT_TIMESTAMP;
INSERT INTO vocabulary_examples (id, vocabulary_id, word, normalized_word, sense_id, sentence_en, sentence_zh, source_type, source_ref, difficulty, example_order, publish_status, updated_at) VALUES ('tiny-example-1', 'tiny', 'tiny', 'tiny', 'tiny-sense-1', 'This is a tiny example.', '', 'generated', 'top-3000-public-content-v1-wordnet-assisted', 'easy', 1, 'active', CURRENT_TIMESTAMP) ON CONFLICT(id) DO UPDATE SET word = excluded.word, normalized_word = excluded.normalized_word, sense_id = excluded.sense_id, sentence_en = excluded.sentence_en, sentence_zh = excluded.sentence_zh, source_type = excluded.source_type, source_ref = excluded.source_ref, difficulty = excluded.difficulty, example_order = excluded.example_order, publish_status = excluded.publish_status, updated_at = CURRENT_TIMESTAMP;
INSERT INTO vocabulary_scenario_links (vocabulary_id, word, normalized_word, scenario_id, relevance, created_at) VALUES ('tiny', 'tiny', 'tiny', 'emotion', 70, CURRENT_TIMESTAMP) ON CONFLICT(vocabulary_id, scenario_id) DO UPDATE SET word = excluded.word, normalized_word = excluded.normalized_word, relevance = excluded.relevance;

UPDATE core_vocabulary SET word = 'careful', meaning_zh = '小心的', definition_en = 'exercising caution or showing care or attention', primary_part_of_speech = 'adjective', phonetic_us = '/ˈkɛrfəl/', phonetic_uk = '/ˈkeəfəl/', updated_at = CURRENT_TIMESTAMP WHERE id = 'careful';
UPDATE vocabulary_pronunciations SET phonetic = CASE accent WHEN 'us' THEN '/ˈkɛrfəl/' WHEN 'uk' THEN '/ˈkeəfəl/' ELSE phonetic END, phonetic_source = 'manual-curation-pending-review', updated_at = CURRENT_TIMESTAMP WHERE vocabulary_id = 'careful' AND accent IN ('us', 'uk');
INSERT INTO vocabulary_senses (id, vocabulary_id, word, normalized_word, part_of_speech, meaning_zh, definition_en, usage_note, sense_order, level, publish_status, updated_at) VALUES ('careful-sense-1', 'careful', 'careful', 'careful', 'adjective', '小心的', 'exercising caution or showing care or attention', 'Learner bootstrap sense; WordNet-assisted and pending human review.', 1, NULL, 'active', CURRENT_TIMESTAMP) ON CONFLICT(id) DO UPDATE SET word = excluded.word, normalized_word = excluded.normalized_word, part_of_speech = excluded.part_of_speech, meaning_zh = excluded.meaning_zh, definition_en = excluded.definition_en, usage_note = excluded.usage_note, sense_order = excluded.sense_order, publish_status = excluded.publish_status, updated_at = CURRENT_TIMESTAMP;
INSERT INTO vocabulary_examples (id, vocabulary_id, word, normalized_word, sense_id, sentence_en, sentence_zh, source_type, source_ref, difficulty, example_order, publish_status, updated_at) VALUES ('careful-example-1', 'careful', 'careful', 'careful', 'careful-sense-1', 'They were careful when crossing the busy street', '', 'imported', 'wordnet-3.0', 'easy', 1, 'active', CURRENT_TIMESTAMP) ON CONFLICT(id) DO UPDATE SET word = excluded.word, normalized_word = excluded.normalized_word, sense_id = excluded.sense_id, sentence_en = excluded.sentence_en, sentence_zh = excluded.sentence_zh, source_type = excluded.source_type, source_ref = excluded.source_ref, difficulty = excluded.difficulty, example_order = excluded.example_order, publish_status = excluded.publish_status, updated_at = CURRENT_TIMESTAMP;
INSERT INTO vocabulary_scenario_links (vocabulary_id, word, normalized_word, scenario_id, relevance, created_at) VALUES ('careful', 'careful', 'careful', 'emotion', 70, CURRENT_TIMESTAMP) ON CONFLICT(vocabulary_id, scenario_id) DO UPDATE SET word = excluded.word, normalized_word = excluded.normalized_word, relevance = excluded.relevance;

UPDATE core_vocabulary SET word = 'suitable', meaning_zh = '合适的，适当的', definition_en = 'meant or adapted for an occasion or use', primary_part_of_speech = 'adjective', phonetic_us = '/ˈsuːtəbəl/', phonetic_uk = '/ˈsuːtəbəl/', updated_at = CURRENT_TIMESTAMP WHERE id = 'suitable';
UPDATE vocabulary_pronunciations SET phonetic = CASE accent WHEN 'us' THEN '/ˈsuːtəbəl/' WHEN 'uk' THEN '/ˈsuːtəbəl/' ELSE phonetic END, phonetic_source = 'manual-curation-pending-review', updated_at = CURRENT_TIMESTAMP WHERE vocabulary_id = 'suitable' AND accent IN ('us', 'uk');
INSERT INTO vocabulary_senses (id, vocabulary_id, word, normalized_word, part_of_speech, meaning_zh, definition_en, usage_note, sense_order, level, publish_status, updated_at) VALUES ('suitable-sense-1', 'suitable', 'suitable', 'suitable', 'adjective', '合适的，适当的', 'meant or adapted for an occasion or use', 'Learner bootstrap sense; WordNet-assisted and pending human review.', 1, NULL, 'active', CURRENT_TIMESTAMP) ON CONFLICT(id) DO UPDATE SET word = excluded.word, normalized_word = excluded.normalized_word, part_of_speech = excluded.part_of_speech, meaning_zh = excluded.meaning_zh, definition_en = excluded.definition_en, usage_note = excluded.usage_note, sense_order = excluded.sense_order, publish_status = excluded.publish_status, updated_at = CURRENT_TIMESTAMP;
INSERT INTO vocabulary_examples (id, vocabulary_id, word, normalized_word, sense_id, sentence_en, sentence_zh, source_type, source_ref, difficulty, example_order, publish_status, updated_at) VALUES ('suitable-example-1', 'suitable', 'suitable', 'suitable', 'suitable-sense-1', 'A tractor suitable (or fit) for heavy duty', '', 'imported', 'wordnet-3.0', 'easy', 1, 'active', CURRENT_TIMESTAMP) ON CONFLICT(id) DO UPDATE SET word = excluded.word, normalized_word = excluded.normalized_word, sense_id = excluded.sense_id, sentence_en = excluded.sentence_en, sentence_zh = excluded.sentence_zh, source_type = excluded.source_type, source_ref = excluded.source_ref, difficulty = excluded.difficulty, example_order = excluded.example_order, publish_status = excluded.publish_status, updated_at = CURRENT_TIMESTAMP;
INSERT INTO vocabulary_scenario_links (vocabulary_id, word, normalized_word, scenario_id, relevance, created_at) VALUES ('suitable', 'suitable', 'suitable', 'emotion', 70, CURRENT_TIMESTAMP) ON CONFLICT(vocabulary_id, scenario_id) DO UPDATE SET word = excluded.word, normalized_word = excluded.normalized_word, relevance = excluded.relevance;

UPDATE core_vocabulary SET word = 'native', meaning_zh = '本地人', definition_en = 'an indigenous person who was born in a particular place', primary_part_of_speech = 'noun', phonetic_us = '/ˈneɪtɪv/', phonetic_uk = '/ˈneɪtɪv/', updated_at = CURRENT_TIMESTAMP WHERE id = 'native';
UPDATE vocabulary_pronunciations SET phonetic = CASE accent WHEN 'us' THEN '/ˈneɪtɪv/' WHEN 'uk' THEN '/ˈneɪtɪv/' ELSE phonetic END, phonetic_source = 'manual-curation-pending-review', updated_at = CURRENT_TIMESTAMP WHERE vocabulary_id = 'native' AND accent IN ('us', 'uk');
INSERT INTO vocabulary_senses (id, vocabulary_id, word, normalized_word, part_of_speech, meaning_zh, definition_en, usage_note, sense_order, level, publish_status, updated_at) VALUES ('native-sense-1', 'native', 'native', 'native', 'noun', '本地人', 'an indigenous person who was born in a particular place', 'Learner bootstrap sense; WordNet-assisted and pending human review.', 1, NULL, 'active', CURRENT_TIMESTAMP) ON CONFLICT(id) DO UPDATE SET word = excluded.word, normalized_word = excluded.normalized_word, part_of_speech = excluded.part_of_speech, meaning_zh = excluded.meaning_zh, definition_en = excluded.definition_en, usage_note = excluded.usage_note, sense_order = excluded.sense_order, publish_status = excluded.publish_status, updated_at = CURRENT_TIMESTAMP;
INSERT INTO vocabulary_examples (id, vocabulary_id, word, normalized_word, sense_id, sentence_en, sentence_zh, source_type, source_ref, difficulty, example_order, publish_status, updated_at) VALUES ('native-example-1', 'native', 'native', 'native', 'native-sense-1', 'The art of the natives of the northwest coast', '', 'imported', 'wordnet-3.0', 'easy', 1, 'active', CURRENT_TIMESTAMP) ON CONFLICT(id) DO UPDATE SET word = excluded.word, normalized_word = excluded.normalized_word, sense_id = excluded.sense_id, sentence_en = excluded.sentence_en, sentence_zh = excluded.sentence_zh, source_type = excluded.source_type, source_ref = excluded.source_ref, difficulty = excluded.difficulty, example_order = excluded.example_order, publish_status = excluded.publish_status, updated_at = CURRENT_TIMESTAMP;
INSERT INTO vocabulary_scenario_links (vocabulary_id, word, normalized_word, scenario_id, relevance, created_at) VALUES ('native', 'native', 'native', 'thinking', 70, CURRENT_TIMESTAMP) ON CONFLICT(vocabulary_id, scenario_id) DO UPDATE SET word = excluded.word, normalized_word = excluded.normalized_word, relevance = excluded.relevance;

UPDATE core_vocabulary SET word = 'fruit', meaning_zh = '水果', definition_en = 'the ripened reproductive body of a seed plant', primary_part_of_speech = 'noun', phonetic_us = '/fruːt/', phonetic_uk = '/fruːt/', updated_at = CURRENT_TIMESTAMP WHERE id = 'fruit';
UPDATE vocabulary_pronunciations SET phonetic = CASE accent WHEN 'us' THEN '/fruːt/' WHEN 'uk' THEN '/fruːt/' ELSE phonetic END, phonetic_source = 'manual-curation-pending-review', updated_at = CURRENT_TIMESTAMP WHERE vocabulary_id = 'fruit' AND accent IN ('us', 'uk');
INSERT INTO vocabulary_senses (id, vocabulary_id, word, normalized_word, part_of_speech, meaning_zh, definition_en, usage_note, sense_order, level, publish_status, updated_at) VALUES ('fruit-sense-1', 'fruit', 'fruit', 'fruit', 'noun', '水果', 'the ripened reproductive body of a seed plant', 'Learner bootstrap sense; WordNet-assisted and pending human review.', 1, NULL, 'active', CURRENT_TIMESTAMP) ON CONFLICT(id) DO UPDATE SET word = excluded.word, normalized_word = excluded.normalized_word, part_of_speech = excluded.part_of_speech, meaning_zh = excluded.meaning_zh, definition_en = excluded.definition_en, usage_note = excluded.usage_note, sense_order = excluded.sense_order, publish_status = excluded.publish_status, updated_at = CURRENT_TIMESTAMP;
INSERT INTO vocabulary_examples (id, vocabulary_id, word, normalized_word, sense_id, sentence_en, sentence_zh, source_type, source_ref, difficulty, example_order, publish_status, updated_at) VALUES ('fruit-example-1', 'fruit', 'fruit', 'fruit', 'fruit-sense-1', 'The fruit was important in the discussion.', '', 'generated', 'top-3000-public-content-v1-wordnet-assisted', 'easy', 1, 'active', CURRENT_TIMESTAMP) ON CONFLICT(id) DO UPDATE SET word = excluded.word, normalized_word = excluded.normalized_word, sense_id = excluded.sense_id, sentence_en = excluded.sentence_en, sentence_zh = excluded.sentence_zh, source_type = excluded.source_type, source_ref = excluded.source_ref, difficulty = excluded.difficulty, example_order = excluded.example_order, publish_status = excluded.publish_status, updated_at = CURRENT_TIMESTAMP;
INSERT INTO vocabulary_scenario_links (vocabulary_id, word, normalized_word, scenario_id, relevance, created_at) VALUES ('fruit', 'fruit', 'fruit', 'daily', 70, CURRENT_TIMESTAMP) ON CONFLICT(vocabulary_id, scenario_id) DO UPDATE SET word = excluded.word, normalized_word = excluded.normalized_word, relevance = excluded.relevance;
