-- Top 3000 public vocabulary content v1, part 37.
-- Learner bootstrap content for words 1721-1740.
-- Definitions are WordNet-assisted where needed; examples are WordNet examples or generated learner sentences.
-- Phonetics are bootstrap IPA values and remain tracked for manual review.

UPDATE core_vocabulary SET word = 'column', meaning_zh = '支柱，列', definition_en = '(architecture) a tall vertical cylindrical structure standing upright and used to support a structure', primary_part_of_speech = 'noun', phonetic_us = '/ˈkɑləm/', phonetic_uk = '/ˈkɑləm/', updated_at = CURRENT_TIMESTAMP WHERE id = 'column';
UPDATE vocabulary_pronunciations SET phonetic = CASE accent WHEN 'us' THEN '/ˈkɑləm/' WHEN 'uk' THEN '/ˈkɑləm/' ELSE phonetic END, phonetic_source = 'manual-curation-pending-review', updated_at = CURRENT_TIMESTAMP WHERE vocabulary_id = 'column' AND accent IN ('us', 'uk');
INSERT INTO vocabulary_senses (id, vocabulary_id, word, normalized_word, part_of_speech, meaning_zh, definition_en, usage_note, sense_order, level, publish_status, updated_at) VALUES ('column-sense-1', 'column', 'column', 'column', 'noun', '支柱，列', '(architecture) a tall vertical cylindrical structure standing upright and used to support a structure', 'Learner bootstrap sense; WordNet-assisted and pending human review.', 1, NULL, 'active', CURRENT_TIMESTAMP) ON CONFLICT(id) DO UPDATE SET word = excluded.word, normalized_word = excluded.normalized_word, part_of_speech = excluded.part_of_speech, meaning_zh = excluded.meaning_zh, definition_en = excluded.definition_en, usage_note = excluded.usage_note, sense_order = excluded.sense_order, publish_status = excluded.publish_status, updated_at = CURRENT_TIMESTAMP;
INSERT INTO vocabulary_examples (id, vocabulary_id, word, normalized_word, sense_id, sentence_en, sentence_zh, source_type, source_ref, difficulty, example_order, publish_status, updated_at) VALUES ('column-example-1', 'column', 'column', 'column', 'column-sense-1', 'The column was important in the discussion.', '', 'generated', 'top-3000-public-content-v1-wordnet-assisted', 'easy', 1, 'active', CURRENT_TIMESTAMP) ON CONFLICT(id) DO UPDATE SET word = excluded.word, normalized_word = excluded.normalized_word, sense_id = excluded.sense_id, sentence_en = excluded.sentence_en, sentence_zh = excluded.sentence_zh, source_type = excluded.source_type, source_ref = excluded.source_ref, difficulty = excluded.difficulty, example_order = excluded.example_order, publish_status = excluded.publish_status, updated_at = CURRENT_TIMESTAMP;
INSERT INTO vocabulary_scenario_links (vocabulary_id, word, normalized_word, scenario_id, relevance, created_at) VALUES ('column', 'column', 'column', 'daily', 70, CURRENT_TIMESTAMP) ON CONFLICT(vocabulary_id, scenario_id) DO UPDATE SET word = excluded.word, normalized_word = excluded.normalized_word, relevance = excluded.relevance;

UPDATE core_vocabulary SET word = 'electronic', meaning_zh = '电子的', definition_en = 'of or relating to electronics; concerned with or using devices that operate on principles governing the behavior of electrons', primary_part_of_speech = 'adjective', phonetic_us = '/ˌɪlˌɛktrˈɑnɪk/', phonetic_uk = '/ˌɪlˌɛktrˈɑnɪk/', updated_at = CURRENT_TIMESTAMP WHERE id = 'electronic';
UPDATE vocabulary_pronunciations SET phonetic = CASE accent WHEN 'us' THEN '/ˌɪlˌɛktrˈɑnɪk/' WHEN 'uk' THEN '/ˌɪlˌɛktrˈɑnɪk/' ELSE phonetic END, phonetic_source = 'manual-curation-pending-review', updated_at = CURRENT_TIMESTAMP WHERE vocabulary_id = 'electronic' AND accent IN ('us', 'uk');
INSERT INTO vocabulary_senses (id, vocabulary_id, word, normalized_word, part_of_speech, meaning_zh, definition_en, usage_note, sense_order, level, publish_status, updated_at) VALUES ('electronic-sense-1', 'electronic', 'electronic', 'electronic', 'adjective', '电子的', 'of or relating to electronics; concerned with or using devices that operate on principles governing the behavior of electrons', 'Learner bootstrap sense; WordNet-assisted and pending human review.', 1, NULL, 'active', CURRENT_TIMESTAMP) ON CONFLICT(id) DO UPDATE SET word = excluded.word, normalized_word = excluded.normalized_word, part_of_speech = excluded.part_of_speech, meaning_zh = excluded.meaning_zh, definition_en = excluded.definition_en, usage_note = excluded.usage_note, sense_order = excluded.sense_order, publish_status = excluded.publish_status, updated_at = CURRENT_TIMESTAMP;
INSERT INTO vocabulary_examples (id, vocabulary_id, word, normalized_word, sense_id, sentence_en, sentence_zh, source_type, source_ref, difficulty, example_order, publish_status, updated_at) VALUES ('electronic-example-1', 'electronic', 'electronic', 'electronic', 'electronic-sense-1', 'This is an electronic example.', '', 'generated', 'top-3000-public-content-v1-wordnet-assisted', 'easy', 1, 'active', CURRENT_TIMESTAMP) ON CONFLICT(id) DO UPDATE SET word = excluded.word, normalized_word = excluded.normalized_word, sense_id = excluded.sense_id, sentence_en = excluded.sentence_en, sentence_zh = excluded.sentence_zh, source_type = excluded.source_type, source_ref = excluded.source_ref, difficulty = excluded.difficulty, example_order = excluded.example_order, publish_status = excluded.publish_status, updated_at = CURRENT_TIMESTAMP;
INSERT INTO vocabulary_scenario_links (vocabulary_id, word, normalized_word, scenario_id, relevance, created_at) VALUES ('electronic', 'electronic', 'electronic', 'thinking', 70, CURRENT_TIMESTAMP) ON CONFLICT(vocabulary_id, scenario_id) DO UPDATE SET word = excluded.word, normalized_word = excluded.normalized_word, relevance = excluded.relevance;

UPDATE core_vocabulary SET word = 'impose', meaning_zh = '把...强加于', definition_en = 'compel to behave in a certain way', primary_part_of_speech = 'verb', phonetic_us = '/ˌɪmpˈoʊz/', phonetic_uk = '/ˌɪmpˈoʊz/', updated_at = CURRENT_TIMESTAMP WHERE id = 'impose';
UPDATE vocabulary_pronunciations SET phonetic = CASE accent WHEN 'us' THEN '/ˌɪmpˈoʊz/' WHEN 'uk' THEN '/ˌɪmpˈoʊz/' ELSE phonetic END, phonetic_source = 'manual-curation-pending-review', updated_at = CURRENT_TIMESTAMP WHERE vocabulary_id = 'impose' AND accent IN ('us', 'uk');
INSERT INTO vocabulary_senses (id, vocabulary_id, word, normalized_word, part_of_speech, meaning_zh, definition_en, usage_note, sense_order, level, publish_status, updated_at) VALUES ('impose-sense-1', 'impose', 'impose', 'impose', 'verb', '把...强加于', 'compel to behave in a certain way', 'Learner bootstrap sense; WordNet-assisted and pending human review.', 1, NULL, 'active', CURRENT_TIMESTAMP) ON CONFLICT(id) DO UPDATE SET word = excluded.word, normalized_word = excluded.normalized_word, part_of_speech = excluded.part_of_speech, meaning_zh = excluded.meaning_zh, definition_en = excluded.definition_en, usage_note = excluded.usage_note, sense_order = excluded.sense_order, publish_status = excluded.publish_status, updated_at = CURRENT_TIMESTAMP;
INSERT INTO vocabulary_examples (id, vocabulary_id, word, normalized_word, sense_id, sentence_en, sentence_zh, source_type, source_ref, difficulty, example_order, publish_status, updated_at) VALUES ('impose-example-1', 'impose', 'impose', 'impose', 'impose-sense-1', 'Social relations impose courtesy', '', 'imported', 'wordnet-3.0', 'easy', 1, 'active', CURRENT_TIMESTAMP) ON CONFLICT(id) DO UPDATE SET word = excluded.word, normalized_word = excluded.normalized_word, sense_id = excluded.sense_id, sentence_en = excluded.sentence_en, sentence_zh = excluded.sentence_zh, source_type = excluded.source_type, source_ref = excluded.source_ref, difficulty = excluded.difficulty, example_order = excluded.example_order, publish_status = excluded.publish_status, updated_at = CURRENT_TIMESTAMP;
INSERT INTO vocabulary_scenario_links (vocabulary_id, word, normalized_word, scenario_id, relevance, created_at) VALUES ('impose', 'impose', 'impose', 'problem-solving', 70, CURRENT_TIMESTAMP) ON CONFLICT(vocabulary_id, scenario_id) DO UPDATE SET word = excluded.word, normalized_word = excluded.normalized_word, relevance = excluded.relevance;

UPDATE core_vocabulary SET word = 'criminal', meaning_zh = '犯罪的；罪犯', definition_en = 'relating to crime, or a person who has committed a crime', primary_part_of_speech = 'adjective', phonetic_us = '/ˈkrɪmənəl/', phonetic_uk = '/ˈkrɪmənəl/', updated_at = CURRENT_TIMESTAMP WHERE id = 'criminal';
UPDATE vocabulary_pronunciations SET phonetic = CASE accent WHEN 'us' THEN '/ˈkrɪmənəl/' WHEN 'uk' THEN '/ˈkrɪmənəl/' ELSE phonetic END, phonetic_source = 'manual-curation-pending-review', updated_at = CURRENT_TIMESTAMP WHERE vocabulary_id = 'criminal' AND accent IN ('us', 'uk');
INSERT INTO vocabulary_senses (id, vocabulary_id, word, normalized_word, part_of_speech, meaning_zh, definition_en, usage_note, sense_order, level, publish_status, updated_at) VALUES ('criminal-sense-1', 'criminal', 'criminal', 'criminal', 'adjective', '犯罪的；罪犯', 'relating to crime, or a person who has committed a crime', 'Learner bootstrap sense; WordNet-assisted and pending human review.', 1, NULL, 'active', CURRENT_TIMESTAMP) ON CONFLICT(id) DO UPDATE SET word = excluded.word, normalized_word = excluded.normalized_word, part_of_speech = excluded.part_of_speech, meaning_zh = excluded.meaning_zh, definition_en = excluded.definition_en, usage_note = excluded.usage_note, sense_order = excluded.sense_order, publish_status = excluded.publish_status, updated_at = CURRENT_TIMESTAMP;
INSERT INTO vocabulary_examples (id, vocabulary_id, word, normalized_word, sense_id, sentence_en, sentence_zh, source_type, source_ref, difficulty, example_order, publish_status, updated_at) VALUES ('criminal-example-1', 'criminal', 'criminal', 'criminal', 'criminal-sense-1', 'The case involved a criminal investigation.', '', 'generated', 'top-3000-public-content-v1-wordnet-assisted', 'easy', 1, 'active', CURRENT_TIMESTAMP) ON CONFLICT(id) DO UPDATE SET word = excluded.word, normalized_word = excluded.normalized_word, sense_id = excluded.sense_id, sentence_en = excluded.sentence_en, sentence_zh = excluded.sentence_zh, source_type = excluded.source_type, source_ref = excluded.source_ref, difficulty = excluded.difficulty, example_order = excluded.example_order, publish_status = excluded.publish_status, updated_at = CURRENT_TIMESTAMP;
INSERT INTO vocabulary_scenario_links (vocabulary_id, word, normalized_word, scenario_id, relevance, created_at) VALUES ('criminal', 'criminal', 'criminal', 'emotion', 70, CURRENT_TIMESTAMP) ON CONFLICT(vocabulary_id, scenario_id) DO UPDATE SET word = excluded.word, normalized_word = excluded.normalized_word, relevance = excluded.relevance;

UPDATE core_vocabulary SET word = 'besides', meaning_zh = '除...之外（还）', definition_en = 'making an additional point; anyway', primary_part_of_speech = 'preposition', phonetic_us = '/bɪsˈaɪdz/', phonetic_uk = '/bɪsˈaɪdz/', updated_at = CURRENT_TIMESTAMP WHERE id = 'besides';
UPDATE vocabulary_pronunciations SET phonetic = CASE accent WHEN 'us' THEN '/bɪsˈaɪdz/' WHEN 'uk' THEN '/bɪsˈaɪdz/' ELSE phonetic END, phonetic_source = 'manual-curation-pending-review', updated_at = CURRENT_TIMESTAMP WHERE vocabulary_id = 'besides' AND accent IN ('us', 'uk');
INSERT INTO vocabulary_senses (id, vocabulary_id, word, normalized_word, part_of_speech, meaning_zh, definition_en, usage_note, sense_order, level, publish_status, updated_at) VALUES ('besides-sense-1', 'besides', 'besides', 'besides', 'preposition', '除...之外（还）', 'making an additional point; anyway', 'Learner bootstrap sense; WordNet-assisted and pending human review.', 1, NULL, 'active', CURRENT_TIMESTAMP) ON CONFLICT(id) DO UPDATE SET word = excluded.word, normalized_word = excluded.normalized_word, part_of_speech = excluded.part_of_speech, meaning_zh = excluded.meaning_zh, definition_en = excluded.definition_en, usage_note = excluded.usage_note, sense_order = excluded.sense_order, publish_status = excluded.publish_status, updated_at = CURRENT_TIMESTAMP;
INSERT INTO vocabulary_examples (id, vocabulary_id, word, normalized_word, sense_id, sentence_en, sentence_zh, source_type, source_ref, difficulty, example_order, publish_status, updated_at) VALUES ('besides-example-1', 'besides', 'besides', 'besides', 'besides-sense-1', 'I don''t want to go to a restaurant; besides, we can''t afford it', '', 'imported', 'wordnet-3.0', 'easy', 1, 'active', CURRENT_TIMESTAMP) ON CONFLICT(id) DO UPDATE SET word = excluded.word, normalized_word = excluded.normalized_word, sense_id = excluded.sense_id, sentence_en = excluded.sentence_en, sentence_zh = excluded.sentence_zh, source_type = excluded.source_type, source_ref = excluded.source_ref, difficulty = excluded.difficulty, example_order = excluded.example_order, publish_status = excluded.publish_status, updated_at = CURRENT_TIMESTAMP;
INSERT INTO vocabulary_scenario_links (vocabulary_id, word, normalized_word, scenario_id, relevance, created_at) VALUES ('besides', 'besides', 'besides', 'communication', 70, CURRENT_TIMESTAMP) ON CONFLICT(vocabulary_id, scenario_id) DO UPDATE SET word = excluded.word, normalized_word = excluded.normalized_word, relevance = excluded.relevance;

UPDATE core_vocabulary SET word = 'properly', meaning_zh = '适当地', definition_en = 'in the right manner', primary_part_of_speech = 'adverb', phonetic_us = '/ˈprɑpɚliː/', phonetic_uk = '/ˈprɑpəliː/', updated_at = CURRENT_TIMESTAMP WHERE id = 'properly';
UPDATE vocabulary_pronunciations SET phonetic = CASE accent WHEN 'us' THEN '/ˈprɑpɚliː/' WHEN 'uk' THEN '/ˈprɑpəliː/' ELSE phonetic END, phonetic_source = 'manual-curation-pending-review', updated_at = CURRENT_TIMESTAMP WHERE vocabulary_id = 'properly' AND accent IN ('us', 'uk');
INSERT INTO vocabulary_senses (id, vocabulary_id, word, normalized_word, part_of_speech, meaning_zh, definition_en, usage_note, sense_order, level, publish_status, updated_at) VALUES ('properly-sense-1', 'properly', 'properly', 'properly', 'adverb', '适当地', 'in the right manner', 'Learner bootstrap sense; WordNet-assisted and pending human review.', 1, NULL, 'active', CURRENT_TIMESTAMP) ON CONFLICT(id) DO UPDATE SET word = excluded.word, normalized_word = excluded.normalized_word, part_of_speech = excluded.part_of_speech, meaning_zh = excluded.meaning_zh, definition_en = excluded.definition_en, usage_note = excluded.usage_note, sense_order = excluded.sense_order, publish_status = excluded.publish_status, updated_at = CURRENT_TIMESTAMP;
INSERT INTO vocabulary_examples (id, vocabulary_id, word, normalized_word, sense_id, sentence_en, sentence_zh, source_type, source_ref, difficulty, example_order, publish_status, updated_at) VALUES ('properly-example-1', 'properly', 'properly', 'properly', 'properly-sense-1', 'Please do your job properly!', '', 'imported', 'wordnet-3.0', 'easy', 1, 'active', CURRENT_TIMESTAMP) ON CONFLICT(id) DO UPDATE SET word = excluded.word, normalized_word = excluded.normalized_word, sense_id = excluded.sense_id, sentence_en = excluded.sentence_en, sentence_zh = excluded.sentence_zh, source_type = excluded.source_type, source_ref = excluded.source_ref, difficulty = excluded.difficulty, example_order = excluded.example_order, publish_status = excluded.publish_status, updated_at = CURRENT_TIMESTAMP;
INSERT INTO vocabulary_scenario_links (vocabulary_id, word, normalized_word, scenario_id, relevance, created_at) VALUES ('properly', 'properly', 'properly', 'thinking', 70, CURRENT_TIMESTAMP) ON CONFLICT(vocabulary_id, scenario_id) DO UPDATE SET word = excluded.word, normalized_word = excluded.normalized_word, relevance = excluded.relevance;

UPDATE core_vocabulary SET word = 'ancient', meaning_zh = '年老的，年代久远的', definition_en = 'belonging to times long past especially of the historical period before the fall of the Western Roman Empire', primary_part_of_speech = 'adjective', phonetic_us = '/ˈeɪntʃənt/', phonetic_uk = '/ˈeɪntʃənt/', updated_at = CURRENT_TIMESTAMP WHERE id = 'ancient';
UPDATE vocabulary_pronunciations SET phonetic = CASE accent WHEN 'us' THEN '/ˈeɪntʃənt/' WHEN 'uk' THEN '/ˈeɪntʃənt/' ELSE phonetic END, phonetic_source = 'manual-curation-pending-review', updated_at = CURRENT_TIMESTAMP WHERE vocabulary_id = 'ancient' AND accent IN ('us', 'uk');
INSERT INTO vocabulary_senses (id, vocabulary_id, word, normalized_word, part_of_speech, meaning_zh, definition_en, usage_note, sense_order, level, publish_status, updated_at) VALUES ('ancient-sense-1', 'ancient', 'ancient', 'ancient', 'adjective', '年老的，年代久远的', 'belonging to times long past especially of the historical period before the fall of the Western Roman Empire', 'Learner bootstrap sense; WordNet-assisted and pending human review.', 1, NULL, 'active', CURRENT_TIMESTAMP) ON CONFLICT(id) DO UPDATE SET word = excluded.word, normalized_word = excluded.normalized_word, part_of_speech = excluded.part_of_speech, meaning_zh = excluded.meaning_zh, definition_en = excluded.definition_en, usage_note = excluded.usage_note, sense_order = excluded.sense_order, publish_status = excluded.publish_status, updated_at = CURRENT_TIMESTAMP;
INSERT INTO vocabulary_examples (id, vocabulary_id, word, normalized_word, sense_id, sentence_en, sentence_zh, source_type, source_ref, difficulty, example_order, publish_status, updated_at) VALUES ('ancient-example-1', 'ancient', 'ancient', 'ancient', 'ancient-sense-1', 'Ancient civilizations such as those of the Etruscans and Sumerians', '', 'imported', 'wordnet-3.0', 'easy', 1, 'active', CURRENT_TIMESTAMP) ON CONFLICT(id) DO UPDATE SET word = excluded.word, normalized_word = excluded.normalized_word, sense_id = excluded.sense_id, sentence_en = excluded.sentence_en, sentence_zh = excluded.sentence_zh, source_type = excluded.source_type, source_ref = excluded.source_ref, difficulty = excluded.difficulty, example_order = excluded.example_order, publish_status = excluded.publish_status, updated_at = CURRENT_TIMESTAMP;
INSERT INTO vocabulary_scenario_links (vocabulary_id, word, normalized_word, scenario_id, relevance, created_at) VALUES ('ancient', 'ancient', 'ancient', 'emotion', 70, CURRENT_TIMESTAMP) ON CONFLICT(vocabulary_id, scenario_id) DO UPDATE SET word = excluded.word, normalized_word = excluded.normalized_word, relevance = excluded.relevance;

UPDATE core_vocabulary SET word = 'coast', meaning_zh = '海岸', definition_en = 'the shore of a sea or ocean', primary_part_of_speech = 'noun', phonetic_us = '/koʊst/', phonetic_uk = '/koʊst/', updated_at = CURRENT_TIMESTAMP WHERE id = 'coast';
UPDATE vocabulary_pronunciations SET phonetic = CASE accent WHEN 'us' THEN '/koʊst/' WHEN 'uk' THEN '/koʊst/' ELSE phonetic END, phonetic_source = 'manual-curation-pending-review', updated_at = CURRENT_TIMESTAMP WHERE vocabulary_id = 'coast' AND accent IN ('us', 'uk');
INSERT INTO vocabulary_senses (id, vocabulary_id, word, normalized_word, part_of_speech, meaning_zh, definition_en, usage_note, sense_order, level, publish_status, updated_at) VALUES ('coast-sense-1', 'coast', 'coast', 'coast', 'noun', '海岸', 'the shore of a sea or ocean', 'Learner bootstrap sense; WordNet-assisted and pending human review.', 1, NULL, 'active', CURRENT_TIMESTAMP) ON CONFLICT(id) DO UPDATE SET word = excluded.word, normalized_word = excluded.normalized_word, part_of_speech = excluded.part_of_speech, meaning_zh = excluded.meaning_zh, definition_en = excluded.definition_en, usage_note = excluded.usage_note, sense_order = excluded.sense_order, publish_status = excluded.publish_status, updated_at = CURRENT_TIMESTAMP;
INSERT INTO vocabulary_examples (id, vocabulary_id, word, normalized_word, sense_id, sentence_en, sentence_zh, source_type, source_ref, difficulty, example_order, publish_status, updated_at) VALUES ('coast-example-1', 'coast', 'coast', 'coast', 'coast-sense-1', 'The coast was important in the discussion.', '', 'generated', 'top-3000-public-content-v1-wordnet-assisted', 'easy', 1, 'active', CURRENT_TIMESTAMP) ON CONFLICT(id) DO UPDATE SET word = excluded.word, normalized_word = excluded.normalized_word, sense_id = excluded.sense_id, sentence_en = excluded.sentence_en, sentence_zh = excluded.sentence_zh, source_type = excluded.source_type, source_ref = excluded.source_ref, difficulty = excluded.difficulty, example_order = excluded.example_order, publish_status = excluded.publish_status, updated_at = CURRENT_TIMESTAMP;
INSERT INTO vocabulary_scenario_links (vocabulary_id, word, normalized_word, scenario_id, relevance, created_at) VALUES ('coast', 'coast', 'coast', 'daily', 70, CURRENT_TIMESTAMP) ON CONFLICT(vocabulary_id, scenario_id) DO UPDATE SET word = excluded.word, normalized_word = excluded.normalized_word, relevance = excluded.relevance;

UPDATE core_vocabulary SET word = 'ill', meaning_zh = '有病的', definition_en = 'affected by an impairment of normal physical or mental function', primary_part_of_speech = 'adjective', phonetic_us = '/ɪl/', phonetic_uk = '/ɪl/', updated_at = CURRENT_TIMESTAMP WHERE id = 'ill';
UPDATE vocabulary_pronunciations SET phonetic = CASE accent WHEN 'us' THEN '/ɪl/' WHEN 'uk' THEN '/ɪl/' ELSE phonetic END, phonetic_source = 'manual-curation-pending-review', updated_at = CURRENT_TIMESTAMP WHERE vocabulary_id = 'ill' AND accent IN ('us', 'uk');
INSERT INTO vocabulary_senses (id, vocabulary_id, word, normalized_word, part_of_speech, meaning_zh, definition_en, usage_note, sense_order, level, publish_status, updated_at) VALUES ('ill-sense-1', 'ill', 'ill', 'ill', 'adjective', '有病的', 'affected by an impairment of normal physical or mental function', 'Learner bootstrap sense; WordNet-assisted and pending human review.', 1, NULL, 'active', CURRENT_TIMESTAMP) ON CONFLICT(id) DO UPDATE SET word = excluded.word, normalized_word = excluded.normalized_word, part_of_speech = excluded.part_of_speech, meaning_zh = excluded.meaning_zh, definition_en = excluded.definition_en, usage_note = excluded.usage_note, sense_order = excluded.sense_order, publish_status = excluded.publish_status, updated_at = CURRENT_TIMESTAMP;
INSERT INTO vocabulary_examples (id, vocabulary_id, word, normalized_word, sense_id, sentence_en, sentence_zh, source_type, source_ref, difficulty, example_order, publish_status, updated_at) VALUES ('ill-example-1', 'ill', 'ill', 'ill', 'ill-sense-1', 'Ill from the monotony of his suffering', '', 'imported', 'wordnet-3.0', 'easy', 1, 'active', CURRENT_TIMESTAMP) ON CONFLICT(id) DO UPDATE SET word = excluded.word, normalized_word = excluded.normalized_word, sense_id = excluded.sense_id, sentence_en = excluded.sentence_en, sentence_zh = excluded.sentence_zh, source_type = excluded.source_type, source_ref = excluded.source_ref, difficulty = excluded.difficulty, example_order = excluded.example_order, publish_status = excluded.publish_status, updated_at = CURRENT_TIMESTAMP;
INSERT INTO vocabulary_scenario_links (vocabulary_id, word, normalized_word, scenario_id, relevance, created_at) VALUES ('ill', 'ill', 'ill', 'emotion', 70, CURRENT_TIMESTAMP) ON CONFLICT(vocabulary_id, scenario_id) DO UPDATE SET word = excluded.word, normalized_word = excluded.normalized_word, relevance = excluded.relevance;

UPDATE core_vocabulary SET word = 'kick', meaning_zh = '踢', definition_en = 'strike with the foot', primary_part_of_speech = 'verb', phonetic_us = '/kɪk/', phonetic_uk = '/kɪk/', updated_at = CURRENT_TIMESTAMP WHERE id = 'kick';
UPDATE vocabulary_pronunciations SET phonetic = CASE accent WHEN 'us' THEN '/kɪk/' WHEN 'uk' THEN '/kɪk/' ELSE phonetic END, phonetic_source = 'manual-curation-pending-review', updated_at = CURRENT_TIMESTAMP WHERE vocabulary_id = 'kick' AND accent IN ('us', 'uk');
INSERT INTO vocabulary_senses (id, vocabulary_id, word, normalized_word, part_of_speech, meaning_zh, definition_en, usage_note, sense_order, level, publish_status, updated_at) VALUES ('kick-sense-1', 'kick', 'kick', 'kick', 'verb', '踢', 'strike with the foot', 'Learner bootstrap sense; WordNet-assisted and pending human review.', 1, NULL, 'active', CURRENT_TIMESTAMP) ON CONFLICT(id) DO UPDATE SET word = excluded.word, normalized_word = excluded.normalized_word, part_of_speech = excluded.part_of_speech, meaning_zh = excluded.meaning_zh, definition_en = excluded.definition_en, usage_note = excluded.usage_note, sense_order = excluded.sense_order, publish_status = excluded.publish_status, updated_at = CURRENT_TIMESTAMP;
INSERT INTO vocabulary_examples (id, vocabulary_id, word, normalized_word, sense_id, sentence_en, sentence_zh, source_type, source_ref, difficulty, example_order, publish_status, updated_at) VALUES ('kick-example-1', 'kick', 'kick', 'kick', 'kick-sense-1', 'The boy kicked the dog', '', 'imported', 'wordnet-3.0', 'easy', 1, 'active', CURRENT_TIMESTAMP) ON CONFLICT(id) DO UPDATE SET word = excluded.word, normalized_word = excluded.normalized_word, sense_id = excluded.sense_id, sentence_en = excluded.sentence_en, sentence_zh = excluded.sentence_zh, source_type = excluded.source_type, source_ref = excluded.source_ref, difficulty = excluded.difficulty, example_order = excluded.example_order, publish_status = excluded.publish_status, updated_at = CURRENT_TIMESTAMP;
INSERT INTO vocabulary_scenario_links (vocabulary_id, word, normalized_word, scenario_id, relevance, created_at) VALUES ('kick', 'kick', 'kick', 'problem-solving', 70, CURRENT_TIMESTAMP) ON CONFLICT(vocabulary_id, scenario_id) DO UPDATE SET word = excluded.word, normalized_word = excluded.normalized_word, relevance = excluded.relevance;

UPDATE core_vocabulary SET word = 'closely', meaning_zh = '接近地', definition_en = 'in a close relation or position in time or space', primary_part_of_speech = 'adverb', phonetic_us = '/ˈkloʊsliː/', phonetic_uk = '/ˈkloʊsliː/', updated_at = CURRENT_TIMESTAMP WHERE id = 'closely';
UPDATE vocabulary_pronunciations SET phonetic = CASE accent WHEN 'us' THEN '/ˈkloʊsliː/' WHEN 'uk' THEN '/ˈkloʊsliː/' ELSE phonetic END, phonetic_source = 'manual-curation-pending-review', updated_at = CURRENT_TIMESTAMP WHERE vocabulary_id = 'closely' AND accent IN ('us', 'uk');
INSERT INTO vocabulary_senses (id, vocabulary_id, word, normalized_word, part_of_speech, meaning_zh, definition_en, usage_note, sense_order, level, publish_status, updated_at) VALUES ('closely-sense-1', 'closely', 'closely', 'closely', 'adverb', '接近地', 'in a close relation or position in time or space', 'Learner bootstrap sense; WordNet-assisted and pending human review.', 1, NULL, 'active', CURRENT_TIMESTAMP) ON CONFLICT(id) DO UPDATE SET word = excluded.word, normalized_word = excluded.normalized_word, part_of_speech = excluded.part_of_speech, meaning_zh = excluded.meaning_zh, definition_en = excluded.definition_en, usage_note = excluded.usage_note, sense_order = excluded.sense_order, publish_status = excluded.publish_status, updated_at = CURRENT_TIMESTAMP;
INSERT INTO vocabulary_examples (id, vocabulary_id, word, normalized_word, sense_id, sentence_en, sentence_zh, source_type, source_ref, difficulty, example_order, publish_status, updated_at) VALUES ('closely-example-1', 'closely', 'closely', 'closely', 'closely-sense-1', 'The onsets were closely timed', '', 'imported', 'wordnet-3.0', 'easy', 1, 'active', CURRENT_TIMESTAMP) ON CONFLICT(id) DO UPDATE SET word = excluded.word, normalized_word = excluded.normalized_word, sense_id = excluded.sense_id, sentence_en = excluded.sentence_en, sentence_zh = excluded.sentence_zh, source_type = excluded.source_type, source_ref = excluded.source_ref, difficulty = excluded.difficulty, example_order = excluded.example_order, publish_status = excluded.publish_status, updated_at = CURRENT_TIMESTAMP;
INSERT INTO vocabulary_scenario_links (vocabulary_id, word, normalized_word, scenario_id, relevance, created_at) VALUES ('closely', 'closely', 'closely', 'thinking', 70, CURRENT_TIMESTAMP) ON CONFLICT(vocabulary_id, scenario_id) DO UPDATE SET word = excluded.word, normalized_word = excluded.normalized_word, relevance = excluded.relevance;

UPDATE core_vocabulary SET word = 'multiple', meaning_zh = '多个的', definition_en = 'having or involving or consisting of more than one part or entity or individual', primary_part_of_speech = 'adjective', phonetic_us = '/ˈmʌltəpəl/', phonetic_uk = '/ˈmʌltəpəl/', updated_at = CURRENT_TIMESTAMP WHERE id = 'multiple';
UPDATE vocabulary_pronunciations SET phonetic = CASE accent WHEN 'us' THEN '/ˈmʌltəpəl/' WHEN 'uk' THEN '/ˈmʌltəpəl/' ELSE phonetic END, phonetic_source = 'manual-curation-pending-review', updated_at = CURRENT_TIMESTAMP WHERE vocabulary_id = 'multiple' AND accent IN ('us', 'uk');
INSERT INTO vocabulary_senses (id, vocabulary_id, word, normalized_word, part_of_speech, meaning_zh, definition_en, usage_note, sense_order, level, publish_status, updated_at) VALUES ('multiple-sense-1', 'multiple', 'multiple', 'multiple', 'adjective', '多个的', 'having or involving or consisting of more than one part or entity or individual', 'Learner bootstrap sense; WordNet-assisted and pending human review.', 1, NULL, 'active', CURRENT_TIMESTAMP) ON CONFLICT(id) DO UPDATE SET word = excluded.word, normalized_word = excluded.normalized_word, part_of_speech = excluded.part_of_speech, meaning_zh = excluded.meaning_zh, definition_en = excluded.definition_en, usage_note = excluded.usage_note, sense_order = excluded.sense_order, publish_status = excluded.publish_status, updated_at = CURRENT_TIMESTAMP;
INSERT INTO vocabulary_examples (id, vocabulary_id, word, normalized_word, sense_id, sentence_en, sentence_zh, source_type, source_ref, difficulty, example_order, publish_status, updated_at) VALUES ('multiple-example-1', 'multiple', 'multiple', 'multiple', 'multiple-sense-1', 'Made multiple copies of the speech', '', 'imported', 'wordnet-3.0', 'easy', 1, 'active', CURRENT_TIMESTAMP) ON CONFLICT(id) DO UPDATE SET word = excluded.word, normalized_word = excluded.normalized_word, sense_id = excluded.sense_id, sentence_en = excluded.sentence_en, sentence_zh = excluded.sentence_zh, source_type = excluded.source_type, source_ref = excluded.source_ref, difficulty = excluded.difficulty, example_order = excluded.example_order, publish_status = excluded.publish_status, updated_at = CURRENT_TIMESTAMP;
INSERT INTO vocabulary_scenario_links (vocabulary_id, word, normalized_word, scenario_id, relevance, created_at) VALUES ('multiple', 'multiple', 'multiple', 'emotion', 70, CURRENT_TIMESTAMP) ON CONFLICT(vocabulary_id, scenario_id) DO UPDATE SET word = excluded.word, normalized_word = excluded.normalized_word, relevance = excluded.relevance;

UPDATE core_vocabulary SET word = 'yield', meaning_zh = '让出', definition_en = 'give or supply', primary_part_of_speech = 'verb', phonetic_us = '/jiːld/', phonetic_uk = '/jiːld/', updated_at = CURRENT_TIMESTAMP WHERE id = 'yield';
UPDATE vocabulary_pronunciations SET phonetic = CASE accent WHEN 'us' THEN '/jiːld/' WHEN 'uk' THEN '/jiːld/' ELSE phonetic END, phonetic_source = 'manual-curation-pending-review', updated_at = CURRENT_TIMESTAMP WHERE vocabulary_id = 'yield' AND accent IN ('us', 'uk');
INSERT INTO vocabulary_senses (id, vocabulary_id, word, normalized_word, part_of_speech, meaning_zh, definition_en, usage_note, sense_order, level, publish_status, updated_at) VALUES ('yield-sense-1', 'yield', 'yield', 'yield', 'verb', '让出', 'give or supply', 'Learner bootstrap sense; WordNet-assisted and pending human review.', 1, NULL, 'active', CURRENT_TIMESTAMP) ON CONFLICT(id) DO UPDATE SET word = excluded.word, normalized_word = excluded.normalized_word, part_of_speech = excluded.part_of_speech, meaning_zh = excluded.meaning_zh, definition_en = excluded.definition_en, usage_note = excluded.usage_note, sense_order = excluded.sense_order, publish_status = excluded.publish_status, updated_at = CURRENT_TIMESTAMP;
INSERT INTO vocabulary_examples (id, vocabulary_id, word, normalized_word, sense_id, sentence_en, sentence_zh, source_type, source_ref, difficulty, example_order, publish_status, updated_at) VALUES ('yield-example-1', 'yield', 'yield', 'yield', 'yield-sense-1', 'This year''s crop yielded 1,000 bushels of corn', '', 'imported', 'wordnet-3.0', 'easy', 1, 'active', CURRENT_TIMESTAMP) ON CONFLICT(id) DO UPDATE SET word = excluded.word, normalized_word = excluded.normalized_word, sense_id = excluded.sense_id, sentence_en = excluded.sentence_en, sentence_zh = excluded.sentence_zh, source_type = excluded.source_type, source_ref = excluded.source_ref, difficulty = excluded.difficulty, example_order = excluded.example_order, publish_status = excluded.publish_status, updated_at = CURRENT_TIMESTAMP;
INSERT INTO vocabulary_scenario_links (vocabulary_id, word, normalized_word, scenario_id, relevance, created_at) VALUES ('yield', 'yield', 'yield', 'problem-solving', 70, CURRENT_TIMESTAMP) ON CONFLICT(vocabulary_id, scenario_id) DO UPDATE SET word = excluded.word, normalized_word = excluded.normalized_word, relevance = excluded.relevance;

UPDATE core_vocabulary SET word = 'via', meaning_zh = '经由，通过', definition_en = 'a function word used to connect or limit meaning in a sentence', primary_part_of_speech = 'preposition', phonetic_us = '/ˈvaɪə/', phonetic_uk = '/ˈvaɪə/', updated_at = CURRENT_TIMESTAMP WHERE id = 'via';
UPDATE vocabulary_pronunciations SET phonetic = CASE accent WHEN 'us' THEN '/ˈvaɪə/' WHEN 'uk' THEN '/ˈvaɪə/' ELSE phonetic END, phonetic_source = 'manual-curation-pending-review', updated_at = CURRENT_TIMESTAMP WHERE vocabulary_id = 'via' AND accent IN ('us', 'uk');
INSERT INTO vocabulary_senses (id, vocabulary_id, word, normalized_word, part_of_speech, meaning_zh, definition_en, usage_note, sense_order, level, publish_status, updated_at) VALUES ('via-sense-1', 'via', 'via', 'via', 'preposition', '经由，通过', 'a function word used to connect or limit meaning in a sentence', 'Learner bootstrap sense; WordNet-assisted and pending human review.', 1, NULL, 'active', CURRENT_TIMESTAMP) ON CONFLICT(id) DO UPDATE SET word = excluded.word, normalized_word = excluded.normalized_word, part_of_speech = excluded.part_of_speech, meaning_zh = excluded.meaning_zh, definition_en = excluded.definition_en, usage_note = excluded.usage_note, sense_order = excluded.sense_order, publish_status = excluded.publish_status, updated_at = CURRENT_TIMESTAMP;
INSERT INTO vocabulary_examples (id, vocabulary_id, word, normalized_word, sense_id, sentence_en, sentence_zh, source_type, source_ref, difficulty, example_order, publish_status, updated_at) VALUES ('via-example-1', 'via', 'via', 'via', 'via-sense-1', 'The word via shows a relationship in the sentence.', '', 'generated', 'top-3000-public-content-v1-wordnet-assisted', 'easy', 1, 'active', CURRENT_TIMESTAMP) ON CONFLICT(id) DO UPDATE SET word = excluded.word, normalized_word = excluded.normalized_word, sense_id = excluded.sense_id, sentence_en = excluded.sentence_en, sentence_zh = excluded.sentence_zh, source_type = excluded.source_type, source_ref = excluded.source_ref, difficulty = excluded.difficulty, example_order = excluded.example_order, publish_status = excluded.publish_status, updated_at = CURRENT_TIMESTAMP;
INSERT INTO vocabulary_scenario_links (vocabulary_id, word, normalized_word, scenario_id, relevance, created_at) VALUES ('via', 'via', 'via', 'communication', 70, CURRENT_TIMESTAMP) ON CONFLICT(vocabulary_id, scenario_id) DO UPDATE SET word = excluded.word, normalized_word = excluded.normalized_word, relevance = excluded.relevance;

UPDATE core_vocabulary SET word = 'legislation', meaning_zh = '立法', definition_en = 'the act of making or enacting laws', primary_part_of_speech = 'noun', phonetic_us = '/ˌlɛdʒəslˈeɪʃən/', phonetic_uk = '/ˌlɛdʒəslˈeɪʃən/', updated_at = CURRENT_TIMESTAMP WHERE id = 'legislation';
UPDATE vocabulary_pronunciations SET phonetic = CASE accent WHEN 'us' THEN '/ˌlɛdʒəslˈeɪʃən/' WHEN 'uk' THEN '/ˌlɛdʒəslˈeɪʃən/' ELSE phonetic END, phonetic_source = 'manual-curation-pending-review', updated_at = CURRENT_TIMESTAMP WHERE vocabulary_id = 'legislation' AND accent IN ('us', 'uk');
INSERT INTO vocabulary_senses (id, vocabulary_id, word, normalized_word, part_of_speech, meaning_zh, definition_en, usage_note, sense_order, level, publish_status, updated_at) VALUES ('legislation-sense-1', 'legislation', 'legislation', 'legislation', 'noun', '立法', 'the act of making or enacting laws', 'Learner bootstrap sense; WordNet-assisted and pending human review.', 1, NULL, 'active', CURRENT_TIMESTAMP) ON CONFLICT(id) DO UPDATE SET word = excluded.word, normalized_word = excluded.normalized_word, part_of_speech = excluded.part_of_speech, meaning_zh = excluded.meaning_zh, definition_en = excluded.definition_en, usage_note = excluded.usage_note, sense_order = excluded.sense_order, publish_status = excluded.publish_status, updated_at = CURRENT_TIMESTAMP;
INSERT INTO vocabulary_examples (id, vocabulary_id, word, normalized_word, sense_id, sentence_en, sentence_zh, source_type, source_ref, difficulty, example_order, publish_status, updated_at) VALUES ('legislation-example-1', 'legislation', 'legislation', 'legislation', 'legislation-sense-1', 'The legislation was important in the discussion.', '', 'generated', 'top-3000-public-content-v1-wordnet-assisted', 'easy', 1, 'active', CURRENT_TIMESTAMP) ON CONFLICT(id) DO UPDATE SET word = excluded.word, normalized_word = excluded.normalized_word, sense_id = excluded.sense_id, sentence_en = excluded.sentence_en, sentence_zh = excluded.sentence_zh, source_type = excluded.source_type, source_ref = excluded.source_ref, difficulty = excluded.difficulty, example_order = excluded.example_order, publish_status = excluded.publish_status, updated_at = CURRENT_TIMESTAMP;
INSERT INTO vocabulary_scenario_links (vocabulary_id, word, normalized_word, scenario_id, relevance, created_at) VALUES ('legislation', 'legislation', 'legislation', 'work', 70, CURRENT_TIMESTAMP) ON CONFLICT(vocabulary_id, scenario_id) DO UPDATE SET word = excluded.word, normalized_word = excluded.normalized_word, relevance = excluded.relevance;

UPDATE core_vocabulary SET word = 'county', meaning_zh = '县，郡', definition_en = '(United Kingdom) a region created by territorial division for the purpose of local government', primary_part_of_speech = 'noun', phonetic_us = '/ˈkaʊntiː/', phonetic_uk = '/ˈkaʊntiː/', updated_at = CURRENT_TIMESTAMP WHERE id = 'county';
UPDATE vocabulary_pronunciations SET phonetic = CASE accent WHEN 'us' THEN '/ˈkaʊntiː/' WHEN 'uk' THEN '/ˈkaʊntiː/' ELSE phonetic END, phonetic_source = 'manual-curation-pending-review', updated_at = CURRENT_TIMESTAMP WHERE vocabulary_id = 'county' AND accent IN ('us', 'uk');
INSERT INTO vocabulary_senses (id, vocabulary_id, word, normalized_word, part_of_speech, meaning_zh, definition_en, usage_note, sense_order, level, publish_status, updated_at) VALUES ('county-sense-1', 'county', 'county', 'county', 'noun', '县，郡', '(United Kingdom) a region created by territorial division for the purpose of local government', 'Learner bootstrap sense; WordNet-assisted and pending human review.', 1, NULL, 'active', CURRENT_TIMESTAMP) ON CONFLICT(id) DO UPDATE SET word = excluded.word, normalized_word = excluded.normalized_word, part_of_speech = excluded.part_of_speech, meaning_zh = excluded.meaning_zh, definition_en = excluded.definition_en, usage_note = excluded.usage_note, sense_order = excluded.sense_order, publish_status = excluded.publish_status, updated_at = CURRENT_TIMESTAMP;
INSERT INTO vocabulary_examples (id, vocabulary_id, word, normalized_word, sense_id, sentence_en, sentence_zh, source_type, source_ref, difficulty, example_order, publish_status, updated_at) VALUES ('county-example-1', 'county', 'county', 'county', 'county-sense-1', 'The county has a population of 12,345 people', '', 'imported', 'wordnet-3.0', 'easy', 1, 'active', CURRENT_TIMESTAMP) ON CONFLICT(id) DO UPDATE SET word = excluded.word, normalized_word = excluded.normalized_word, sense_id = excluded.sense_id, sentence_en = excluded.sentence_en, sentence_zh = excluded.sentence_zh, source_type = excluded.source_type, source_ref = excluded.source_ref, difficulty = excluded.difficulty, example_order = excluded.example_order, publish_status = excluded.publish_status, updated_at = CURRENT_TIMESTAMP;
INSERT INTO vocabulary_scenario_links (vocabulary_id, word, normalized_word, scenario_id, relevance, created_at) VALUES ('county', 'county', 'county', 'daily', 70, CURRENT_TIMESTAMP) ON CONFLICT(vocabulary_id, scenario_id) DO UPDATE SET word = excluded.word, normalized_word = excluded.normalized_word, relevance = excluded.relevance;

UPDATE core_vocabulary SET word = 'unlike', meaning_zh = '不同的', definition_en = 'marked by dissimilarity', primary_part_of_speech = 'adjective', phonetic_us = '/ənlˈaɪk/', phonetic_uk = '/ənlˈaɪk/', updated_at = CURRENT_TIMESTAMP WHERE id = 'unlike';
UPDATE vocabulary_pronunciations SET phonetic = CASE accent WHEN 'us' THEN '/ənlˈaɪk/' WHEN 'uk' THEN '/ənlˈaɪk/' ELSE phonetic END, phonetic_source = 'manual-curation-pending-review', updated_at = CURRENT_TIMESTAMP WHERE vocabulary_id = 'unlike' AND accent IN ('us', 'uk');
INSERT INTO vocabulary_senses (id, vocabulary_id, word, normalized_word, part_of_speech, meaning_zh, definition_en, usage_note, sense_order, level, publish_status, updated_at) VALUES ('unlike-sense-1', 'unlike', 'unlike', 'unlike', 'adjective', '不同的', 'marked by dissimilarity', 'Learner bootstrap sense; WordNet-assisted and pending human review.', 1, NULL, 'active', CURRENT_TIMESTAMP) ON CONFLICT(id) DO UPDATE SET word = excluded.word, normalized_word = excluded.normalized_word, part_of_speech = excluded.part_of_speech, meaning_zh = excluded.meaning_zh, definition_en = excluded.definition_en, usage_note = excluded.usage_note, sense_order = excluded.sense_order, publish_status = excluded.publish_status, updated_at = CURRENT_TIMESTAMP;
INSERT INTO vocabulary_examples (id, vocabulary_id, word, normalized_word, sense_id, sentence_en, sentence_zh, source_type, source_ref, difficulty, example_order, publish_status, updated_at) VALUES ('unlike-example-1', 'unlike', 'unlike', 'unlike', 'unlike-sense-1', 'For twins they are very unlike', '', 'imported', 'wordnet-3.0', 'easy', 1, 'active', CURRENT_TIMESTAMP) ON CONFLICT(id) DO UPDATE SET word = excluded.word, normalized_word = excluded.normalized_word, sense_id = excluded.sense_id, sentence_en = excluded.sentence_en, sentence_zh = excluded.sentence_zh, source_type = excluded.source_type, source_ref = excluded.source_ref, difficulty = excluded.difficulty, example_order = excluded.example_order, publish_status = excluded.publish_status, updated_at = CURRENT_TIMESTAMP;
INSERT INTO vocabulary_scenario_links (vocabulary_id, word, normalized_word, scenario_id, relevance, created_at) VALUES ('unlike', 'unlike', 'unlike', 'emotion', 70, CURRENT_TIMESTAMP) ON CONFLICT(vocabulary_id, scenario_id) DO UPDATE SET word = excluded.word, normalized_word = excluded.normalized_word, relevance = excluded.relevance;

UPDATE core_vocabulary SET word = 'mobile', meaning_zh = '可移动的', definition_en = 'moving or capable of moving readily (especially from place to place)', primary_part_of_speech = 'adjective', phonetic_us = '/ˈmoʊbəl/', phonetic_uk = '/ˈməʊbaɪl/', updated_at = CURRENT_TIMESTAMP WHERE id = 'mobile';
UPDATE vocabulary_pronunciations SET phonetic = CASE accent WHEN 'us' THEN '/ˈmoʊbəl/' WHEN 'uk' THEN '/ˈməʊbaɪl/' ELSE phonetic END, phonetic_source = 'manual-curation-pending-review', updated_at = CURRENT_TIMESTAMP WHERE vocabulary_id = 'mobile' AND accent IN ('us', 'uk');
INSERT INTO vocabulary_senses (id, vocabulary_id, word, normalized_word, part_of_speech, meaning_zh, definition_en, usage_note, sense_order, level, publish_status, updated_at) VALUES ('mobile-sense-1', 'mobile', 'mobile', 'mobile', 'adjective', '可移动的', 'moving or capable of moving readily (especially from place to place)', 'Learner bootstrap sense; WordNet-assisted and pending human review.', 1, NULL, 'active', CURRENT_TIMESTAMP) ON CONFLICT(id) DO UPDATE SET word = excluded.word, normalized_word = excluded.normalized_word, part_of_speech = excluded.part_of_speech, meaning_zh = excluded.meaning_zh, definition_en = excluded.definition_en, usage_note = excluded.usage_note, sense_order = excluded.sense_order, publish_status = excluded.publish_status, updated_at = CURRENT_TIMESTAMP;
INSERT INTO vocabulary_examples (id, vocabulary_id, word, normalized_word, sense_id, sentence_en, sentence_zh, source_type, source_ref, difficulty, example_order, publish_status, updated_at) VALUES ('mobile-example-1', 'mobile', 'mobile', 'mobile', 'mobile-sense-1', 'A mobile missile system', '', 'imported', 'wordnet-3.0', 'easy', 1, 'active', CURRENT_TIMESTAMP) ON CONFLICT(id) DO UPDATE SET word = excluded.word, normalized_word = excluded.normalized_word, sense_id = excluded.sense_id, sentence_en = excluded.sentence_en, sentence_zh = excluded.sentence_zh, source_type = excluded.source_type, source_ref = excluded.source_ref, difficulty = excluded.difficulty, example_order = excluded.example_order, publish_status = excluded.publish_status, updated_at = CURRENT_TIMESTAMP;
INSERT INTO vocabulary_scenario_links (vocabulary_id, word, normalized_word, scenario_id, relevance, created_at) VALUES ('mobile', 'mobile', 'mobile', 'emotion', 70, CURRENT_TIMESTAMP) ON CONFLICT(vocabulary_id, scenario_id) DO UPDATE SET word = excluded.word, normalized_word = excluded.normalized_word, relevance = excluded.relevance;

UPDATE core_vocabulary SET word = 'assistant', meaning_zh = '助手，助理', definition_en = 'a person who contributes to the fulfillment of a need or furtherance of an effort or purpose', primary_part_of_speech = 'noun', phonetic_us = '/əsˈɪstənt/', phonetic_uk = '/əsˈɪstənt/', updated_at = CURRENT_TIMESTAMP WHERE id = 'assistant';
UPDATE vocabulary_pronunciations SET phonetic = CASE accent WHEN 'us' THEN '/əsˈɪstənt/' WHEN 'uk' THEN '/əsˈɪstənt/' ELSE phonetic END, phonetic_source = 'manual-curation-pending-review', updated_at = CURRENT_TIMESTAMP WHERE vocabulary_id = 'assistant' AND accent IN ('us', 'uk');
INSERT INTO vocabulary_senses (id, vocabulary_id, word, normalized_word, part_of_speech, meaning_zh, definition_en, usage_note, sense_order, level, publish_status, updated_at) VALUES ('assistant-sense-1', 'assistant', 'assistant', 'assistant', 'noun', '助手，助理', 'a person who contributes to the fulfillment of a need or furtherance of an effort or purpose', 'Learner bootstrap sense; WordNet-assisted and pending human review.', 1, NULL, 'active', CURRENT_TIMESTAMP) ON CONFLICT(id) DO UPDATE SET word = excluded.word, normalized_word = excluded.normalized_word, part_of_speech = excluded.part_of_speech, meaning_zh = excluded.meaning_zh, definition_en = excluded.definition_en, usage_note = excluded.usage_note, sense_order = excluded.sense_order, publish_status = excluded.publish_status, updated_at = CURRENT_TIMESTAMP;
INSERT INTO vocabulary_examples (id, vocabulary_id, word, normalized_word, sense_id, sentence_en, sentence_zh, source_type, source_ref, difficulty, example_order, publish_status, updated_at) VALUES ('assistant-example-1', 'assistant', 'assistant', 'assistant', 'assistant-sense-1', 'The assistant was important in the discussion.', '', 'generated', 'top-3000-public-content-v1-wordnet-assisted', 'easy', 1, 'active', CURRENT_TIMESTAMP) ON CONFLICT(id) DO UPDATE SET word = excluded.word, normalized_word = excluded.normalized_word, sense_id = excluded.sense_id, sentence_en = excluded.sentence_en, sentence_zh = excluded.sentence_zh, source_type = excluded.source_type, source_ref = excluded.source_ref, difficulty = excluded.difficulty, example_order = excluded.example_order, publish_status = excluded.publish_status, updated_at = CURRENT_TIMESTAMP;
INSERT INTO vocabulary_scenario_links (vocabulary_id, word, normalized_word, scenario_id, relevance, created_at) VALUES ('assistant', 'assistant', 'assistant', 'thinking', 70, CURRENT_TIMESTAMP) ON CONFLICT(vocabulary_id, scenario_id) DO UPDATE SET word = excluded.word, normalized_word = excluded.normalized_word, relevance = excluded.relevance;

UPDATE core_vocabulary SET word = 'implement', meaning_zh = '实施，执行；（n）工具', definition_en = 'apply in a manner consistent with its purpose or design', primary_part_of_speech = 'verb', phonetic_us = '/ˈɪmpləmənt/', phonetic_uk = '/ˈɪmpləmənt/', updated_at = CURRENT_TIMESTAMP WHERE id = 'implement';
UPDATE vocabulary_pronunciations SET phonetic = CASE accent WHEN 'us' THEN '/ˈɪmpləmənt/' WHEN 'uk' THEN '/ˈɪmpləmənt/' ELSE phonetic END, phonetic_source = 'manual-curation-pending-review', updated_at = CURRENT_TIMESTAMP WHERE vocabulary_id = 'implement' AND accent IN ('us', 'uk');
INSERT INTO vocabulary_senses (id, vocabulary_id, word, normalized_word, part_of_speech, meaning_zh, definition_en, usage_note, sense_order, level, publish_status, updated_at) VALUES ('implement-sense-1', 'implement', 'implement', 'implement', 'verb', '实施，执行；（n）工具', 'apply in a manner consistent with its purpose or design', 'Learner bootstrap sense; WordNet-assisted and pending human review.', 1, NULL, 'active', CURRENT_TIMESTAMP) ON CONFLICT(id) DO UPDATE SET word = excluded.word, normalized_word = excluded.normalized_word, part_of_speech = excluded.part_of_speech, meaning_zh = excluded.meaning_zh, definition_en = excluded.definition_en, usage_note = excluded.usage_note, sense_order = excluded.sense_order, publish_status = excluded.publish_status, updated_at = CURRENT_TIMESTAMP;
INSERT INTO vocabulary_examples (id, vocabulary_id, word, normalized_word, sense_id, sentence_en, sentence_zh, source_type, source_ref, difficulty, example_order, publish_status, updated_at) VALUES ('implement-example-1', 'implement', 'implement', 'implement', 'implement-sense-1', 'They tried to implement carefully.', '', 'generated', 'top-3000-public-content-v1-wordnet-assisted', 'easy', 1, 'active', CURRENT_TIMESTAMP) ON CONFLICT(id) DO UPDATE SET word = excluded.word, normalized_word = excluded.normalized_word, sense_id = excluded.sense_id, sentence_en = excluded.sentence_en, sentence_zh = excluded.sentence_zh, source_type = excluded.source_type, source_ref = excluded.source_ref, difficulty = excluded.difficulty, example_order = excluded.example_order, publish_status = excluded.publish_status, updated_at = CURRENT_TIMESTAMP;
INSERT INTO vocabulary_scenario_links (vocabulary_id, word, normalized_word, scenario_id, relevance, created_at) VALUES ('implement', 'implement', 'implement', 'problem-solving', 70, CURRENT_TIMESTAMP) ON CONFLICT(vocabulary_id, scenario_id) DO UPDATE SET word = excluded.word, normalized_word = excluded.normalized_word, relevance = excluded.relevance;
