-- Top 3000 public vocabulary content v1, part 44.
-- Learner bootstrap content for words 1861-1880.
-- Definitions are WordNet-assisted where needed; examples are WordNet examples or generated learner sentences.
-- Phonetics are bootstrap IPA values and remain tracked for manual review.

UPDATE core_vocabulary SET word = 'negotiation', meaning_zh = '谈判', definition_en = 'a discussion intended to produce an agreement', primary_part_of_speech = 'noun', phonetic_us = '/nɪɡˌoʊʃiːˈeɪʃən/', phonetic_uk = '/nɪɡˌoʊʃiːˈeɪʃən/', updated_at = CURRENT_TIMESTAMP WHERE id = 'negotiation';
UPDATE vocabulary_pronunciations SET phonetic = CASE accent WHEN 'us' THEN '/nɪɡˌoʊʃiːˈeɪʃən/' WHEN 'uk' THEN '/nɪɡˌoʊʃiːˈeɪʃən/' ELSE phonetic END, phonetic_source = 'manual-curation-pending-review', updated_at = CURRENT_TIMESTAMP WHERE vocabulary_id = 'negotiation' AND accent IN ('us', 'uk');
INSERT INTO vocabulary_senses (id, vocabulary_id, word, normalized_word, part_of_speech, meaning_zh, definition_en, usage_note, sense_order, level, publish_status, updated_at) VALUES ('negotiation-sense-1', 'negotiation', 'negotiation', 'negotiation', 'noun', '谈判', 'a discussion intended to produce an agreement', 'Learner bootstrap sense; WordNet-assisted and pending human review.', 1, NULL, 'active', CURRENT_TIMESTAMP) ON CONFLICT(id) DO UPDATE SET word = excluded.word, normalized_word = excluded.normalized_word, part_of_speech = excluded.part_of_speech, meaning_zh = excluded.meaning_zh, definition_en = excluded.definition_en, usage_note = excluded.usage_note, sense_order = excluded.sense_order, publish_status = excluded.publish_status, updated_at = CURRENT_TIMESTAMP;
INSERT INTO vocabulary_examples (id, vocabulary_id, word, normalized_word, sense_id, sentence_en, sentence_zh, source_type, source_ref, difficulty, example_order, publish_status, updated_at) VALUES ('negotiation-example-1', 'negotiation', 'negotiation', 'negotiation', 'negotiation-sense-1', 'The buyout negotiation lasted several days', '', 'imported', 'wordnet-3.0', 'easy', 1, 'active', CURRENT_TIMESTAMP) ON CONFLICT(id) DO UPDATE SET word = excluded.word, normalized_word = excluded.normalized_word, sense_id = excluded.sense_id, sentence_en = excluded.sentence_en, sentence_zh = excluded.sentence_zh, source_type = excluded.source_type, source_ref = excluded.source_ref, difficulty = excluded.difficulty, example_order = excluded.example_order, publish_status = excluded.publish_status, updated_at = CURRENT_TIMESTAMP;
INSERT INTO vocabulary_scenario_links (vocabulary_id, word, normalized_word, scenario_id, relevance, created_at) VALUES ('negotiation', 'negotiation', 'negotiation', 'study', 70, CURRENT_TIMESTAMP) ON CONFLICT(vocabulary_id, scenario_id) DO UPDATE SET word = excluded.word, normalized_word = excluded.normalized_word, relevance = excluded.relevance;
INSERT INTO vocabulary_scenario_links (vocabulary_id, word, normalized_word, scenario_id, relevance, created_at) VALUES ('negotiation', 'negotiation', 'negotiation', 'communication', 70, CURRENT_TIMESTAMP) ON CONFLICT(vocabulary_id, scenario_id) DO UPDATE SET word = excluded.word, normalized_word = excluded.normalized_word, relevance = excluded.relevance;

UPDATE core_vocabulary SET word = 'mechanism', meaning_zh = '机械装置', definition_en = 'device consisting of a piece of machinery; has moving parts that perform some function', primary_part_of_speech = 'noun', phonetic_us = '/ˈmɛkənˌɪzəm/', phonetic_uk = '/ˈmɛkənˌɪzəm/', updated_at = CURRENT_TIMESTAMP WHERE id = 'mechanism';
UPDATE vocabulary_pronunciations SET phonetic = CASE accent WHEN 'us' THEN '/ˈmɛkənˌɪzəm/' WHEN 'uk' THEN '/ˈmɛkənˌɪzəm/' ELSE phonetic END, phonetic_source = 'manual-curation-pending-review', updated_at = CURRENT_TIMESTAMP WHERE vocabulary_id = 'mechanism' AND accent IN ('us', 'uk');
INSERT INTO vocabulary_senses (id, vocabulary_id, word, normalized_word, part_of_speech, meaning_zh, definition_en, usage_note, sense_order, level, publish_status, updated_at) VALUES ('mechanism-sense-1', 'mechanism', 'mechanism', 'mechanism', 'noun', '机械装置', 'device consisting of a piece of machinery; has moving parts that perform some function', 'Learner bootstrap sense; WordNet-assisted and pending human review.', 1, NULL, 'active', CURRENT_TIMESTAMP) ON CONFLICT(id) DO UPDATE SET word = excluded.word, normalized_word = excluded.normalized_word, part_of_speech = excluded.part_of_speech, meaning_zh = excluded.meaning_zh, definition_en = excluded.definition_en, usage_note = excluded.usage_note, sense_order = excluded.sense_order, publish_status = excluded.publish_status, updated_at = CURRENT_TIMESTAMP;
INSERT INTO vocabulary_examples (id, vocabulary_id, word, normalized_word, sense_id, sentence_en, sentence_zh, source_type, source_ref, difficulty, example_order, publish_status, updated_at) VALUES ('mechanism-example-1', 'mechanism', 'mechanism', 'mechanism', 'mechanism-sense-1', 'The mechanism was important in the discussion.', '', 'generated', 'top-3000-public-content-v1-wordnet-assisted', 'easy', 1, 'active', CURRENT_TIMESTAMP) ON CONFLICT(id) DO UPDATE SET word = excluded.word, normalized_word = excluded.normalized_word, sense_id = excluded.sense_id, sentence_en = excluded.sentence_en, sentence_zh = excluded.sentence_zh, source_type = excluded.source_type, source_ref = excluded.source_ref, difficulty = excluded.difficulty, example_order = excluded.example_order, publish_status = excluded.publish_status, updated_at = CURRENT_TIMESTAMP;
INSERT INTO vocabulary_scenario_links (vocabulary_id, word, normalized_word, scenario_id, relevance, created_at) VALUES ('mechanism', 'mechanism', 'mechanism', 'daily', 70, CURRENT_TIMESTAMP) ON CONFLICT(vocabulary_id, scenario_id) DO UPDATE SET word = excluded.word, normalized_word = excluded.normalized_word, relevance = excluded.relevance;

UPDATE core_vocabulary SET word = 'coat', meaning_zh = '外套', definition_en = 'an outer garment that has sleeves and covers the body from shoulder down; worn outdoors', primary_part_of_speech = 'noun', phonetic_us = '/koʊt/', phonetic_uk = '/koʊt/', updated_at = CURRENT_TIMESTAMP WHERE id = 'coat';
UPDATE vocabulary_pronunciations SET phonetic = CASE accent WHEN 'us' THEN '/koʊt/' WHEN 'uk' THEN '/koʊt/' ELSE phonetic END, phonetic_source = 'manual-curation-pending-review', updated_at = CURRENT_TIMESTAMP WHERE vocabulary_id = 'coat' AND accent IN ('us', 'uk');
INSERT INTO vocabulary_senses (id, vocabulary_id, word, normalized_word, part_of_speech, meaning_zh, definition_en, usage_note, sense_order, level, publish_status, updated_at) VALUES ('coat-sense-1', 'coat', 'coat', 'coat', 'noun', '外套', 'an outer garment that has sleeves and covers the body from shoulder down; worn outdoors', 'Learner bootstrap sense; WordNet-assisted and pending human review.', 1, NULL, 'active', CURRENT_TIMESTAMP) ON CONFLICT(id) DO UPDATE SET word = excluded.word, normalized_word = excluded.normalized_word, part_of_speech = excluded.part_of_speech, meaning_zh = excluded.meaning_zh, definition_en = excluded.definition_en, usage_note = excluded.usage_note, sense_order = excluded.sense_order, publish_status = excluded.publish_status, updated_at = CURRENT_TIMESTAMP;
INSERT INTO vocabulary_examples (id, vocabulary_id, word, normalized_word, sense_id, sentence_en, sentence_zh, source_type, source_ref, difficulty, example_order, publish_status, updated_at) VALUES ('coat-example-1', 'coat', 'coat', 'coat', 'coat-sense-1', 'The coat was important in the discussion.', '', 'generated', 'top-3000-public-content-v1-wordnet-assisted', 'easy', 1, 'active', CURRENT_TIMESTAMP) ON CONFLICT(id) DO UPDATE SET word = excluded.word, normalized_word = excluded.normalized_word, sense_id = excluded.sense_id, sentence_en = excluded.sentence_en, sentence_zh = excluded.sentence_zh, source_type = excluded.source_type, source_ref = excluded.source_ref, difficulty = excluded.difficulty, example_order = excluded.example_order, publish_status = excluded.publish_status, updated_at = CURRENT_TIMESTAMP;
INSERT INTO vocabulary_scenario_links (vocabulary_id, word, normalized_word, scenario_id, relevance, created_at) VALUES ('coat', 'coat', 'coat', 'daily', 70, CURRENT_TIMESTAMP) ON CONFLICT(vocabulary_id, scenario_id) DO UPDATE SET word = excluded.word, normalized_word = excluded.normalized_word, relevance = excluded.relevance;

UPDATE core_vocabulary SET word = 'democracy', meaning_zh = '民主主义', definition_en = 'a political system in which the supreme power lies in a body of citizens who can elect people to represent them', primary_part_of_speech = 'noun', phonetic_us = '/dɪmˈɑkrəsiː/', phonetic_uk = '/dɪmˈɑkrəsiː/', updated_at = CURRENT_TIMESTAMP WHERE id = 'democracy';
UPDATE vocabulary_pronunciations SET phonetic = CASE accent WHEN 'us' THEN '/dɪmˈɑkrəsiː/' WHEN 'uk' THEN '/dɪmˈɑkrəsiː/' ELSE phonetic END, phonetic_source = 'manual-curation-pending-review', updated_at = CURRENT_TIMESTAMP WHERE vocabulary_id = 'democracy' AND accent IN ('us', 'uk');
INSERT INTO vocabulary_senses (id, vocabulary_id, word, normalized_word, part_of_speech, meaning_zh, definition_en, usage_note, sense_order, level, publish_status, updated_at) VALUES ('democracy-sense-1', 'democracy', 'democracy', 'democracy', 'noun', '民主主义', 'a political system in which the supreme power lies in a body of citizens who can elect people to represent them', 'Learner bootstrap sense; WordNet-assisted and pending human review.', 1, NULL, 'active', CURRENT_TIMESTAMP) ON CONFLICT(id) DO UPDATE SET word = excluded.word, normalized_word = excluded.normalized_word, part_of_speech = excluded.part_of_speech, meaning_zh = excluded.meaning_zh, definition_en = excluded.definition_en, usage_note = excluded.usage_note, sense_order = excluded.sense_order, publish_status = excluded.publish_status, updated_at = CURRENT_TIMESTAMP;
INSERT INTO vocabulary_examples (id, vocabulary_id, word, normalized_word, sense_id, sentence_en, sentence_zh, source_type, source_ref, difficulty, example_order, publish_status, updated_at) VALUES ('democracy-example-1', 'democracy', 'democracy', 'democracy', 'democracy-sense-1', 'The democracy was important in the discussion.', '', 'generated', 'top-3000-public-content-v1-wordnet-assisted', 'easy', 1, 'active', CURRENT_TIMESTAMP) ON CONFLICT(id) DO UPDATE SET word = excluded.word, normalized_word = excluded.normalized_word, sense_id = excluded.sense_id, sentence_en = excluded.sentence_en, sentence_zh = excluded.sentence_zh, source_type = excluded.source_type, source_ref = excluded.source_ref, difficulty = excluded.difficulty, example_order = excluded.example_order, publish_status = excluded.publish_status, updated_at = CURRENT_TIMESTAMP;
INSERT INTO vocabulary_scenario_links (vocabulary_id, word, normalized_word, scenario_id, relevance, created_at) VALUES ('democracy', 'democracy', 'democracy', 'work', 70, CURRENT_TIMESTAMP) ON CONFLICT(vocabulary_id, scenario_id) DO UPDATE SET word = excluded.word, normalized_word = excluded.normalized_word, relevance = excluded.relevance;

UPDATE core_vocabulary SET word = 'pocket', meaning_zh = '口袋', definition_en = 'a small pouch inside a garment for carrying small articles', primary_part_of_speech = 'noun', phonetic_us = '/ˈpɑkət/', phonetic_uk = '/ˈpɑkət/', updated_at = CURRENT_TIMESTAMP WHERE id = 'pocket';
UPDATE vocabulary_pronunciations SET phonetic = CASE accent WHEN 'us' THEN '/ˈpɑkət/' WHEN 'uk' THEN '/ˈpɑkət/' ELSE phonetic END, phonetic_source = 'manual-curation-pending-review', updated_at = CURRENT_TIMESTAMP WHERE vocabulary_id = 'pocket' AND accent IN ('us', 'uk');
INSERT INTO vocabulary_senses (id, vocabulary_id, word, normalized_word, part_of_speech, meaning_zh, definition_en, usage_note, sense_order, level, publish_status, updated_at) VALUES ('pocket-sense-1', 'pocket', 'pocket', 'pocket', 'noun', '口袋', 'a small pouch inside a garment for carrying small articles', 'Learner bootstrap sense; WordNet-assisted and pending human review.', 1, NULL, 'active', CURRENT_TIMESTAMP) ON CONFLICT(id) DO UPDATE SET word = excluded.word, normalized_word = excluded.normalized_word, part_of_speech = excluded.part_of_speech, meaning_zh = excluded.meaning_zh, definition_en = excluded.definition_en, usage_note = excluded.usage_note, sense_order = excluded.sense_order, publish_status = excluded.publish_status, updated_at = CURRENT_TIMESTAMP;
INSERT INTO vocabulary_examples (id, vocabulary_id, word, normalized_word, sense_id, sentence_en, sentence_zh, source_type, source_ref, difficulty, example_order, publish_status, updated_at) VALUES ('pocket-example-1', 'pocket', 'pocket', 'pocket', 'pocket-sense-1', 'The pocket was important in the discussion.', '', 'generated', 'top-3000-public-content-v1-wordnet-assisted', 'easy', 1, 'active', CURRENT_TIMESTAMP) ON CONFLICT(id) DO UPDATE SET word = excluded.word, normalized_word = excluded.normalized_word, sense_id = excluded.sense_id, sentence_en = excluded.sentence_en, sentence_zh = excluded.sentence_zh, source_type = excluded.source_type, source_ref = excluded.source_ref, difficulty = excluded.difficulty, example_order = excluded.example_order, publish_status = excluded.publish_status, updated_at = CURRENT_TIMESTAMP;
INSERT INTO vocabulary_scenario_links (vocabulary_id, word, normalized_word, scenario_id, relevance, created_at) VALUES ('pocket', 'pocket', 'pocket', 'daily', 70, CURRENT_TIMESTAMP) ON CONFLICT(vocabulary_id, scenario_id) DO UPDATE SET word = excluded.word, normalized_word = excluded.normalized_word, relevance = excluded.relevance;

UPDATE core_vocabulary SET word = 'lucky', meaning_zh = '幸运的，吉祥的', definition_en = 'having or bringing good fortune', primary_part_of_speech = 'adjective', phonetic_us = '/ˈlʌkiː/', phonetic_uk = '/ˈlʌkiː/', updated_at = CURRENT_TIMESTAMP WHERE id = 'lucky';
UPDATE vocabulary_pronunciations SET phonetic = CASE accent WHEN 'us' THEN '/ˈlʌkiː/' WHEN 'uk' THEN '/ˈlʌkiː/' ELSE phonetic END, phonetic_source = 'manual-curation-pending-review', updated_at = CURRENT_TIMESTAMP WHERE vocabulary_id = 'lucky' AND accent IN ('us', 'uk');
INSERT INTO vocabulary_senses (id, vocabulary_id, word, normalized_word, part_of_speech, meaning_zh, definition_en, usage_note, sense_order, level, publish_status, updated_at) VALUES ('lucky-sense-1', 'lucky', 'lucky', 'lucky', 'adjective', '幸运的，吉祥的', 'having or bringing good fortune', 'Learner bootstrap sense; WordNet-assisted and pending human review.', 1, NULL, 'active', CURRENT_TIMESTAMP) ON CONFLICT(id) DO UPDATE SET word = excluded.word, normalized_word = excluded.normalized_word, part_of_speech = excluded.part_of_speech, meaning_zh = excluded.meaning_zh, definition_en = excluded.definition_en, usage_note = excluded.usage_note, sense_order = excluded.sense_order, publish_status = excluded.publish_status, updated_at = CURRENT_TIMESTAMP;
INSERT INTO vocabulary_examples (id, vocabulary_id, word, normalized_word, sense_id, sentence_en, sentence_zh, source_type, source_ref, difficulty, example_order, publish_status, updated_at) VALUES ('lucky-example-1', 'lucky', 'lucky', 'lucky', 'lucky-sense-1', 'This is a lucky example.', '', 'generated', 'top-3000-public-content-v1-wordnet-assisted', 'easy', 1, 'active', CURRENT_TIMESTAMP) ON CONFLICT(id) DO UPDATE SET word = excluded.word, normalized_word = excluded.normalized_word, sense_id = excluded.sense_id, sentence_en = excluded.sentence_en, sentence_zh = excluded.sentence_zh, source_type = excluded.source_type, source_ref = excluded.source_ref, difficulty = excluded.difficulty, example_order = excluded.example_order, publish_status = excluded.publish_status, updated_at = CURRENT_TIMESTAMP;
INSERT INTO vocabulary_scenario_links (vocabulary_id, word, normalized_word, scenario_id, relevance, created_at) VALUES ('lucky', 'lucky', 'lucky', 'emotion', 70, CURRENT_TIMESTAMP) ON CONFLICT(vocabulary_id, scenario_id) DO UPDATE SET word = excluded.word, normalized_word = excluded.normalized_word, relevance = excluded.relevance;

UPDATE core_vocabulary SET word = 'crash', meaning_zh = '撞毁', definition_en = 'move with, or as if with, a crashing noise', primary_part_of_speech = 'verb', phonetic_us = '/kræʃ/', phonetic_uk = '/kræʃ/', updated_at = CURRENT_TIMESTAMP WHERE id = 'crash';
UPDATE vocabulary_pronunciations SET phonetic = CASE accent WHEN 'us' THEN '/kræʃ/' WHEN 'uk' THEN '/kræʃ/' ELSE phonetic END, phonetic_source = 'manual-curation-pending-review', updated_at = CURRENT_TIMESTAMP WHERE vocabulary_id = 'crash' AND accent IN ('us', 'uk');
INSERT INTO vocabulary_senses (id, vocabulary_id, word, normalized_word, part_of_speech, meaning_zh, definition_en, usage_note, sense_order, level, publish_status, updated_at) VALUES ('crash-sense-1', 'crash', 'crash', 'crash', 'verb', '撞毁', 'move with, or as if with, a crashing noise', 'Learner bootstrap sense; WordNet-assisted and pending human review.', 1, NULL, 'active', CURRENT_TIMESTAMP) ON CONFLICT(id) DO UPDATE SET word = excluded.word, normalized_word = excluded.normalized_word, part_of_speech = excluded.part_of_speech, meaning_zh = excluded.meaning_zh, definition_en = excluded.definition_en, usage_note = excluded.usage_note, sense_order = excluded.sense_order, publish_status = excluded.publish_status, updated_at = CURRENT_TIMESTAMP;
INSERT INTO vocabulary_examples (id, vocabulary_id, word, normalized_word, sense_id, sentence_en, sentence_zh, source_type, source_ref, difficulty, example_order, publish_status, updated_at) VALUES ('crash-example-1', 'crash', 'crash', 'crash', 'crash-sense-1', 'The car crashed through the glass door', '', 'imported', 'wordnet-3.0', 'easy', 1, 'active', CURRENT_TIMESTAMP) ON CONFLICT(id) DO UPDATE SET word = excluded.word, normalized_word = excluded.normalized_word, sense_id = excluded.sense_id, sentence_en = excluded.sentence_en, sentence_zh = excluded.sentence_zh, source_type = excluded.source_type, source_ref = excluded.source_ref, difficulty = excluded.difficulty, example_order = excluded.example_order, publish_status = excluded.publish_status, updated_at = CURRENT_TIMESTAMP;
INSERT INTO vocabulary_scenario_links (vocabulary_id, word, normalized_word, scenario_id, relevance, created_at) VALUES ('crash', 'crash', 'crash', 'problem-solving', 70, CURRENT_TIMESTAMP) ON CONFLICT(vocabulary_id, scenario_id) DO UPDATE SET word = excluded.word, normalized_word = excluded.normalized_word, relevance = excluded.relevance;

UPDATE core_vocabulary SET word = 'observation', meaning_zh = '观察', definition_en = 'facts learned by observing', primary_part_of_speech = 'noun', phonetic_us = '/ˌɑbzɚvˈeɪʃən/', phonetic_uk = '/ˌɑbzəvˈeɪʃən/', updated_at = CURRENT_TIMESTAMP WHERE id = 'observation';
UPDATE vocabulary_pronunciations SET phonetic = CASE accent WHEN 'us' THEN '/ˌɑbzɚvˈeɪʃən/' WHEN 'uk' THEN '/ˌɑbzəvˈeɪʃən/' ELSE phonetic END, phonetic_source = 'manual-curation-pending-review', updated_at = CURRENT_TIMESTAMP WHERE vocabulary_id = 'observation' AND accent IN ('us', 'uk');
INSERT INTO vocabulary_senses (id, vocabulary_id, word, normalized_word, part_of_speech, meaning_zh, definition_en, usage_note, sense_order, level, publish_status, updated_at) VALUES ('observation-sense-1', 'observation', 'observation', 'observation', 'noun', '观察', 'facts learned by observing', 'Learner bootstrap sense; WordNet-assisted and pending human review.', 1, NULL, 'active', CURRENT_TIMESTAMP) ON CONFLICT(id) DO UPDATE SET word = excluded.word, normalized_word = excluded.normalized_word, part_of_speech = excluded.part_of_speech, meaning_zh = excluded.meaning_zh, definition_en = excluded.definition_en, usage_note = excluded.usage_note, sense_order = excluded.sense_order, publish_status = excluded.publish_status, updated_at = CURRENT_TIMESTAMP;
INSERT INTO vocabulary_examples (id, vocabulary_id, word, normalized_word, sense_id, sentence_en, sentence_zh, source_type, source_ref, difficulty, example_order, publish_status, updated_at) VALUES ('observation-example-1', 'observation', 'observation', 'observation', 'observation-sense-1', 'He reported his observations to the mayor', '', 'imported', 'wordnet-3.0', 'easy', 1, 'active', CURRENT_TIMESTAMP) ON CONFLICT(id) DO UPDATE SET word = excluded.word, normalized_word = excluded.normalized_word, sense_id = excluded.sense_id, sentence_en = excluded.sentence_en, sentence_zh = excluded.sentence_zh, source_type = excluded.source_type, source_ref = excluded.source_ref, difficulty = excluded.difficulty, example_order = excluded.example_order, publish_status = excluded.publish_status, updated_at = CURRENT_TIMESTAMP;
INSERT INTO vocabulary_scenario_links (vocabulary_id, word, normalized_word, scenario_id, relevance, created_at) VALUES ('observation', 'observation', 'observation', 'study', 70, CURRENT_TIMESTAMP) ON CONFLICT(vocabulary_id, scenario_id) DO UPDATE SET word = excluded.word, normalized_word = excluded.normalized_word, relevance = excluded.relevance;

UPDATE core_vocabulary SET word = 'meat', meaning_zh = '肉', definition_en = 'the flesh of animals (including fishes and birds and snails) used as food', primary_part_of_speech = 'noun', phonetic_us = '/miːt/', phonetic_uk = '/miːt/', updated_at = CURRENT_TIMESTAMP WHERE id = 'meat';
UPDATE vocabulary_pronunciations SET phonetic = CASE accent WHEN 'us' THEN '/miːt/' WHEN 'uk' THEN '/miːt/' ELSE phonetic END, phonetic_source = 'manual-curation-pending-review', updated_at = CURRENT_TIMESTAMP WHERE vocabulary_id = 'meat' AND accent IN ('us', 'uk');
INSERT INTO vocabulary_senses (id, vocabulary_id, word, normalized_word, part_of_speech, meaning_zh, definition_en, usage_note, sense_order, level, publish_status, updated_at) VALUES ('meat-sense-1', 'meat', 'meat', 'meat', 'noun', '肉', 'the flesh of animals (including fishes and birds and snails) used as food', 'Learner bootstrap sense; WordNet-assisted and pending human review.', 1, NULL, 'active', CURRENT_TIMESTAMP) ON CONFLICT(id) DO UPDATE SET word = excluded.word, normalized_word = excluded.normalized_word, part_of_speech = excluded.part_of_speech, meaning_zh = excluded.meaning_zh, definition_en = excluded.definition_en, usage_note = excluded.usage_note, sense_order = excluded.sense_order, publish_status = excluded.publish_status, updated_at = CURRENT_TIMESTAMP;
INSERT INTO vocabulary_examples (id, vocabulary_id, word, normalized_word, sense_id, sentence_en, sentence_zh, source_type, source_ref, difficulty, example_order, publish_status, updated_at) VALUES ('meat-example-1', 'meat', 'meat', 'meat', 'meat-sense-1', 'The meat was important in the discussion.', '', 'generated', 'top-3000-public-content-v1-wordnet-assisted', 'easy', 1, 'active', CURRENT_TIMESTAMP) ON CONFLICT(id) DO UPDATE SET word = excluded.word, normalized_word = excluded.normalized_word, sense_id = excluded.sense_id, sentence_en = excluded.sentence_en, sentence_zh = excluded.sentence_zh, source_type = excluded.source_type, source_ref = excluded.source_ref, difficulty = excluded.difficulty, example_order = excluded.example_order, publish_status = excluded.publish_status, updated_at = CURRENT_TIMESTAMP;
INSERT INTO vocabulary_scenario_links (vocabulary_id, word, normalized_word, scenario_id, relevance, created_at) VALUES ('meat', 'meat', 'meat', 'daily', 70, CURRENT_TIMESTAMP) ON CONFLICT(vocabulary_id, scenario_id) DO UPDATE SET word = excluded.word, normalized_word = excluded.normalized_word, relevance = excluded.relevance;

UPDATE core_vocabulary SET word = 'concentration', meaning_zh = '专注', definition_en = 'complete attention; intense mental effort', primary_part_of_speech = 'noun', phonetic_us = '/ˌkɑnsəntrˈeɪʃən/', phonetic_uk = '/ˌkɑnsəntrˈeɪʃən/', updated_at = CURRENT_TIMESTAMP WHERE id = 'concentration';
UPDATE vocabulary_pronunciations SET phonetic = CASE accent WHEN 'us' THEN '/ˌkɑnsəntrˈeɪʃən/' WHEN 'uk' THEN '/ˌkɑnsəntrˈeɪʃən/' ELSE phonetic END, phonetic_source = 'manual-curation-pending-review', updated_at = CURRENT_TIMESTAMP WHERE vocabulary_id = 'concentration' AND accent IN ('us', 'uk');
INSERT INTO vocabulary_senses (id, vocabulary_id, word, normalized_word, part_of_speech, meaning_zh, definition_en, usage_note, sense_order, level, publish_status, updated_at) VALUES ('concentration-sense-1', 'concentration', 'concentration', 'concentration', 'noun', '专注', 'complete attention; intense mental effort', 'Learner bootstrap sense; WordNet-assisted and pending human review.', 1, NULL, 'active', CURRENT_TIMESTAMP) ON CONFLICT(id) DO UPDATE SET word = excluded.word, normalized_word = excluded.normalized_word, part_of_speech = excluded.part_of_speech, meaning_zh = excluded.meaning_zh, definition_en = excluded.definition_en, usage_note = excluded.usage_note, sense_order = excluded.sense_order, publish_status = excluded.publish_status, updated_at = CURRENT_TIMESTAMP;
INSERT INTO vocabulary_examples (id, vocabulary_id, word, normalized_word, sense_id, sentence_en, sentence_zh, source_type, source_ref, difficulty, example_order, publish_status, updated_at) VALUES ('concentration-example-1', 'concentration', 'concentration', 'concentration', 'concentration-sense-1', 'The concentration was important in the discussion.', '', 'generated', 'top-3000-public-content-v1-wordnet-assisted', 'easy', 1, 'active', CURRENT_TIMESTAMP) ON CONFLICT(id) DO UPDATE SET word = excluded.word, normalized_word = excluded.normalized_word, sense_id = excluded.sense_id, sentence_en = excluded.sentence_en, sentence_zh = excluded.sentence_zh, source_type = excluded.source_type, source_ref = excluded.source_ref, difficulty = excluded.difficulty, example_order = excluded.example_order, publish_status = excluded.publish_status, updated_at = CURRENT_TIMESTAMP;
INSERT INTO vocabulary_scenario_links (vocabulary_id, word, normalized_word, scenario_id, relevance, created_at) VALUES ('concentration', 'concentration', 'concentration', 'study', 70, CURRENT_TIMESTAMP) ON CONFLICT(vocabulary_id, scenario_id) DO UPDATE SET word = excluded.word, normalized_word = excluded.normalized_word, relevance = excluded.relevance;

UPDATE core_vocabulary SET word = 'implication', meaning_zh = '含义；暗指', definition_en = 'something that is inferred (deduced or entailed or implied)', primary_part_of_speech = 'noun', phonetic_us = '/ˌɪmpləkˈeɪʃən/', phonetic_uk = '/ˌɪmpləkˈeɪʃən/', updated_at = CURRENT_TIMESTAMP WHERE id = 'implication';
UPDATE vocabulary_pronunciations SET phonetic = CASE accent WHEN 'us' THEN '/ˌɪmpləkˈeɪʃən/' WHEN 'uk' THEN '/ˌɪmpləkˈeɪʃən/' ELSE phonetic END, phonetic_source = 'manual-curation-pending-review', updated_at = CURRENT_TIMESTAMP WHERE vocabulary_id = 'implication' AND accent IN ('us', 'uk');
INSERT INTO vocabulary_senses (id, vocabulary_id, word, normalized_word, part_of_speech, meaning_zh, definition_en, usage_note, sense_order, level, publish_status, updated_at) VALUES ('implication-sense-1', 'implication', 'implication', 'implication', 'noun', '含义；暗指', 'something that is inferred (deduced or entailed or implied)', 'Learner bootstrap sense; WordNet-assisted and pending human review.', 1, NULL, 'active', CURRENT_TIMESTAMP) ON CONFLICT(id) DO UPDATE SET word = excluded.word, normalized_word = excluded.normalized_word, part_of_speech = excluded.part_of_speech, meaning_zh = excluded.meaning_zh, definition_en = excluded.definition_en, usage_note = excluded.usage_note, sense_order = excluded.sense_order, publish_status = excluded.publish_status, updated_at = CURRENT_TIMESTAMP;
INSERT INTO vocabulary_examples (id, vocabulary_id, word, normalized_word, sense_id, sentence_en, sentence_zh, source_type, source_ref, difficulty, example_order, publish_status, updated_at) VALUES ('implication-example-1', 'implication', 'implication', 'implication', 'implication-sense-1', 'His resignation had political implications', '', 'imported', 'wordnet-3.0', 'easy', 1, 'active', CURRENT_TIMESTAMP) ON CONFLICT(id) DO UPDATE SET word = excluded.word, normalized_word = excluded.normalized_word, sense_id = excluded.sense_id, sentence_en = excluded.sentence_en, sentence_zh = excluded.sentence_zh, source_type = excluded.source_type, source_ref = excluded.source_ref, difficulty = excluded.difficulty, example_order = excluded.example_order, publish_status = excluded.publish_status, updated_at = CURRENT_TIMESTAMP;
INSERT INTO vocabulary_scenario_links (vocabulary_id, word, normalized_word, scenario_id, relevance, created_at) VALUES ('implication', 'implication', 'implication', 'study', 70, CURRENT_TIMESTAMP) ON CONFLICT(vocabulary_id, scenario_id) DO UPDATE SET word = excluded.word, normalized_word = excluded.normalized_word, relevance = excluded.relevance;

UPDATE core_vocabulary SET word = 'deserve', meaning_zh = '应得，值得', definition_en = 'be worthy or deserving', primary_part_of_speech = 'verb', phonetic_us = '/dɪzˈɝv/', phonetic_uk = '/dɪzˈɜːv/', updated_at = CURRENT_TIMESTAMP WHERE id = 'deserve';
UPDATE vocabulary_pronunciations SET phonetic = CASE accent WHEN 'us' THEN '/dɪzˈɝv/' WHEN 'uk' THEN '/dɪzˈɜːv/' ELSE phonetic END, phonetic_source = 'manual-curation-pending-review', updated_at = CURRENT_TIMESTAMP WHERE vocabulary_id = 'deserve' AND accent IN ('us', 'uk');
INSERT INTO vocabulary_senses (id, vocabulary_id, word, normalized_word, part_of_speech, meaning_zh, definition_en, usage_note, sense_order, level, publish_status, updated_at) VALUES ('deserve-sense-1', 'deserve', 'deserve', 'deserve', 'verb', '应得，值得', 'be worthy or deserving', 'Learner bootstrap sense; WordNet-assisted and pending human review.', 1, NULL, 'active', CURRENT_TIMESTAMP) ON CONFLICT(id) DO UPDATE SET word = excluded.word, normalized_word = excluded.normalized_word, part_of_speech = excluded.part_of_speech, meaning_zh = excluded.meaning_zh, definition_en = excluded.definition_en, usage_note = excluded.usage_note, sense_order = excluded.sense_order, publish_status = excluded.publish_status, updated_at = CURRENT_TIMESTAMP;
INSERT INTO vocabulary_examples (id, vocabulary_id, word, normalized_word, sense_id, sentence_en, sentence_zh, source_type, source_ref, difficulty, example_order, publish_status, updated_at) VALUES ('deserve-example-1', 'deserve', 'deserve', 'deserve', 'deserve-sense-1', 'You deserve a promotion after all the hard work you have done', '', 'imported', 'wordnet-3.0', 'easy', 1, 'active', CURRENT_TIMESTAMP) ON CONFLICT(id) DO UPDATE SET word = excluded.word, normalized_word = excluded.normalized_word, sense_id = excluded.sense_id, sentence_en = excluded.sentence_en, sentence_zh = excluded.sentence_zh, source_type = excluded.source_type, source_ref = excluded.source_ref, difficulty = excluded.difficulty, example_order = excluded.example_order, publish_status = excluded.publish_status, updated_at = CURRENT_TIMESTAMP;
INSERT INTO vocabulary_scenario_links (vocabulary_id, word, normalized_word, scenario_id, relevance, created_at) VALUES ('deserve', 'deserve', 'deserve', 'problem-solving', 70, CURRENT_TIMESTAMP) ON CONFLICT(vocabulary_id, scenario_id) DO UPDATE SET word = excluded.word, normalized_word = excluded.normalized_word, relevance = excluded.relevance;

UPDATE core_vocabulary SET word = 'unusual', meaning_zh = '异常的', definition_en = 'being definitely out of the ordinary and unexpected; slightly odd or even a bit weird', primary_part_of_speech = 'adjective', phonetic_us = '/ənjˈuːʒˌuːəl/', phonetic_uk = '/ənjˈuːʒˌuːəl/', updated_at = CURRENT_TIMESTAMP WHERE id = 'unusual';
UPDATE vocabulary_pronunciations SET phonetic = CASE accent WHEN 'us' THEN '/ənjˈuːʒˌuːəl/' WHEN 'uk' THEN '/ənjˈuːʒˌuːəl/' ELSE phonetic END, phonetic_source = 'manual-curation-pending-review', updated_at = CURRENT_TIMESTAMP WHERE vocabulary_id = 'unusual' AND accent IN ('us', 'uk');
INSERT INTO vocabulary_senses (id, vocabulary_id, word, normalized_word, part_of_speech, meaning_zh, definition_en, usage_note, sense_order, level, publish_status, updated_at) VALUES ('unusual-sense-1', 'unusual', 'unusual', 'unusual', 'adjective', '异常的', 'being definitely out of the ordinary and unexpected; slightly odd or even a bit weird', 'Learner bootstrap sense; WordNet-assisted and pending human review.', 1, NULL, 'active', CURRENT_TIMESTAMP) ON CONFLICT(id) DO UPDATE SET word = excluded.word, normalized_word = excluded.normalized_word, part_of_speech = excluded.part_of_speech, meaning_zh = excluded.meaning_zh, definition_en = excluded.definition_en, usage_note = excluded.usage_note, sense_order = excluded.sense_order, publish_status = excluded.publish_status, updated_at = CURRENT_TIMESTAMP;
INSERT INTO vocabulary_examples (id, vocabulary_id, word, normalized_word, sense_id, sentence_en, sentence_zh, source_type, source_ref, difficulty, example_order, publish_status, updated_at) VALUES ('unusual-example-1', 'unusual', 'unusual', 'unusual', 'unusual-sense-1', 'This is an unusual example.', '', 'generated', 'top-3000-public-content-v1-wordnet-assisted', 'easy', 1, 'active', CURRENT_TIMESTAMP) ON CONFLICT(id) DO UPDATE SET word = excluded.word, normalized_word = excluded.normalized_word, sense_id = excluded.sense_id, sentence_en = excluded.sentence_en, sentence_zh = excluded.sentence_zh, source_type = excluded.source_type, source_ref = excluded.source_ref, difficulty = excluded.difficulty, example_order = excluded.example_order, publish_status = excluded.publish_status, updated_at = CURRENT_TIMESTAMP;
INSERT INTO vocabulary_scenario_links (vocabulary_id, word, normalized_word, scenario_id, relevance, created_at) VALUES ('unusual', 'unusual', 'unusual', 'emotion', 70, CURRENT_TIMESTAMP) ON CONFLICT(vocabulary_id, scenario_id) DO UPDATE SET word = excluded.word, normalized_word = excluded.normalized_word, relevance = excluded.relevance;

UPDATE core_vocabulary SET word = 'defend', meaning_zh = '防御，保卫', definition_en = 'protect against a challenge or attack', primary_part_of_speech = 'verb', phonetic_us = '/dɪfˈɛnd/', phonetic_uk = '/dɪfˈɛnd/', updated_at = CURRENT_TIMESTAMP WHERE id = 'defend';
UPDATE vocabulary_pronunciations SET phonetic = CASE accent WHEN 'us' THEN '/dɪfˈɛnd/' WHEN 'uk' THEN '/dɪfˈɛnd/' ELSE phonetic END, phonetic_source = 'manual-curation-pending-review', updated_at = CURRENT_TIMESTAMP WHERE vocabulary_id = 'defend' AND accent IN ('us', 'uk');
INSERT INTO vocabulary_senses (id, vocabulary_id, word, normalized_word, part_of_speech, meaning_zh, definition_en, usage_note, sense_order, level, publish_status, updated_at) VALUES ('defend-sense-1', 'defend', 'defend', 'defend', 'verb', '防御，保卫', 'protect against a challenge or attack', 'Learner bootstrap sense; WordNet-assisted and pending human review.', 1, NULL, 'active', CURRENT_TIMESTAMP) ON CONFLICT(id) DO UPDATE SET word = excluded.word, normalized_word = excluded.normalized_word, part_of_speech = excluded.part_of_speech, meaning_zh = excluded.meaning_zh, definition_en = excluded.definition_en, usage_note = excluded.usage_note, sense_order = excluded.sense_order, publish_status = excluded.publish_status, updated_at = CURRENT_TIMESTAMP;
INSERT INTO vocabulary_examples (id, vocabulary_id, word, normalized_word, sense_id, sentence_en, sentence_zh, source_type, source_ref, difficulty, example_order, publish_status, updated_at) VALUES ('defend-example-1', 'defend', 'defend', 'defend', 'defend-sense-1', 'They tried to defend carefully.', '', 'generated', 'top-3000-public-content-v1-wordnet-assisted', 'easy', 1, 'active', CURRENT_TIMESTAMP) ON CONFLICT(id) DO UPDATE SET word = excluded.word, normalized_word = excluded.normalized_word, sense_id = excluded.sense_id, sentence_en = excluded.sentence_en, sentence_zh = excluded.sentence_zh, source_type = excluded.source_type, source_ref = excluded.source_ref, difficulty = excluded.difficulty, example_order = excluded.example_order, publish_status = excluded.publish_status, updated_at = CURRENT_TIMESTAMP;
INSERT INTO vocabulary_scenario_links (vocabulary_id, word, normalized_word, scenario_id, relevance, created_at) VALUES ('defend', 'defend', 'defend', 'problem-solving', 70, CURRENT_TIMESTAMP) ON CONFLICT(vocabulary_id, scenario_id) DO UPDATE SET word = excluded.word, normalized_word = excluded.normalized_word, relevance = excluded.relevance;

UPDATE core_vocabulary SET word = 'classic', meaning_zh = '经典', definition_en = 'a creation of the highest excellence', primary_part_of_speech = 'noun', phonetic_us = '/ˈklæsɪk/', phonetic_uk = '/ˈklæsɪk/', updated_at = CURRENT_TIMESTAMP WHERE id = 'classic';
UPDATE vocabulary_pronunciations SET phonetic = CASE accent WHEN 'us' THEN '/ˈklæsɪk/' WHEN 'uk' THEN '/ˈklæsɪk/' ELSE phonetic END, phonetic_source = 'manual-curation-pending-review', updated_at = CURRENT_TIMESTAMP WHERE vocabulary_id = 'classic' AND accent IN ('us', 'uk');
INSERT INTO vocabulary_senses (id, vocabulary_id, word, normalized_word, part_of_speech, meaning_zh, definition_en, usage_note, sense_order, level, publish_status, updated_at) VALUES ('classic-sense-1', 'classic', 'classic', 'classic', 'noun', '经典', 'a creation of the highest excellence', 'Learner bootstrap sense; WordNet-assisted and pending human review.', 1, NULL, 'active', CURRENT_TIMESTAMP) ON CONFLICT(id) DO UPDATE SET word = excluded.word, normalized_word = excluded.normalized_word, part_of_speech = excluded.part_of_speech, meaning_zh = excluded.meaning_zh, definition_en = excluded.definition_en, usage_note = excluded.usage_note, sense_order = excluded.sense_order, publish_status = excluded.publish_status, updated_at = CURRENT_TIMESTAMP;
INSERT INTO vocabulary_examples (id, vocabulary_id, word, normalized_word, sense_id, sentence_en, sentence_zh, source_type, source_ref, difficulty, example_order, publish_status, updated_at) VALUES ('classic-example-1', 'classic', 'classic', 'classic', 'classic-sense-1', 'The classic was important in the discussion.', '', 'generated', 'top-3000-public-content-v1-wordnet-assisted', 'easy', 1, 'active', CURRENT_TIMESTAMP) ON CONFLICT(id) DO UPDATE SET word = excluded.word, normalized_word = excluded.normalized_word, sense_id = excluded.sense_id, sentence_en = excluded.sentence_en, sentence_zh = excluded.sentence_zh, source_type = excluded.source_type, source_ref = excluded.source_ref, difficulty = excluded.difficulty, example_order = excluded.example_order, publish_status = excluded.publish_status, updated_at = CURRENT_TIMESTAMP;
INSERT INTO vocabulary_scenario_links (vocabulary_id, word, normalized_word, scenario_id, relevance, created_at) VALUES ('classic', 'classic', 'classic', 'daily', 70, CURRENT_TIMESTAMP) ON CONFLICT(vocabulary_id, scenario_id) DO UPDATE SET word = excluded.word, normalized_word = excluded.normalized_word, relevance = excluded.relevance;

UPDATE core_vocabulary SET word = 'king', meaning_zh = '君主，国王', definition_en = 'preeminence in a particular category or group or field', primary_part_of_speech = 'noun', phonetic_us = '/kɪŋ/', phonetic_uk = '/kɪŋ/', updated_at = CURRENT_TIMESTAMP WHERE id = 'king';
UPDATE vocabulary_pronunciations SET phonetic = CASE accent WHEN 'us' THEN '/kɪŋ/' WHEN 'uk' THEN '/kɪŋ/' ELSE phonetic END, phonetic_source = 'manual-curation-pending-review', updated_at = CURRENT_TIMESTAMP WHERE vocabulary_id = 'king' AND accent IN ('us', 'uk');
INSERT INTO vocabulary_senses (id, vocabulary_id, word, normalized_word, part_of_speech, meaning_zh, definition_en, usage_note, sense_order, level, publish_status, updated_at) VALUES ('king-sense-1', 'king', 'king', 'king', 'noun', '君主，国王', 'preeminence in a particular category or group or field', 'Learner bootstrap sense; WordNet-assisted and pending human review.', 1, NULL, 'active', CURRENT_TIMESTAMP) ON CONFLICT(id) DO UPDATE SET word = excluded.word, normalized_word = excluded.normalized_word, part_of_speech = excluded.part_of_speech, meaning_zh = excluded.meaning_zh, definition_en = excluded.definition_en, usage_note = excluded.usage_note, sense_order = excluded.sense_order, publish_status = excluded.publish_status, updated_at = CURRENT_TIMESTAMP;
INSERT INTO vocabulary_examples (id, vocabulary_id, word, normalized_word, sense_id, sentence_en, sentence_zh, source_type, source_ref, difficulty, example_order, publish_status, updated_at) VALUES ('king-example-1', 'king', 'king', 'king', 'king-sense-1', 'The lion is the king of beasts', '', 'imported', 'wordnet-3.0', 'easy', 1, 'active', CURRENT_TIMESTAMP) ON CONFLICT(id) DO UPDATE SET word = excluded.word, normalized_word = excluded.normalized_word, sense_id = excluded.sense_id, sentence_en = excluded.sentence_en, sentence_zh = excluded.sentence_zh, source_type = excluded.source_type, source_ref = excluded.source_ref, difficulty = excluded.difficulty, example_order = excluded.example_order, publish_status = excluded.publish_status, updated_at = CURRENT_TIMESTAMP;
INSERT INTO vocabulary_scenario_links (vocabulary_id, word, normalized_word, scenario_id, relevance, created_at) VALUES ('king', 'king', 'king', 'thinking', 70, CURRENT_TIMESTAMP) ON CONFLICT(vocabulary_id, scenario_id) DO UPDATE SET word = excluded.word, normalized_word = excluded.normalized_word, relevance = excluded.relevance;

UPDATE core_vocabulary SET word = 'interaction', meaning_zh = '相互作用', definition_en = 'a mutual or reciprocal action; interacting', primary_part_of_speech = 'noun', phonetic_us = '/ˌɪntɚˈækʃən/', phonetic_uk = '/ˌɪntəˈækʃən/', updated_at = CURRENT_TIMESTAMP WHERE id = 'interaction';
UPDATE vocabulary_pronunciations SET phonetic = CASE accent WHEN 'us' THEN '/ˌɪntɚˈækʃən/' WHEN 'uk' THEN '/ˌɪntəˈækʃən/' ELSE phonetic END, phonetic_source = 'manual-curation-pending-review', updated_at = CURRENT_TIMESTAMP WHERE vocabulary_id = 'interaction' AND accent IN ('us', 'uk');
INSERT INTO vocabulary_senses (id, vocabulary_id, word, normalized_word, part_of_speech, meaning_zh, definition_en, usage_note, sense_order, level, publish_status, updated_at) VALUES ('interaction-sense-1', 'interaction', 'interaction', 'interaction', 'noun', '相互作用', 'a mutual or reciprocal action; interacting', 'Learner bootstrap sense; WordNet-assisted and pending human review.', 1, NULL, 'active', CURRENT_TIMESTAMP) ON CONFLICT(id) DO UPDATE SET word = excluded.word, normalized_word = excluded.normalized_word, part_of_speech = excluded.part_of_speech, meaning_zh = excluded.meaning_zh, definition_en = excluded.definition_en, usage_note = excluded.usage_note, sense_order = excluded.sense_order, publish_status = excluded.publish_status, updated_at = CURRENT_TIMESTAMP;
INSERT INTO vocabulary_examples (id, vocabulary_id, word, normalized_word, sense_id, sentence_en, sentence_zh, source_type, source_ref, difficulty, example_order, publish_status, updated_at) VALUES ('interaction-example-1', 'interaction', 'interaction', 'interaction', 'interaction-sense-1', 'The interaction was important in the discussion.', '', 'generated', 'top-3000-public-content-v1-wordnet-assisted', 'easy', 1, 'active', CURRENT_TIMESTAMP) ON CONFLICT(id) DO UPDATE SET word = excluded.word, normalized_word = excluded.normalized_word, sense_id = excluded.sense_id, sentence_en = excluded.sentence_en, sentence_zh = excluded.sentence_zh, source_type = excluded.source_type, source_ref = excluded.source_ref, difficulty = excluded.difficulty, example_order = excluded.example_order, publish_status = excluded.publish_status, updated_at = CURRENT_TIMESTAMP;
INSERT INTO vocabulary_scenario_links (vocabulary_id, word, normalized_word, scenario_id, relevance, created_at) VALUES ('interaction', 'interaction', 'interaction', 'work', 70, CURRENT_TIMESTAMP) ON CONFLICT(vocabulary_id, scenario_id) DO UPDATE SET word = excluded.word, normalized_word = excluded.normalized_word, relevance = excluded.relevance;

UPDATE core_vocabulary SET word = 'repair', meaning_zh = '修理', definition_en = 'restore by replacing a part or putting together what is torn or broken', primary_part_of_speech = 'verb', phonetic_us = '/rɪpˈɛr/', phonetic_uk = '/rɪpˈeə/', updated_at = CURRENT_TIMESTAMP WHERE id = 'repair';
UPDATE vocabulary_pronunciations SET phonetic = CASE accent WHEN 'us' THEN '/rɪpˈɛr/' WHEN 'uk' THEN '/rɪpˈeə/' ELSE phonetic END, phonetic_source = 'manual-curation-pending-review', updated_at = CURRENT_TIMESTAMP WHERE vocabulary_id = 'repair' AND accent IN ('us', 'uk');
INSERT INTO vocabulary_senses (id, vocabulary_id, word, normalized_word, part_of_speech, meaning_zh, definition_en, usage_note, sense_order, level, publish_status, updated_at) VALUES ('repair-sense-1', 'repair', 'repair', 'repair', 'verb', '修理', 'restore by replacing a part or putting together what is torn or broken', 'Learner bootstrap sense; WordNet-assisted and pending human review.', 1, NULL, 'active', CURRENT_TIMESTAMP) ON CONFLICT(id) DO UPDATE SET word = excluded.word, normalized_word = excluded.normalized_word, part_of_speech = excluded.part_of_speech, meaning_zh = excluded.meaning_zh, definition_en = excluded.definition_en, usage_note = excluded.usage_note, sense_order = excluded.sense_order, publish_status = excluded.publish_status, updated_at = CURRENT_TIMESTAMP;
INSERT INTO vocabulary_examples (id, vocabulary_id, word, normalized_word, sense_id, sentence_en, sentence_zh, source_type, source_ref, difficulty, example_order, publish_status, updated_at) VALUES ('repair-example-1', 'repair', 'repair', 'repair', 'repair-sense-1', 'She repaired her TV set', '', 'imported', 'wordnet-3.0', 'easy', 1, 'active', CURRENT_TIMESTAMP) ON CONFLICT(id) DO UPDATE SET word = excluded.word, normalized_word = excluded.normalized_word, sense_id = excluded.sense_id, sentence_en = excluded.sentence_en, sentence_zh = excluded.sentence_zh, source_type = excluded.source_type, source_ref = excluded.source_ref, difficulty = excluded.difficulty, example_order = excluded.example_order, publish_status = excluded.publish_status, updated_at = CURRENT_TIMESTAMP;
INSERT INTO vocabulary_scenario_links (vocabulary_id, word, normalized_word, scenario_id, relevance, created_at) VALUES ('repair', 'repair', 'repair', 'problem-solving', 70, CURRENT_TIMESTAMP) ON CONFLICT(vocabulary_id, scenario_id) DO UPDATE SET word = excluded.word, normalized_word = excluded.normalized_word, relevance = excluded.relevance;

UPDATE core_vocabulary SET word = 'collapse', meaning_zh = '使倒塌，使瓦解', definition_en = 'break down, literally or metaphorically', primary_part_of_speech = 'verb', phonetic_us = '/kəlˈæps/', phonetic_uk = '/kəlˈæps/', updated_at = CURRENT_TIMESTAMP WHERE id = 'collapse';
UPDATE vocabulary_pronunciations SET phonetic = CASE accent WHEN 'us' THEN '/kəlˈæps/' WHEN 'uk' THEN '/kəlˈæps/' ELSE phonetic END, phonetic_source = 'manual-curation-pending-review', updated_at = CURRENT_TIMESTAMP WHERE vocabulary_id = 'collapse' AND accent IN ('us', 'uk');
INSERT INTO vocabulary_senses (id, vocabulary_id, word, normalized_word, part_of_speech, meaning_zh, definition_en, usage_note, sense_order, level, publish_status, updated_at) VALUES ('collapse-sense-1', 'collapse', 'collapse', 'collapse', 'verb', '使倒塌，使瓦解', 'break down, literally or metaphorically', 'Learner bootstrap sense; WordNet-assisted and pending human review.', 1, NULL, 'active', CURRENT_TIMESTAMP) ON CONFLICT(id) DO UPDATE SET word = excluded.word, normalized_word = excluded.normalized_word, part_of_speech = excluded.part_of_speech, meaning_zh = excluded.meaning_zh, definition_en = excluded.definition_en, usage_note = excluded.usage_note, sense_order = excluded.sense_order, publish_status = excluded.publish_status, updated_at = CURRENT_TIMESTAMP;
INSERT INTO vocabulary_examples (id, vocabulary_id, word, normalized_word, sense_id, sentence_en, sentence_zh, source_type, source_ref, difficulty, example_order, publish_status, updated_at) VALUES ('collapse-example-1', 'collapse', 'collapse', 'collapse', 'collapse-sense-1', 'They tried to collapse carefully.', '', 'generated', 'top-3000-public-content-v1-wordnet-assisted', 'easy', 1, 'active', CURRENT_TIMESTAMP) ON CONFLICT(id) DO UPDATE SET word = excluded.word, normalized_word = excluded.normalized_word, sense_id = excluded.sense_id, sentence_en = excluded.sentence_en, sentence_zh = excluded.sentence_zh, source_type = excluded.source_type, source_ref = excluded.source_ref, difficulty = excluded.difficulty, example_order = excluded.example_order, publish_status = excluded.publish_status, updated_at = CURRENT_TIMESTAMP;
INSERT INTO vocabulary_scenario_links (vocabulary_id, word, normalized_word, scenario_id, relevance, created_at) VALUES ('collapse', 'collapse', 'collapse', 'problem-solving', 70, CURRENT_TIMESTAMP) ON CONFLICT(vocabulary_id, scenario_id) DO UPDATE SET word = excluded.word, normalized_word = excluded.normalized_word, relevance = excluded.relevance;

UPDATE core_vocabulary SET word = 'borrow', meaning_zh = '借用', definition_en = 'get temporarily', primary_part_of_speech = 'verb', phonetic_us = '/ˈbɑrˌoʊ/', phonetic_uk = '/ˈbɑːˌoʊ/', updated_at = CURRENT_TIMESTAMP WHERE id = 'borrow';
UPDATE vocabulary_pronunciations SET phonetic = CASE accent WHEN 'us' THEN '/ˈbɑrˌoʊ/' WHEN 'uk' THEN '/ˈbɑːˌoʊ/' ELSE phonetic END, phonetic_source = 'manual-curation-pending-review', updated_at = CURRENT_TIMESTAMP WHERE vocabulary_id = 'borrow' AND accent IN ('us', 'uk');
INSERT INTO vocabulary_senses (id, vocabulary_id, word, normalized_word, part_of_speech, meaning_zh, definition_en, usage_note, sense_order, level, publish_status, updated_at) VALUES ('borrow-sense-1', 'borrow', 'borrow', 'borrow', 'verb', '借用', 'get temporarily', 'Learner bootstrap sense; WordNet-assisted and pending human review.', 1, NULL, 'active', CURRENT_TIMESTAMP) ON CONFLICT(id) DO UPDATE SET word = excluded.word, normalized_word = excluded.normalized_word, part_of_speech = excluded.part_of_speech, meaning_zh = excluded.meaning_zh, definition_en = excluded.definition_en, usage_note = excluded.usage_note, sense_order = excluded.sense_order, publish_status = excluded.publish_status, updated_at = CURRENT_TIMESTAMP;
INSERT INTO vocabulary_examples (id, vocabulary_id, word, normalized_word, sense_id, sentence_en, sentence_zh, source_type, source_ref, difficulty, example_order, publish_status, updated_at) VALUES ('borrow-example-1', 'borrow', 'borrow', 'borrow', 'borrow-sense-1', 'May I borrow your lawn mower?', '', 'imported', 'wordnet-3.0', 'easy', 1, 'active', CURRENT_TIMESTAMP) ON CONFLICT(id) DO UPDATE SET word = excluded.word, normalized_word = excluded.normalized_word, sense_id = excluded.sense_id, sentence_en = excluded.sentence_en, sentence_zh = excluded.sentence_zh, source_type = excluded.source_type, source_ref = excluded.source_ref, difficulty = excluded.difficulty, example_order = excluded.example_order, publish_status = excluded.publish_status, updated_at = CURRENT_TIMESTAMP;
INSERT INTO vocabulary_scenario_links (vocabulary_id, word, normalized_word, scenario_id, relevance, created_at) VALUES ('borrow', 'borrow', 'borrow', 'problem-solving', 70, CURRENT_TIMESTAMP) ON CONFLICT(vocabulary_id, scenario_id) DO UPDATE SET word = excluded.word, normalized_word = excluded.normalized_word, relevance = excluded.relevance;
